  TOUCH /Users/ziangwang/Sources/vibeos/target/node-runtime/fresh-57/source/node-v24.14.0/out/Release/obj.host/tools/v8_gypfiles/v8_config_headers.stamp
  TOUCH /Users/ziangwang/Sources/vibeos/target/node-runtime/fresh-57/source/node-v24.14.0/out/Release/obj.host/tools/v8_gypfiles/v8_heap_base_headers.stamp
  TOUCH /Users/ziangwang/Sources/vibeos/target/node-runtime/fresh-57/source/node-v24.14.0/out/Release/obj.host/tools/v8_gypfiles/v8_version.stamp
  CXX(host) /Users/ziangwang/Sources/vibeos/target/node-runtime/fresh-57/source/node-v24.14.0/out/Release/obj.host/abseil/deps/v8/third_party/abseil-cpp/absl/base/internal/cycleclock.o
  CXX(host) /Users/ziangwang/Sources/vibeos/target/node-runtime/fresh-57/source/node-v24.14.0/out/Release/obj.host/abseil/deps/v8/third_party/abseil-cpp/absl/base/internal/low_level_alloc.o
  CXX(host) /Users/ziangwang/Sources/vibeos/target/node-runtime/fresh-57/source/node-v24.14.0/out/Release/obj.host/abseil/deps/v8/third_party/abseil-cpp/absl/base/internal/poison.o
  CXX(host) /Users/ziangwang/Sources/vibeos/target/node-runtime/fresh-57/source/node-v24.14.0/out/Release/obj.host/abseil/deps/v8/third_party/abseil-cpp/absl/base/internal/raw_logging.o
  CXX(host) /Users/ziangwang/Sources/vibeos/target/node-runtime/fresh-57/source/node-v24.14.0/out/Release/obj.host/abseil/deps/v8/third_party/abseil-cpp/absl/base/internal/scoped_set_env.o
  CXX(host) /Users/ziangwang/Sources/vibeos/target/node-runtime/fresh-57/source/node-v24.14.0/out/Release/obj.host/abseil/deps/v8/third_party/abseil-cpp/absl/base/internal/spinlock.o
  CXX(host) /Users/ziangwang/Sources/vibeos/target/node-runtime/fresh-57/source/node-v24.14.0/out/Release/obj.host/abseil/deps/v8/third_party/abseil-cpp/absl/base/internal/spinlock_wait.o
  CXX(host) /Users/ziangwang/Sources/vibeos/target/node-runtime/fresh-57/source/node-v24.14.0/out/Release/obj.host/abseil/deps/v8/third_party/abseil-cpp/absl/base/internal/strerror.o
  CXX(host) /Users/ziangwang/Sources/vibeos/target/node-runtime/fresh-57/source/node-v24.14.0/out/Release/obj.host/abseil/deps/v8/third_party/abseil-cpp/absl/base/internal/sysinfo.o
  CXX(host) /Users/ziangwang/Sources/vibeos/target/node-runtime/fresh-57/source/node-v24.14.0/out/Release/obj.host/abseil/deps/v8/third_party/abseil-cpp/absl/base/internal/thread_identity.o
  CXX(host) /Users/ziangwang/Sources/vibeos/target/node-runtime/fresh-57/source/node-v24.14.0/out/Release/obj.host/abseil/deps/v8/third_party/abseil-cpp/absl/base/internal/throw_delegate.o
  CXX(host) /Users/ziangwang/Sources/vibeos/target/node-runtime/fresh-57/source/node-v24.14.0/out/Release/obj.host/abseil/deps/v8/third_party/abseil-cpp/absl/base/internal/tracing.o
  CXX(host) /Users/ziangwang/Sources/vibeos/target/node-runtime/fresh-57/source/node-v24.14.0/out/Release/obj.host/abseil/deps/v8/third_party/abseil-cpp/absl/base/internal/unscaledcycleclock.o
  CXX(host) /Users/ziangwang/Sources/vibeos/target/node-runtime/fresh-57/source/node-v24.14.0/out/Release/obj.host/abseil/deps/v8/third_party/abseil-cpp/absl/base/log_severity.o
  CXX(host) /Users/ziangwang/Sources/vibeos/target/node-runtime/fresh-57/source/node-v24.14.0/out/Release/obj.host/abseil/deps/v8/third_party/abseil-cpp/absl/container/internal/hashtablez_sampler.o
  CXX(host) /Users/ziangwang/Sources/vibeos/target/node-runtime/fresh-57/source/node-v24.14.0/out/Release/obj.host/abseil/deps/v8/third_party/abseil-cpp/absl/container/internal/hashtablez_sampler_force_weak_definition.o
  CXX(host) /Users/ziangwang/Sources/vibeos/target/node-runtime/fresh-57/source/node-v24.14.0/out/Release/obj.host/abseil/deps/v8/third_party/abseil-cpp/absl/container/internal/raw_hash_set.o
  CXX(host) /Users/ziangwang/Sources/vibeos/target/node-runtime/fresh-57/source/node-v24.14.0/out/Release/obj.host/abseil/deps/v8/third_party/abseil-cpp/absl/crc/crc32c.o
  CXX(host) /Users/ziangwang/Sources/vibeos/target/node-runtime/fresh-57/source/node-v24.14.0/out/Release/obj.host/abseil/deps/v8/third_party/abseil-cpp/absl/crc/internal/cpu_detect.o
  CXX(host) /Users/ziangwang/Sources/vibeos/target/node-runtime/fresh-57/source/node-v24.14.0/out/Release/obj.host/abseil/deps/v8/third_party/abseil-cpp/absl/crc/internal/crc.o
  CXX(host) /Users/ziangwang/Sources/vibeos/target/node-runtime/fresh-57/source/node-v24.14.0/out/Release/obj.host/abseil/deps/v8/third_party/abseil-cpp/absl/crc/internal/crc_cord_state.o
  CXX(host) /Users/ziangwang/Sources/vibeos/target/node-runtime/fresh-57/source/node-v24.14.0/out/Release/obj.host/abseil/deps/v8/third_party/abseil-cpp/absl/crc/internal/crc_memcpy_fallback.o
  CXX(host) /Users/ziangwang/Sources/vibeos/target/node-runtime/fresh-57/source/node-v24.14.0/out/Release/obj.host/abseil/deps/v8/third_party/abseil-cpp/absl/crc/internal/crc_memcpy_x86_arm_combined.o
  CXX(host) /Users/ziangwang/Sources/vibeos/target/node-runtime/fresh-57/source/node-v24.14.0/out/Release/obj.host/abseil/deps/v8/third_party/abseil-cpp/absl/crc/internal/crc_non_temporal_memcpy.o
  CXX(host) /Users/ziangwang/Sources/vibeos/target/node-runtime/fresh-57/source/node-v24.14.0/out/Release/obj.host/abseil/deps/v8/third_party/abseil-cpp/absl/crc/internal/crc_x86_arm_combined.o
  CXX(host) /Users/ziangwang/Sources/vibeos/target/node-runtime/fresh-57/source/node-v24.14.0/out/Release/obj.host/abseil/deps/v8/third_party/abseil-cpp/absl/debugging/failure_signal_handler.o
  CXX(host) /Users/ziangwang/Sources/vibeos/target/node-runtime/fresh-57/source/node-v24.14.0/out/Release/obj.host/abseil/deps/v8/third_party/abseil-cpp/absl/debugging/internal/address_is_readable.o
  CXX(host) /Users/ziangwang/Sources/vibeos/target/node-runtime/fresh-57/source/node-v24.14.0/out/Release/obj.host/abseil/deps/v8/third_party/abseil-cpp/absl/debugging/internal/decode_rust_punycode.o
  CXX(host) /Users/ziangwang/Sources/vibeos/target/node-runtime/fresh-57/source/node-v24.14.0/out/Release/obj.host/abseil/deps/v8/third_party/abseil-cpp/absl/debugging/internal/demangle.o
  CXX(host) /Users/ziangwang/Sources/vibeos/target/node-runtime/fresh-57/source/node-v24.14.0/out/Release/obj.host/abseil/deps/v8/third_party/abseil-cpp/absl/debugging/internal/demangle_rust.o
  CXX(host) /Users/ziangwang/Sources/vibeos/target/node-runtime/fresh-57/source/node-v24.14.0/out/Release/obj.host/abseil/deps/v8/third_party/abseil-cpp/absl/debugging/internal/elf_mem_image.o
  CXX(host) /Users/ziangwang/Sources/vibeos/target/node-runtime/fresh-57/source/node-v24.14.0/out/Release/obj.host/abseil/deps/v8/third_party/abseil-cpp/absl/debugging/internal/examine_stack.o
  CXX(host) /Users/ziangwang/Sources/vibeos/target/node-runtime/fresh-57/source/node-v24.14.0/out/Release/obj.host/abseil/deps/v8/third_party/abseil-cpp/absl/debugging/internal/stack_consumption.o
  CXX(host) /Users/ziangwang/Sources/vibeos/target/node-runtime/fresh-57/source/node-v24.14.0/out/Release/obj.host/abseil/deps/v8/third_party/abseil-cpp/absl/debugging/internal/utf8_for_code_point.o
  CXX(host) /Users/ziangwang/Sources/vibeos/target/node-runtime/fresh-57/source/node-v24.14.0/out/Release/obj.host/abseil/deps/v8/third_party/abseil-cpp/absl/debugging/internal/vdso_support.o
  CXX(host) /Users/ziangwang/Sources/vibeos/target/node-runtime/fresh-57/source/node-v24.14.0/out/Release/obj.host/abseil/deps/v8/third_party/abseil-cpp/absl/debugging/leak_check.o
  CXX(host) /Users/ziangwang/Sources/vibeos/target/node-runtime/fresh-57/source/node-v24.14.0/out/Release/obj.host/abseil/deps/v8/third_party/abseil-cpp/absl/debugging/stacktrace.o
  CXX(host) /Users/ziangwang/Sources/vibeos/target/node-runtime/fresh-57/source/node-v24.14.0/out/Release/obj.host/abseil/deps/v8/third_party/abseil-cpp/absl/debugging/symbolize.o
  CXX(host) /Users/ziangwang/Sources/vibeos/target/node-runtime/fresh-57/source/node-v24.14.0/out/Release/obj.host/abseil/deps/v8/third_party/abseil-cpp/absl/hash/internal/city.o
  CXX(host) /Users/ziangwang/Sources/vibeos/target/node-runtime/fresh-57/source/node-v24.14.0/out/Release/obj.host/abseil/deps/v8/third_party/abseil-cpp/absl/hash/internal/hash.o
  CXX(host) /Users/ziangwang/Sources/vibeos/target/node-runtime/fresh-57/source/node-v24.14.0/out/Release/obj.host/abseil/deps/v8/third_party/abseil-cpp/absl/hash/internal/low_level_hash.o
  CXX(host) /Users/ziangwang/Sources/vibeos/target/node-runtime/fresh-57/source/node-v24.14.0/out/Release/obj.host/abseil/deps/v8/third_party/abseil-cpp/absl/numeric/int128.o
  CXX(host) /Users/ziangwang/Sources/vibeos/target/node-runtime/fresh-57/source/node-v24.14.0/out/Release/obj.host/abseil/deps/v8/third_party/abseil-cpp/absl/profiling/internal/exponential_biased.o
  CXX(host) /Users/ziangwang/Sources/vibeos/target/node-runtime/fresh-57/source/node-v24.14.0/out/Release/obj.host/abseil/deps/v8/third_party/abseil-cpp/absl/profiling/internal/periodic_sampler.o
  CXX(host) /Users/ziangwang/Sources/vibeos/target/node-runtime/fresh-57/source/node-v24.14.0/out/Release/obj.host/abseil/deps/v8/third_party/abseil-cpp/absl/strings/ascii.o
  CXX(host) /Users/ziangwang/Sources/vibeos/target/node-runtime/fresh-57/source/node-v24.14.0/out/Release/obj.host/abseil/deps/v8/third_party/abseil-cpp/absl/strings/charconv.o
  CXX(host) /Users/ziangwang/Sources/vibeos/target/node-runtime/fresh-57/source/node-v24.14.0/out/Release/obj.host/abseil/deps/v8/third_party/abseil-cpp/absl/strings/cord.o
  CXX(host) /Users/ziangwang/Sources/vibeos/target/node-runtime/fresh-57/source/node-v24.14.0/out/Release/obj.host/abseil/deps/v8/third_party/abseil-cpp/absl/strings/cord_analysis.o
  CXX(host) /Users/ziangwang/Sources/vibeos/target/node-runtime/fresh-57/source/node-v24.14.0/out/Release/obj.host/abseil/deps/v8/third_party/abseil-cpp/absl/strings/escaping.o
  CXX(host) /Users/ziangwang/Sources/vibeos/target/node-runtime/fresh-57/source/node-v24.14.0/out/Release/obj.host/abseil/deps/v8/third_party/abseil-cpp/absl/strings/internal/charconv_bigint.o
  CXX(host) /Users/ziangwang/Sources/vibeos/target/node-runtime/fresh-57/source/node-v24.14.0/out/Release/obj.host/abseil/deps/v8/third_party/abseil-cpp/absl/strings/internal/charconv_parse.o
  CXX(host) /Users/ziangwang/Sources/vibeos/target/node-runtime/fresh-57/source/node-v24.14.0/out/Release/obj.host/abseil/deps/v8/third_party/abseil-cpp/absl/strings/internal/cord_internal.o
  CXX(host) /Users/ziangwang/Sources/vibeos/target/node-runtime/fresh-57/source/node-v24.14.0/out/Release/obj.host/abseil/deps/v8/third_party/abseil-cpp/absl/strings/internal/cord_rep_btree.o
  CXX(host) /Users/ziangwang/Sources/vibeos/target/node-runtime/fresh-57/source/node-v24.14.0/out/Release/obj.host/abseil/deps/v8/third_party/abseil-cpp/absl/strings/internal/cord_rep_btree_navigator.o
  CXX(host) /Users/ziangwang/Sources/vibeos/target/node-runtime/fresh-57/source/node-v24.14.0/out/Release/obj.host/abseil/deps/v8/third_party/abseil-cpp/absl/strings/internal/cord_rep_btree_reader.o
  CXX(host) /Users/ziangwang/Sources/vibeos/target/node-runtime/fresh-57/source/node-v24.14.0/out/Release/obj.host/abseil/deps/v8/third_party/abseil-cpp/absl/strings/internal/cord_rep_consume.o
  CXX(host) /Users/ziangwang/Sources/vibeos/target/node-runtime/fresh-57/source/node-v24.14.0/out/Release/obj.host/abseil/deps/v8/third_party/abseil-cpp/absl/strings/internal/cord_rep_crc.o
  CXX(host) /Users/ziangwang/Sources/vibeos/target/node-runtime/fresh-57/source/node-v24.14.0/out/Release/obj.host/abseil/deps/v8/third_party/abseil-cpp/absl/strings/internal/cordz_functions.o
  CXX(host) /Users/ziangwang/Sources/vibeos/target/node-runtime/fresh-57/source/node-v24.14.0/out/Release/obj.host/abseil/deps/v8/third_party/abseil-cpp/absl/strings/internal/cordz_handle.o
  CXX(host) /Users/ziangwang/Sources/vibeos/target/node-runtime/fresh-57/source/node-v24.14.0/out/Release/obj.host/abseil/deps/v8/third_party/abseil-cpp/absl/strings/internal/cordz_info.o
  CXX(host) /Users/ziangwang/Sources/vibeos/target/node-runtime/fresh-57/source/node-v24.14.0/out/Release/obj.host/abseil/deps/v8/third_party/abseil-cpp/absl/strings/internal/cordz_sample_token.o
  CXX(host) /Users/ziangwang/Sources/vibeos/target/node-runtime/fresh-57/source/node-v24.14.0/out/Release/obj.host/abseil/deps/v8/third_party/abseil-cpp/absl/strings/internal/damerau_levenshtein_distance.o
  CXX(host) /Users/ziangwang/Sources/vibeos/target/node-runtime/fresh-57/source/node-v24.14.0/out/Release/obj.host/abseil/deps/v8/third_party/abseil-cpp/absl/strings/internal/escaping.o
  CXX(host) /Users/ziangwang/Sources/vibeos/target/node-runtime/fresh-57/source/node-v24.14.0/out/Release/obj.host/abseil/deps/v8/third_party/abseil-cpp/absl/strings/internal/memutil.o
  CXX(host) /Users/ziangwang/Sources/vibeos/target/node-runtime/fresh-57/source/node-v24.14.0/out/Release/obj.host/abseil/deps/v8/third_party/abseil-cpp/absl/strings/internal/ostringstream.o
  CXX(host) /Users/ziangwang/Sources/vibeos/target/node-runtime/fresh-57/source/node-v24.14.0/out/Release/obj.host/abseil/deps/v8/third_party/abseil-cpp/absl/strings/internal/pow10_helper.o
  CXX(host) /Users/ziangwang/Sources/vibeos/target/node-runtime/fresh-57/source/node-v24.14.0/out/Release/obj.host/abseil/deps/v8/third_party/abseil-cpp/absl/strings/internal/str_format/arg.o
  CXX(host) /Users/ziangwang/Sources/vibeos/target/node-runtime/fresh-57/source/node-v24.14.0/out/Release/obj.host/abseil/deps/v8/third_party/abseil-cpp/absl/strings/internal/str_format/bind.o
  CXX(host) /Users/ziangwang/Sources/vibeos/target/node-runtime/fresh-57/source/node-v24.14.0/out/Release/obj.host/abseil/deps/v8/third_party/abseil-cpp/absl/strings/internal/str_format/extension.o
  CXX(host) /Users/ziangwang/Sources/vibeos/target/node-runtime/fresh-57/source/node-v24.14.0/out/Release/obj.host/abseil/deps/v8/third_party/abseil-cpp/absl/strings/internal/str_format/float_conversion.o
  CXX(host) /Users/ziangwang/Sources/vibeos/target/node-runtime/fresh-57/source/node-v24.14.0/out/Release/obj.host/abseil/deps/v8/third_party/abseil-cpp/absl/strings/internal/str_format/output.o
  CXX(host) /Users/ziangwang/Sources/vibeos/target/node-runtime/fresh-57/source/node-v24.14.0/out/Release/obj.host/abseil/deps/v8/third_party/abseil-cpp/absl/strings/internal/str_format/parser.o
  CXX(host) /Users/ziangwang/Sources/vibeos/target/node-runtime/fresh-57/source/node-v24.14.0/out/Release/obj.host/abseil/deps/v8/third_party/abseil-cpp/absl/strings/internal/stringify_sink.o
  CXX(host) /Users/ziangwang/Sources/vibeos/target/node-runtime/fresh-57/source/node-v24.14.0/out/Release/obj.host/abseil/deps/v8/third_party/abseil-cpp/absl/strings/internal/utf8.o
  CXX(host) /Users/ziangwang/Sources/vibeos/target/node-runtime/fresh-57/source/node-v24.14.0/out/Release/obj.host/abseil/deps/v8/third_party/abseil-cpp/absl/strings/match.o
  CXX(host) /Users/ziangwang/Sources/vibeos/target/node-runtime/fresh-57/source/node-v24.14.0/out/Release/obj.host/abseil/deps/v8/third_party/abseil-cpp/absl/strings/numbers.o
  CXX(host) /Users/ziangwang/Sources/vibeos/target/node-runtime/fresh-57/source/node-v24.14.0/out/Release/obj.host/abseil/deps/v8/third_party/abseil-cpp/absl/strings/str_cat.o
  CXX(host) /Users/ziangwang/Sources/vibeos/target/node-runtime/fresh-57/source/node-v24.14.0/out/Release/obj.host/abseil/deps/v8/third_party/abseil-cpp/absl/strings/str_replace.o
  CXX(host) /Users/ziangwang/Sources/vibeos/target/node-runtime/fresh-57/source/node-v24.14.0/out/Release/obj.host/abseil/deps/v8/third_party/abseil-cpp/absl/strings/str_split.o
  CXX(host) /Users/ziangwang/Sources/vibeos/target/node-runtime/fresh-57/source/node-v24.14.0/out/Release/obj.host/abseil/deps/v8/third_party/abseil-cpp/absl/strings/string_view.o
  CXX(host) /Users/ziangwang/Sources/vibeos/target/node-runtime/fresh-57/source/node-v24.14.0/out/Release/obj.host/abseil/deps/v8/third_party/abseil-cpp/absl/strings/substitute.o
  CXX(host) /Users/ziangwang/Sources/vibeos/target/node-runtime/fresh-57/source/node-v24.14.0/out/Release/obj.host/abseil/deps/v8/third_party/abseil-cpp/absl/synchronization/barrier.o
  CXX(host) /Users/ziangwang/Sources/vibeos/target/node-runtime/fresh-57/source/node-v24.14.0/out/Release/obj.host/abseil/deps/v8/third_party/abseil-cpp/absl/synchronization/blocking_counter.o
  CXX(host) /Users/ziangwang/Sources/vibeos/target/node-runtime/fresh-57/source/node-v24.14.0/out/Release/obj.host/abseil/deps/v8/third_party/abseil-cpp/absl/synchronization/internal/create_thread_identity.o
  CXX(host) /Users/ziangwang/Sources/vibeos/target/node-runtime/fresh-57/source/node-v24.14.0/out/Release/obj.host/abseil/deps/v8/third_party/abseil-cpp/absl/synchronization/internal/futex_waiter.o
  CXX(host) /Users/ziangwang/Sources/vibeos/target/node-runtime/fresh-57/source/node-v24.14.0/out/Release/obj.host/abseil/deps/v8/third_party/abseil-cpp/absl/synchronization/internal/graphcycles.o
  CXX(host) /Users/ziangwang/Sources/vibeos/target/node-runtime/fresh-57/source/node-v24.14.0/out/Release/obj.host/abseil/deps/v8/third_party/abseil-cpp/absl/synchronization/internal/kernel_timeout.o
  CXX(host) /Users/ziangwang/Sources/vibeos/target/node-runtime/fresh-57/source/node-v24.14.0/out/Release/obj.host/abseil/deps/v8/third_party/abseil-cpp/absl/synchronization/internal/per_thread_sem.o
  CXX(host) /Users/ziangwang/Sources/vibeos/target/node-runtime/fresh-57/source/node-v24.14.0/out/Release/obj.host/abseil/deps/v8/third_party/abseil-cpp/absl/synchronization/internal/pthread_waiter.o
  CXX(host) /Users/ziangwang/Sources/vibeos/target/node-runtime/fresh-57/source/node-v24.14.0/out/Release/obj.host/abseil/deps/v8/third_party/abseil-cpp/absl/synchronization/internal/sem_waiter.o
  CXX(host) /Users/ziangwang/Sources/vibeos/target/node-runtime/fresh-57/source/node-v24.14.0/out/Release/obj.host/abseil/deps/v8/third_party/abseil-cpp/absl/synchronization/internal/stdcpp_waiter.o
  CXX(host) /Users/ziangwang/Sources/vibeos/target/node-runtime/fresh-57/source/node-v24.14.0/out/Release/obj.host/abseil/deps/v8/third_party/abseil-cpp/absl/synchronization/internal/waiter_base.o
  CXX(host) /Users/ziangwang/Sources/vibeos/target/node-runtime/fresh-57/source/node-v24.14.0/out/Release/obj.host/abseil/deps/v8/third_party/abseil-cpp/absl/synchronization/internal/win32_waiter.o
  CXX(host) /Users/ziangwang/Sources/vibeos/target/node-runtime/fresh-57/source/node-v24.14.0/out/Release/obj.host/abseil/deps/v8/third_party/abseil-cpp/absl/synchronization/mutex.o
  CXX(host) /Users/ziangwang/Sources/vibeos/target/node-runtime/fresh-57/source/node-v24.14.0/out/Release/obj.host/abseil/deps/v8/third_party/abseil-cpp/absl/synchronization/notification.o
  CXX(host) /Users/ziangwang/Sources/vibeos/target/node-runtime/fresh-57/source/node-v24.14.0/out/Release/obj.host/abseil/deps/v8/third_party/abseil-cpp/absl/time/civil_time.o
  CXX(host) /Users/ziangwang/Sources/vibeos/target/node-runtime/fresh-57/source/node-v24.14.0/out/Release/obj.host/abseil/deps/v8/third_party/abseil-cpp/absl/time/clock.o
  CXX(host) /Users/ziangwang/Sources/vibeos/target/node-runtime/fresh-57/source/node-v24.14.0/out/Release/obj.host/abseil/deps/v8/third_party/abseil-cpp/absl/time/duration.o
  CXX(host) /Users/ziangwang/Sources/vibeos/target/node-runtime/fresh-57/source/node-v24.14.0/out/Release/obj.host/abseil/deps/v8/third_party/abseil-cpp/absl/time/format.o
  CXX(host) /Users/ziangwang/Sources/vibeos/target/node-runtime/fresh-57/source/node-v24.14.0/out/Release/obj.host/abseil/deps/v8/third_party/abseil-cpp/absl/time/internal/cctz/src/civil_time_detail.o
  CXX(host) /Users/ziangwang/Sources/vibeos/target/node-runtime/fresh-57/source/node-v24.14.0/out/Release/obj.host/abseil/deps/v8/third_party/abseil-cpp/absl/time/internal/cctz/src/time_zone_fixed.o
  CXX(host) /Users/ziangwang/Sources/vibeos/target/node-runtime/fresh-57/source/node-v24.14.0/out/Release/obj.host/abseil/deps/v8/third_party/abseil-cpp/absl/time/internal/cctz/src/time_zone_format.o
  CXX(host) /Users/ziangwang/Sources/vibeos/target/node-runtime/fresh-57/source/node-v24.14.0/out/Release/obj.host/abseil/deps/v8/third_party/abseil-cpp/absl/time/internal/cctz/src/time_zone_if.o
  CXX(host) /Users/ziangwang/Sources/vibeos/target/node-runtime/fresh-57/source/node-v24.14.0/out/Release/obj.host/abseil/deps/v8/third_party/abseil-cpp/absl/time/internal/cctz/src/time_zone_impl.o
  CXX(host) /Users/ziangwang/Sources/vibeos/target/node-runtime/fresh-57/source/node-v24.14.0/out/Release/obj.host/abseil/deps/v8/third_party/abseil-cpp/absl/time/internal/cctz/src/time_zone_info.o
  CXX(host) /Users/ziangwang/Sources/vibeos/target/node-runtime/fresh-57/source/node-v24.14.0/out/Release/obj.host/abseil/deps/v8/third_party/abseil-cpp/absl/time/internal/cctz/src/time_zone_libc.o
  CXX(host) /Users/ziangwang/Sources/vibeos/target/node-runtime/fresh-57/source/node-v24.14.0/out/Release/obj.host/abseil/deps/v8/third_party/abseil-cpp/absl/time/internal/cctz/src/time_zone_lookup.o
  CXX(host) /Users/ziangwang/Sources/vibeos/target/node-runtime/fresh-57/source/node-v24.14.0/out/Release/obj.host/abseil/deps/v8/third_party/abseil-cpp/absl/time/internal/cctz/src/time_zone_posix.o
  CXX(host) /Users/ziangwang/Sources/vibeos/target/node-runtime/fresh-57/source/node-v24.14.0/out/Release/obj.host/abseil/deps/v8/third_party/abseil-cpp/absl/time/internal/cctz/src/zone_info_source.o
  CXX(host) /Users/ziangwang/Sources/vibeos/target/node-runtime/fresh-57/source/node-v24.14.0/out/Release/obj.host/abseil/deps/v8/third_party/abseil-cpp/absl/time/time.o
  TOUCH /Users/ziangwang/Sources/vibeos/target/node-runtime/fresh-57/source/node-v24.14.0/out/Release/obj.host/tools/v8_gypfiles/torque_runtime_support.stamp
  TOUCH /Users/ziangwang/Sources/vibeos/target/node-runtime/fresh-57/source/node-v24.14.0/out/Release/obj.host/tools/v8_gypfiles/v8_maybe_icu.stamp
  TOUCH /Users/ziangwang/Sources/vibeos/target/node-runtime/fresh-57/source/node-v24.14.0/out/Release/obj.host/tools/v8_gypfiles/fp16.stamp
  TOUCH /Users/ziangwang/Sources/vibeos/target/node-runtime/fresh-57/source/node-v24.14.0/out/Release/obj.host/tools/v8_gypfiles/v8_bigint.stamp
  TOUCH /Users/ziangwang/Sources/vibeos/target/node-runtime/fresh-57/source/node-v24.14.0/out/Release/obj.host/tools/v8_gypfiles/v8_heap_base.stamp
  ACTION Checking inspector protocol compatibility /Users/ziangwang/Sources/vibeos/target/node-runtime/fresh-57/source/node-v24.14.0/out/Release/obj/gen/inspector-generated-output-root/src/js_protocol.stamp
  TOUCH ced49d01b3928013dfbebee8860351214754d38e2affe8b2d8e6b7992b11a86f.intermediate
  ACTION Generating inspector protocol sources from protocol json ced49d01b3928013dfbebee8860351214754d38e2affe8b2d8e6b7992b11a86f.intermediate
  TOUCH 771d00e7e2b989dd19c3f52975460ce5e8d8fdfeae5c1646b7b06b924b5d9d5c.intermediate
  ACTION Generating inspector protocol sources from protocol json 771d00e7e2b989dd19c3f52975460ce5e8d8fdfeae5c1646b7b06b924b5d9d5c.intermediate
  TOUCH /Users/ziangwang/Sources/vibeos/target/node-runtime/fresh-57/source/node-v24.14.0/out/Release/obj.host/tools/v8_gypfiles/cppgc_base.stamp
  TOUCH /Users/ziangwang/Sources/vibeos/target/node-runtime/fresh-57/source/node-v24.14.0/out/Release/obj.host/tools/v8_gypfiles/v8_pch.stamp
  TOUCH /Users/ziangwang/Sources/vibeos/target/node-runtime/fresh-57/source/node-v24.14.0/out/Release/obj.host/tools/v8_gypfiles/v8_compiler_sources.stamp
  CXX(host) /Users/ziangwang/Sources/vibeos/target/node-runtime/fresh-57/source/node-v24.14.0/out/Release/obj.host/v8_libplatform/deps/v8/src/libplatform/default-foreground-task-runner.o
  CXX(host) /Users/ziangwang/Sources/vibeos/target/node-runtime/fresh-57/source/node-v24.14.0/out/Release/obj.host/v8_libplatform/deps/v8/src/libplatform/default-job.o
  CXX(host) /Users/ziangwang/Sources/vibeos/target/node-runtime/fresh-57/source/node-v24.14.0/out/Release/obj.host/v8_libplatform/deps/v8/src/libplatform/default-platform.o
  CXX(host) /Users/ziangwang/Sources/vibeos/target/node-runtime/fresh-57/source/node-v24.14.0/out/Release/obj.host/v8_libplatform/deps/v8/src/libplatform/default-thread-isolated-allocator.o
  CXX(host) /Users/ziangwang/Sources/vibeos/target/node-runtime/fresh-57/source/node-v24.14.0/out/Release/obj.host/v8_libplatform/deps/v8/src/libplatform/default-worker-threads-task-runner.o
  CXX(host) /Users/ziangwang/Sources/vibeos/target/node-runtime/fresh-57/source/node-v24.14.0/out/Release/obj.host/v8_libplatform/deps/v8/src/libplatform/delayed-task-queue.o
  CXX(host) /Users/ziangwang/Sources/vibeos/target/node-runtime/fresh-57/source/node-v24.14.0/out/Release/obj.host/v8_libplatform/deps/v8/src/libplatform/task-queue.o
  CXX(host) /Users/ziangwang/Sources/vibeos/target/node-runtime/fresh-57/source/node-v24.14.0/out/Release/obj.host/v8_libplatform/deps/v8/src/libplatform/tracing/trace-buffer.o
  CXX(host) /Users/ziangwang/Sources/vibeos/target/node-runtime/fresh-57/source/node-v24.14.0/out/Release/obj.host/v8_libplatform/deps/v8/src/libplatform/tracing/trace-config.o
  CXX(host) /Users/ziangwang/Sources/vibeos/target/node-runtime/fresh-57/source/node-v24.14.0/out/Release/obj.host/v8_libplatform/deps/v8/src/libplatform/tracing/trace-object.o
  CXX(host) /Users/ziangwang/Sources/vibeos/target/node-runtime/fresh-57/source/node-v24.14.0/out/Release/obj.host/v8_libplatform/deps/v8/src/libplatform/tracing/trace-writer.o
  CXX(host) /Users/ziangwang/Sources/vibeos/target/node-runtime/fresh-57/source/node-v24.14.0/out/Release/obj.host/v8_libplatform/deps/v8/src/libplatform/tracing/tracing-controller.o
  CXX(host) /Users/ziangwang/Sources/vibeos/target/node-runtime/fresh-57/source/node-v24.14.0/out/Release/obj.host/v8_libplatform/deps/v8/src/libplatform/worker-thread.o
  CC(host) /Users/ziangwang/Sources/vibeos/target/node-runtime/fresh-57/source/node-v24.14.0/out/Release/obj.host/v8_zlib/deps/v8/third_party/zlib/adler32.o
  CC(host) /Users/ziangwang/Sources/vibeos/target/node-runtime/fresh-57/source/node-v24.14.0/out/Release/obj.host/v8_zlib/deps/v8/third_party/zlib/compress.o
  CC(host) /Users/ziangwang/Sources/vibeos/target/node-runtime/fresh-57/source/node-v24.14.0/out/Release/obj.host/v8_zlib/deps/v8/third_party/zlib/cpu_features.o
  CC(host) /Users/ziangwang/Sources/vibeos/target/node-runtime/fresh-57/source/node-v24.14.0/out/Release/obj.host/v8_zlib/deps/v8/third_party/zlib/crc32.o
  CC(host) /Users/ziangwang/Sources/vibeos/target/node-runtime/fresh-57/source/node-v24.14.0/out/Release/obj.host/v8_zlib/deps/v8/third_party/zlib/deflate.o
  CC(host) /Users/ziangwang/Sources/vibeos/target/node-runtime/fresh-57/source/node-v24.14.0/out/Release/obj.host/v8_zlib/deps/v8/third_party/zlib/gzclose.o
  CC(host) /Users/ziangwang/Sources/vibeos/target/node-runtime/fresh-57/source/node-v24.14.0/out/Release/obj.host/v8_zlib/deps/v8/third_party/zlib/gzlib.o
  CC(host) /Users/ziangwang/Sources/vibeos/target/node-runtime/fresh-57/source/node-v24.14.0/out/Release/obj.host/v8_zlib/deps/v8/third_party/zlib/gzread.o
  CC(host) /Users/ziangwang/Sources/vibeos/target/node-runtime/fresh-57/source/node-v24.14.0/out/Release/obj.host/v8_zlib/deps/v8/third_party/zlib/gzwrite.o
  CC(host) /Users/ziangwang/Sources/vibeos/target/node-runtime/fresh-57/source/node-v24.14.0/out/Release/obj.host/v8_zlib/deps/v8/third_party/zlib/infback.o
  CC(host) /Users/ziangwang/Sources/vibeos/target/node-runtime/fresh-57/source/node-v24.14.0/out/Release/obj.host/v8_zlib/deps/v8/third_party/zlib/inffast.o
  CC(host) /Users/ziangwang/Sources/vibeos/target/node-runtime/fresh-57/source/node-v24.14.0/out/Release/obj.host/v8_zlib/deps/v8/third_party/zlib/inflate.o
  CC(host) /Users/ziangwang/Sources/vibeos/target/node-runtime/fresh-57/source/node-v24.14.0/out/Release/obj.host/v8_zlib/deps/v8/third_party/zlib/inftrees.o
  CC(host) /Users/ziangwang/Sources/vibeos/target/node-runtime/fresh-57/source/node-v24.14.0/out/Release/obj.host/v8_zlib/deps/v8/third_party/zlib/trees.o
  CC(host) /Users/ziangwang/Sources/vibeos/target/node-runtime/fresh-57/source/node-v24.14.0/out/Release/obj.host/v8_zlib/deps/v8/third_party/zlib/uncompr.o
  CC(host) /Users/ziangwang/Sources/vibeos/target/node-runtime/fresh-57/source/node-v24.14.0/out/Release/obj.host/v8_zlib/deps/v8/third_party/zlib/zutil.o
  CXX(host) /Users/ziangwang/Sources/vibeos/target/node-runtime/fresh-57/source/node-v24.14.0/out/Release/obj.host/v8_zlib/deps/v8/third_party/zlib/google/compression_utils_portable.o
  CXX(host) /Users/ziangwang/Sources/vibeos/target/node-runtime/fresh-57/source/node-v24.14.0/out/Release/obj.host/highway/deps/v8/third_party/highway/src/hwy/abort.o
  CXX(host) /Users/ziangwang/Sources/vibeos/target/node-runtime/fresh-57/source/node-v24.14.0/out/Release/obj.host/highway/deps/v8/third_party/highway/src/hwy/aligned_allocator.o
  CXX(host) /Users/ziangwang/Sources/vibeos/target/node-runtime/fresh-57/source/node-v24.14.0/out/Release/obj.host/highway/deps/v8/third_party/highway/src/hwy/per_target.o
  CXX(host) /Users/ziangwang/Sources/vibeos/target/node-runtime/fresh-57/source/node-v24.14.0/out/Release/obj.host/highway/deps/v8/third_party/highway/src/hwy/print.o
  CXX(host) /Users/ziangwang/Sources/vibeos/target/node-runtime/fresh-57/source/node-v24.14.0/out/Release/obj.host/highway/deps/v8/third_party/highway/src/hwy/stats.o
  CXX(host) /Users/ziangwang/Sources/vibeos/target/node-runtime/fresh-57/source/node-v24.14.0/out/Release/obj.host/highway/deps/v8/third_party/highway/src/hwy/targets.o
  CXX(host) /Users/ziangwang/Sources/vibeos/target/node-runtime/fresh-57/source/node-v24.14.0/out/Release/obj.host/highway/deps/v8/third_party/highway/src/hwy/timer.o
  CXX(host) /Users/ziangwang/Sources/vibeos/target/node-runtime/fresh-57/source/node-v24.14.0/out/Release/obj.host/simdutf/deps/v8/third_party/simdutf/simdutf.o
  TOUCH /Users/ziangwang/Sources/vibeos/target/node-runtime/fresh-57/source/node-v24.14.0/out/Release/obj.target/tools/v8_gypfiles/v8_maybe_icu.stamp
  TOUCH /Users/ziangwang/Sources/vibeos/target/node-runtime/fresh-57/source/node-v24.14.0/out/Release/obj.target/tools/v8_gypfiles/torque_runtime_support.stamp
  TOUCH /Users/ziangwang/Sources/vibeos/target/node-runtime/fresh-57/source/node-v24.14.0/out/Release/obj.target/tools/v8_gypfiles/v8_config_headers.stamp
  TOUCH /Users/ziangwang/Sources/vibeos/target/node-runtime/fresh-57/source/node-v24.14.0/out/Release/obj.target/tools/v8_gypfiles/v8_heap_base_headers.stamp
  TOUCH /Users/ziangwang/Sources/vibeos/target/node-runtime/fresh-57/source/node-v24.14.0/out/Release/obj.target/tools/v8_gypfiles/v8_version.stamp
  TOUCH /Users/ziangwang/Sources/vibeos/target/node-runtime/fresh-57/source/node-v24.14.0/out/Release/obj.target/tools/v8_gypfiles/fp16.stamp
  CXX(target) /Users/ziangwang/Sources/vibeos/target/node-runtime/fresh-57/source/node-v24.14.0/out/Release/obj.target/abseil/deps/v8/third_party/abseil-cpp/absl/base/internal/cycleclock.o
  CXX(target) /Users/ziangwang/Sources/vibeos/target/node-runtime/fresh-57/source/node-v24.14.0/out/Release/obj.target/abseil/deps/v8/third_party/abseil-cpp/absl/base/internal/low_level_alloc.o
  CXX(target) /Users/ziangwang/Sources/vibeos/target/node-runtime/fresh-57/source/node-v24.14.0/out/Release/obj.target/abseil/deps/v8/third_party/abseil-cpp/absl/base/internal/poison.o
  CXX(target) /Users/ziangwang/Sources/vibeos/target/node-runtime/fresh-57/source/node-v24.14.0/out/Release/obj.target/abseil/deps/v8/third_party/abseil-cpp/absl/base/internal/raw_logging.o
  CXX(target) /Users/ziangwang/Sources/vibeos/target/node-runtime/fresh-57/source/node-v24.14.0/out/Release/obj.target/abseil/deps/v8/third_party/abseil-cpp/absl/base/internal/scoped_set_env.o
  CXX(target) /Users/ziangwang/Sources/vibeos/target/node-runtime/fresh-57/source/node-v24.14.0/out/Release/obj.target/abseil/deps/v8/third_party/abseil-cpp/absl/base/internal/spinlock.o
  CXX(target) /Users/ziangwang/Sources/vibeos/target/node-runtime/fresh-57/source/node-v24.14.0/out/Release/obj.target/abseil/deps/v8/third_party/abseil-cpp/absl/base/internal/spinlock_wait.o
  CXX(target) /Users/ziangwang/Sources/vibeos/target/node-runtime/fresh-57/source/node-v24.14.0/out/Release/obj.target/abseil/deps/v8/third_party/abseil-cpp/absl/base/internal/strerror.o
  CXX(target) /Users/ziangwang/Sources/vibeos/target/node-runtime/fresh-57/source/node-v24.14.0/out/Release/obj.target/abseil/deps/v8/third_party/abseil-cpp/absl/base/internal/sysinfo.o
  CXX(target) /Users/ziangwang/Sources/vibeos/target/node-runtime/fresh-57/source/node-v24.14.0/out/Release/obj.target/abseil/deps/v8/third_party/abseil-cpp/absl/base/internal/thread_identity.o
  CXX(target) /Users/ziangwang/Sources/vibeos/target/node-runtime/fresh-57/source/node-v24.14.0/out/Release/obj.target/abseil/deps/v8/third_party/abseil-cpp/absl/base/internal/throw_delegate.o
  CXX(target) /Users/ziangwang/Sources/vibeos/target/node-runtime/fresh-57/source/node-v24.14.0/out/Release/obj.target/abseil/deps/v8/third_party/abseil-cpp/absl/base/internal/tracing.o
  CXX(target) /Users/ziangwang/Sources/vibeos/target/node-runtime/fresh-57/source/node-v24.14.0/out/Release/obj.target/abseil/deps/v8/third_party/abseil-cpp/absl/base/internal/unscaledcycleclock.o
  CXX(target) /Users/ziangwang/Sources/vibeos/target/node-runtime/fresh-57/source/node-v24.14.0/out/Release/obj.target/abseil/deps/v8/third_party/abseil-cpp/absl/base/log_severity.o
  CXX(target) /Users/ziangwang/Sources/vibeos/target/node-runtime/fresh-57/source/node-v24.14.0/out/Release/obj.target/abseil/deps/v8/third_party/abseil-cpp/absl/container/internal/hashtablez_sampler.o
  CXX(target) /Users/ziangwang/Sources/vibeos/target/node-runtime/fresh-57/source/node-v24.14.0/out/Release/obj.target/abseil/deps/v8/third_party/abseil-cpp/absl/container/internal/hashtablez_sampler_force_weak_definition.o
  CXX(target) /Users/ziangwang/Sources/vibeos/target/node-runtime/fresh-57/source/node-v24.14.0/out/Release/obj.target/abseil/deps/v8/third_party/abseil-cpp/absl/container/internal/raw_hash_set.o
  CXX(target) /Users/ziangwang/Sources/vibeos/target/node-runtime/fresh-57/source/node-v24.14.0/out/Release/obj.target/abseil/deps/v8/third_party/abseil-cpp/absl/crc/crc32c.o
  CXX(target) /Users/ziangwang/Sources/vibeos/target/node-runtime/fresh-57/source/node-v24.14.0/out/Release/obj.target/abseil/deps/v8/third_party/abseil-cpp/absl/crc/internal/cpu_detect.o
  CXX(target) /Users/ziangwang/Sources/vibeos/target/node-runtime/fresh-57/source/node-v24.14.0/out/Release/obj.target/abseil/deps/v8/third_party/abseil-cpp/absl/crc/internal/crc.o
  CXX(target) /Users/ziangwang/Sources/vibeos/target/node-runtime/fresh-57/source/node-v24.14.0/out/Release/obj.target/abseil/deps/v8/third_party/abseil-cpp/absl/crc/internal/crc_cord_state.o
  CXX(target) /Users/ziangwang/Sources/vibeos/target/node-runtime/fresh-57/source/node-v24.14.0/out/Release/obj.target/abseil/deps/v8/third_party/abseil-cpp/absl/crc/internal/crc_memcpy_fallback.o
  CXX(target) /Users/ziangwang/Sources/vibeos/target/node-runtime/fresh-57/source/node-v24.14.0/out/Release/obj.target/abseil/deps/v8/third_party/abseil-cpp/absl/crc/internal/crc_memcpy_x86_arm_combined.o
  CXX(target) /Users/ziangwang/Sources/vibeos/target/node-runtime/fresh-57/source/node-v24.14.0/out/Release/obj.target/abseil/deps/v8/third_party/abseil-cpp/absl/crc/internal/crc_non_temporal_memcpy.o
  CXX(target) /Users/ziangwang/Sources/vibeos/target/node-runtime/fresh-57/source/node-v24.14.0/out/Release/obj.target/abseil/deps/v8/third_party/abseil-cpp/absl/crc/internal/crc_x86_arm_combined.o
  CXX(target) /Users/ziangwang/Sources/vibeos/target/node-runtime/fresh-57/source/node-v24.14.0/out/Release/obj.target/abseil/deps/v8/third_party/abseil-cpp/absl/debugging/internal/address_is_readable.o
  CXX(target) /Users/ziangwang/Sources/vibeos/target/node-runtime/fresh-57/source/node-v24.14.0/out/Release/obj.target/abseil/deps/v8/third_party/abseil-cpp/absl/debugging/internal/decode_rust_punycode.o
  CXX(target) /Users/ziangwang/Sources/vibeos/target/node-runtime/fresh-57/source/node-v24.14.0/out/Release/obj.target/abseil/deps/v8/third_party/abseil-cpp/absl/debugging/internal/demangle.o
  CXX(target) /Users/ziangwang/Sources/vibeos/target/node-runtime/fresh-57/source/node-v24.14.0/out/Release/obj.target/abseil/deps/v8/third_party/abseil-cpp/absl/debugging/internal/demangle_rust.o
  CXX(target) /Users/ziangwang/Sources/vibeos/target/node-runtime/fresh-57/source/node-v24.14.0/out/Release/obj.target/abseil/deps/v8/third_party/abseil-cpp/absl/debugging/internal/elf_mem_image.o
  CXX(target) /Users/ziangwang/Sources/vibeos/target/node-runtime/fresh-57/source/node-v24.14.0/out/Release/obj.target/abseil/deps/v8/third_party/abseil-cpp/absl/debugging/internal/examine_stack.o
  CXX(target) /Users/ziangwang/Sources/vibeos/target/node-runtime/fresh-57/source/node-v24.14.0/out/Release/obj.target/abseil/deps/v8/third_party/abseil-cpp/absl/debugging/internal/stack_consumption.o
  CXX(target) /Users/ziangwang/Sources/vibeos/target/node-runtime/fresh-57/source/node-v24.14.0/out/Release/obj.target/abseil/deps/v8/third_party/abseil-cpp/absl/debugging/internal/utf8_for_code_point.o
  CXX(target) /Users/ziangwang/Sources/vibeos/target/node-runtime/fresh-57/source/node-v24.14.0/out/Release/obj.target/abseil/deps/v8/third_party/abseil-cpp/absl/debugging/internal/vdso_support.o
  CXX(target) /Users/ziangwang/Sources/vibeos/target/node-runtime/fresh-57/source/node-v24.14.0/out/Release/obj.target/abseil/deps/v8/third_party/abseil-cpp/absl/debugging/leak_check.o
  CXX(target) /Users/ziangwang/Sources/vibeos/target/node-runtime/fresh-57/source/node-v24.14.0/out/Release/obj.target/abseil/deps/v8/third_party/abseil-cpp/absl/debugging/stacktrace.o
  CXX(target) /Users/ziangwang/Sources/vibeos/target/node-runtime/fresh-57/source/node-v24.14.0/out/Release/obj.target/abseil/deps/v8/third_party/abseil-cpp/absl/debugging/symbolize.o
  CXX(target) /Users/ziangwang/Sources/vibeos/target/node-runtime/fresh-57/source/node-v24.14.0/out/Release/obj.target/abseil/deps/v8/third_party/abseil-cpp/absl/hash/internal/city.o
  CXX(target) /Users/ziangwang/Sources/vibeos/target/node-runtime/fresh-57/source/node-v24.14.0/out/Release/obj.target/abseil/deps/v8/third_party/abseil-cpp/absl/hash/internal/hash.o
  CXX(target) /Users/ziangwang/Sources/vibeos/target/node-runtime/fresh-57/source/node-v24.14.0/out/Release/obj.target/abseil/deps/v8/third_party/abseil-cpp/absl/hash/internal/low_level_hash.o
  CXX(target) /Users/ziangwang/Sources/vibeos/target/node-runtime/fresh-57/source/node-v24.14.0/out/Release/obj.target/abseil/deps/v8/third_party/abseil-cpp/absl/numeric/int128.o
  CXX(target) /Users/ziangwang/Sources/vibeos/target/node-runtime/fresh-57/source/node-v24.14.0/out/Release/obj.target/abseil/deps/v8/third_party/abseil-cpp/absl/profiling/internal/exponential_biased.o
  CXX(target) /Users/ziangwang/Sources/vibeos/target/node-runtime/fresh-57/source/node-v24.14.0/out/Release/obj.target/abseil/deps/v8/third_party/abseil-cpp/absl/profiling/internal/periodic_sampler.o
  CXX(target) /Users/ziangwang/Sources/vibeos/target/node-runtime/fresh-57/source/node-v24.14.0/out/Release/obj.target/abseil/deps/v8/third_party/abseil-cpp/absl/strings/ascii.o
  CXX(target) /Users/ziangwang/Sources/vibeos/target/node-runtime/fresh-57/source/node-v24.14.0/out/Release/obj.target/abseil/deps/v8/third_party/abseil-cpp/absl/strings/charconv.o
  CXX(target) /Users/ziangwang/Sources/vibeos/target/node-runtime/fresh-57/source/node-v24.14.0/out/Release/obj.target/abseil/deps/v8/third_party/abseil-cpp/absl/strings/cord.o
  CXX(target) /Users/ziangwang/Sources/vibeos/target/node-runtime/fresh-57/source/node-v24.14.0/out/Release/obj.target/abseil/deps/v8/third_party/abseil-cpp/absl/strings/cord_analysis.o
  CXX(target) /Users/ziangwang/Sources/vibeos/target/node-runtime/fresh-57/source/node-v24.14.0/out/Release/obj.target/abseil/deps/v8/third_party/abseil-cpp/absl/strings/escaping.o
  CXX(target) /Users/ziangwang/Sources/vibeos/target/node-runtime/fresh-57/source/node-v24.14.0/out/Release/obj.target/abseil/deps/v8/third_party/abseil-cpp/absl/strings/internal/charconv_bigint.o
  CXX(target) /Users/ziangwang/Sources/vibeos/target/node-runtime/fresh-57/source/node-v24.14.0/out/Release/obj.target/abseil/deps/v8/third_party/abseil-cpp/absl/strings/internal/charconv_parse.o
  CXX(target) /Users/ziangwang/Sources/vibeos/target/node-runtime/fresh-57/source/node-v24.14.0/out/Release/obj.target/abseil/deps/v8/third_party/abseil-cpp/absl/strings/internal/cord_internal.o
  CXX(target) /Users/ziangwang/Sources/vibeos/target/node-runtime/fresh-57/source/node-v24.14.0/out/Release/obj.target/abseil/deps/v8/third_party/abseil-cpp/absl/strings/internal/cord_rep_btree.o
  CXX(target) /Users/ziangwang/Sources/vibeos/target/node-runtime/fresh-57/source/node-v24.14.0/out/Release/obj.target/abseil/deps/v8/third_party/abseil-cpp/absl/strings/internal/cord_rep_btree_navigator.o
  CXX(target) /Users/ziangwang/Sources/vibeos/target/node-runtime/fresh-57/source/node-v24.14.0/out/Release/obj.target/abseil/deps/v8/third_party/abseil-cpp/absl/strings/internal/cord_rep_btree_reader.o
  CXX(target) /Users/ziangwang/Sources/vibeos/target/node-runtime/fresh-57/source/node-v24.14.0/out/Release/obj.target/abseil/deps/v8/third_party/abseil-cpp/absl/strings/internal/cord_rep_consume.o
  CXX(target) /Users/ziangwang/Sources/vibeos/target/node-runtime/fresh-57/source/node-v24.14.0/out/Release/obj.target/abseil/deps/v8/third_party/abseil-cpp/absl/strings/internal/cord_rep_crc.o
  CXX(target) /Users/ziangwang/Sources/vibeos/target/node-runtime/fresh-57/source/node-v24.14.0/out/Release/obj.target/abseil/deps/v8/third_party/abseil-cpp/absl/strings/internal/cordz_functions.o
  CXX(target) /Users/ziangwang/Sources/vibeos/target/node-runtime/fresh-57/source/node-v24.14.0/out/Release/obj.target/abseil/deps/v8/third_party/abseil-cpp/absl/strings/internal/cordz_handle.o
  CXX(target) /Users/ziangwang/Sources/vibeos/target/node-runtime/fresh-57/source/node-v24.14.0/out/Release/obj.target/abseil/deps/v8/third_party/abseil-cpp/absl/strings/internal/cordz_info.o
  CXX(target) /Users/ziangwang/Sources/vibeos/target/node-runtime/fresh-57/source/node-v24.14.0/out/Release/obj.target/abseil/deps/v8/third_party/abseil-cpp/absl/strings/internal/cordz_sample_token.o
  CXX(target) /Users/ziangwang/Sources/vibeos/target/node-runtime/fresh-57/source/node-v24.14.0/out/Release/obj.target/abseil/deps/v8/third_party/abseil-cpp/absl/strings/internal/damerau_levenshtein_distance.o
  CXX(target) /Users/ziangwang/Sources/vibeos/target/node-runtime/fresh-57/source/node-v24.14.0/out/Release/obj.target/abseil/deps/v8/third_party/abseil-cpp/absl/strings/internal/escaping.o
  CXX(target) /Users/ziangwang/Sources/vibeos/target/node-runtime/fresh-57/source/node-v24.14.0/out/Release/obj.target/abseil/deps/v8/third_party/abseil-cpp/absl/strings/internal/memutil.o
  CXX(target) /Users/ziangwang/Sources/vibeos/target/node-runtime/fresh-57/source/node-v24.14.0/out/Release/obj.target/abseil/deps/v8/third_party/abseil-cpp/absl/strings/internal/ostringstream.o
  CXX(target) /Users/ziangwang/Sources/vibeos/target/node-runtime/fresh-57/source/node-v24.14.0/out/Release/obj.target/abseil/deps/v8/third_party/abseil-cpp/absl/strings/internal/pow10_helper.o
  CXX(target) /Users/ziangwang/Sources/vibeos/target/node-runtime/fresh-57/source/node-v24.14.0/out/Release/obj.target/abseil/deps/v8/third_party/abseil-cpp/absl/strings/internal/str_format/arg.o
  CXX(target) /Users/ziangwang/Sources/vibeos/target/node-runtime/fresh-57/source/node-v24.14.0/out/Release/obj.target/abseil/deps/v8/third_party/abseil-cpp/absl/strings/internal/str_format/bind.o
  CXX(target) /Users/ziangwang/Sources/vibeos/target/node-runtime/fresh-57/source/node-v24.14.0/out/Release/obj.target/abseil/deps/v8/third_party/abseil-cpp/absl/strings/internal/str_format/extension.o
  CXX(target) /Users/ziangwang/Sources/vibeos/target/node-runtime/fresh-57/source/node-v24.14.0/out/Release/obj.target/abseil/deps/v8/third_party/abseil-cpp/absl/strings/internal/str_format/float_conversion.o
  CXX(target) /Users/ziangwang/Sources/vibeos/target/node-runtime/fresh-57/source/node-v24.14.0/out/Release/obj.target/abseil/deps/v8/third_party/abseil-cpp/absl/strings/internal/str_format/output.o
  CXX(target) /Users/ziangwang/Sources/vibeos/target/node-runtime/fresh-57/source/node-v24.14.0/out/Release/obj.target/abseil/deps/v8/third_party/abseil-cpp/absl/strings/internal/str_format/parser.o
  CXX(target) /Users/ziangwang/Sources/vibeos/target/node-runtime/fresh-57/source/node-v24.14.0/out/Release/obj.target/abseil/deps/v8/third_party/abseil-cpp/absl/strings/internal/stringify_sink.o
  CXX(target) /Users/ziangwang/Sources/vibeos/target/node-runtime/fresh-57/source/node-v24.14.0/out/Release/obj.target/abseil/deps/v8/third_party/abseil-cpp/absl/strings/internal/utf8.o
  CXX(target) /Users/ziangwang/Sources/vibeos/target/node-runtime/fresh-57/source/node-v24.14.0/out/Release/obj.target/abseil/deps/v8/third_party/abseil-cpp/absl/strings/match.o
  CXX(target) /Users/ziangwang/Sources/vibeos/target/node-runtime/fresh-57/source/node-v24.14.0/out/Release/obj.target/abseil/deps/v8/third_party/abseil-cpp/absl/strings/numbers.o
  CXX(target) /Users/ziangwang/Sources/vibeos/target/node-runtime/fresh-57/source/node-v24.14.0/out/Release/obj.target/abseil/deps/v8/third_party/abseil-cpp/absl/strings/str_cat.o
  CXX(target) /Users/ziangwang/Sources/vibeos/target/node-runtime/fresh-57/source/node-v24.14.0/out/Release/obj.target/abseil/deps/v8/third_party/abseil-cpp/absl/strings/str_replace.o
  CXX(target) /Users/ziangwang/Sources/vibeos/target/node-runtime/fresh-57/source/node-v24.14.0/out/Release/obj.target/abseil/deps/v8/third_party/abseil-cpp/absl/strings/str_split.o
  CXX(target) /Users/ziangwang/Sources/vibeos/target/node-runtime/fresh-57/source/node-v24.14.0/out/Release/obj.target/abseil/deps/v8/third_party/abseil-cpp/absl/strings/string_view.o
  CXX(target) /Users/ziangwang/Sources/vibeos/target/node-runtime/fresh-57/source/node-v24.14.0/out/Release/obj.target/abseil/deps/v8/third_party/abseil-cpp/absl/strings/substitute.o
  CXX(target) /Users/ziangwang/Sources/vibeos/target/node-runtime/fresh-57/source/node-v24.14.0/out/Release/obj.target/abseil/deps/v8/third_party/abseil-cpp/absl/synchronization/barrier.o
  CXX(target) /Users/ziangwang/Sources/vibeos/target/node-runtime/fresh-57/source/node-v24.14.0/out/Release/obj.target/abseil/deps/v8/third_party/abseil-cpp/absl/synchronization/blocking_counter.o
  CXX(target) /Users/ziangwang/Sources/vibeos/target/node-runtime/fresh-57/source/node-v24.14.0/out/Release/obj.target/abseil/deps/v8/third_party/abseil-cpp/absl/synchronization/internal/create_thread_identity.o
  CXX(target) /Users/ziangwang/Sources/vibeos/target/node-runtime/fresh-57/source/node-v24.14.0/out/Release/obj.target/abseil/deps/v8/third_party/abseil-cpp/absl/synchronization/internal/futex_waiter.o
  CXX(target) /Users/ziangwang/Sources/vibeos/target/node-runtime/fresh-57/source/node-v24.14.0/out/Release/obj.target/abseil/deps/v8/third_party/abseil-cpp/absl/synchronization/internal/graphcycles.o
  CXX(target) /Users/ziangwang/Sources/vibeos/target/node-runtime/fresh-57/source/node-v24.14.0/out/Release/obj.target/abseil/deps/v8/third_party/abseil-cpp/absl/synchronization/internal/kernel_timeout.o
  CXX(target) /Users/ziangwang/Sources/vibeos/target/node-runtime/fresh-57/source/node-v24.14.0/out/Release/obj.target/abseil/deps/v8/third_party/abseil-cpp/absl/synchronization/internal/per_thread_sem.o
  CXX(target) /Users/ziangwang/Sources/vibeos/target/node-runtime/fresh-57/source/node-v24.14.0/out/Release/obj.target/abseil/deps/v8/third_party/abseil-cpp/absl/synchronization/internal/pthread_waiter.o
  CXX(target) /Users/ziangwang/Sources/vibeos/target/node-runtime/fresh-57/source/node-v24.14.0/out/Release/obj.target/abseil/deps/v8/third_party/abseil-cpp/absl/synchronization/internal/sem_waiter.o
  CXX(target) /Users/ziangwang/Sources/vibeos/target/node-runtime/fresh-57/source/node-v24.14.0/out/Release/obj.target/abseil/deps/v8/third_party/abseil-cpp/absl/synchronization/internal/stdcpp_waiter.o
  CXX(target) /Users/ziangwang/Sources/vibeos/target/node-runtime/fresh-57/source/node-v24.14.0/out/Release/obj.target/abseil/deps/v8/third_party/abseil-cpp/absl/synchronization/internal/waiter_base.o
  CXX(target) /Users/ziangwang/Sources/vibeos/target/node-runtime/fresh-57/source/node-v24.14.0/out/Release/obj.target/abseil/deps/v8/third_party/abseil-cpp/absl/synchronization/internal/win32_waiter.o
  CXX(target) /Users/ziangwang/Sources/vibeos/target/node-runtime/fresh-57/source/node-v24.14.0/out/Release/obj.target/abseil/deps/v8/third_party/abseil-cpp/absl/synchronization/mutex.o
  CXX(target) /Users/ziangwang/Sources/vibeos/target/node-runtime/fresh-57/source/node-v24.14.0/out/Release/obj.target/abseil/deps/v8/third_party/abseil-cpp/absl/synchronization/notification.o
  CXX(target) /Users/ziangwang/Sources/vibeos/target/node-runtime/fresh-57/source/node-v24.14.0/out/Release/obj.target/abseil/deps/v8/third_party/abseil-cpp/absl/time/civil_time.o
  CXX(target) /Users/ziangwang/Sources/vibeos/target/node-runtime/fresh-57/source/node-v24.14.0/out/Release/obj.target/abseil/deps/v8/third_party/abseil-cpp/absl/time/clock.o
  CXX(target) /Users/ziangwang/Sources/vibeos/target/node-runtime/fresh-57/source/node-v24.14.0/out/Release/obj.target/abseil/deps/v8/third_party/abseil-cpp/absl/time/duration.o
  CXX(target) /Users/ziangwang/Sources/vibeos/target/node-runtime/fresh-57/source/node-v24.14.0/out/Release/obj.target/abseil/deps/v8/third_party/abseil-cpp/absl/time/format.o
  CXX(target) /Users/ziangwang/Sources/vibeos/target/node-runtime/fresh-57/source/node-v24.14.0/out/Release/obj.target/abseil/deps/v8/third_party/abseil-cpp/absl/time/internal/cctz/src/civil_time_detail.o
  CXX(target) /Users/ziangwang/Sources/vibeos/target/node-runtime/fresh-57/source/node-v24.14.0/out/Release/obj.target/abseil/deps/v8/third_party/abseil-cpp/absl/time/internal/cctz/src/time_zone_fixed.o
  CXX(target) /Users/ziangwang/Sources/vibeos/target/node-runtime/fresh-57/source/node-v24.14.0/out/Release/obj.target/abseil/deps/v8/third_party/abseil-cpp/absl/time/internal/cctz/src/time_zone_format.o
  CXX(target) /Users/ziangwang/Sources/vibeos/target/node-runtime/fresh-57/source/node-v24.14.0/out/Release/obj.target/abseil/deps/v8/third_party/abseil-cpp/absl/time/internal/cctz/src/time_zone_if.o
  CXX(target) /Users/ziangwang/Sources/vibeos/target/node-runtime/fresh-57/source/node-v24.14.0/out/Release/obj.target/abseil/deps/v8/third_party/abseil-cpp/absl/time/internal/cctz/src/time_zone_impl.o
  CXX(target) /Users/ziangwang/Sources/vibeos/target/node-runtime/fresh-57/source/node-v24.14.0/out/Release/obj.target/abseil/deps/v8/third_party/abseil-cpp/absl/time/internal/cctz/src/time_zone_info.o
  CXX(target) /Users/ziangwang/Sources/vibeos/target/node-runtime/fresh-57/source/node-v24.14.0/out/Release/obj.target/abseil/deps/v8/third_party/abseil-cpp/absl/time/internal/cctz/src/time_zone_libc.o
  CXX(target) /Users/ziangwang/Sources/vibeos/target/node-runtime/fresh-57/source/node-v24.14.0/out/Release/obj.target/abseil/deps/v8/third_party/abseil-cpp/absl/time/internal/cctz/src/time_zone_lookup.o
  CXX(target) /Users/ziangwang/Sources/vibeos/target/node-runtime/fresh-57/source/node-v24.14.0/out/Release/obj.target/abseil/deps/v8/third_party/abseil-cpp/absl/time/internal/cctz/src/time_zone_posix.o
  CXX(target) /Users/ziangwang/Sources/vibeos/target/node-runtime/fresh-57/source/node-v24.14.0/out/Release/obj.target/abseil/deps/v8/third_party/abseil-cpp/absl/time/internal/cctz/src/zone_info_source.o
  CXX(target) /Users/ziangwang/Sources/vibeos/target/node-runtime/fresh-57/source/node-v24.14.0/out/Release/obj.target/abseil/deps/v8/third_party/abseil-cpp/absl/time/time.o
  TOUCH /Users/ziangwang/Sources/vibeos/target/node-runtime/fresh-57/source/node-v24.14.0/out/Release/obj.target/tools/v8_gypfiles/v8_pch.stamp
  TOUCH /Users/ziangwang/Sources/vibeos/target/node-runtime/fresh-57/source/node-v24.14.0/out/Release/obj.target/tools/v8_gypfiles/v8_compiler_sources.stamp
  TOUCH /Users/ziangwang/Sources/vibeos/target/node-runtime/fresh-57/source/node-v24.14.0/out/Release/obj.target/tools/v8_gypfiles/v8_bigint.stamp
  TOUCH /Users/ziangwang/Sources/vibeos/target/node-runtime/fresh-57/source/node-v24.14.0/out/Release/obj.target/tools/v8_gypfiles/v8_heap_base.stamp
  TOUCH /Users/ziangwang/Sources/vibeos/target/node-runtime/fresh-57/source/node-v24.14.0/out/Release/obj.target/tools/v8_gypfiles/cppgc_base.stamp
  CXX(target) /Users/ziangwang/Sources/vibeos/target/node-runtime/fresh-57/source/node-v24.14.0/out/Release/obj.target/v8_libplatform/deps/v8/src/libplatform/default-foreground-task-runner.o
  CXX(target) /Users/ziangwang/Sources/vibeos/target/node-runtime/fresh-57/source/node-v24.14.0/out/Release/obj.target/v8_libplatform/deps/v8/src/libplatform/default-job.o
  CXX(target) /Users/ziangwang/Sources/vibeos/target/node-runtime/fresh-57/source/node-v24.14.0/out/Release/obj.target/v8_libplatform/deps/v8/src/libplatform/default-platform.o
  CXX(target) /Users/ziangwang/Sources/vibeos/target/node-runtime/fresh-57/source/node-v24.14.0/out/Release/obj.target/v8_libplatform/deps/v8/src/libplatform/default-thread-isolated-allocator.o
  CXX(target) /Users/ziangwang/Sources/vibeos/target/node-runtime/fresh-57/source/node-v24.14.0/out/Release/obj.target/v8_libplatform/deps/v8/src/libplatform/default-worker-threads-task-runner.o
  CXX(target) /Users/ziangwang/Sources/vibeos/target/node-runtime/fresh-57/source/node-v24.14.0/out/Release/obj.target/v8_libplatform/deps/v8/src/libplatform/delayed-task-queue.o
  CXX(target) /Users/ziangwang/Sources/vibeos/target/node-runtime/fresh-57/source/node-v24.14.0/out/Release/obj.target/v8_libplatform/deps/v8/src/libplatform/task-queue.o
  CXX(target) /Users/ziangwang/Sources/vibeos/target/node-runtime/fresh-57/source/node-v24.14.0/out/Release/obj.target/v8_libplatform/deps/v8/src/libplatform/tracing/trace-buffer.o
  CXX(target) /Users/ziangwang/Sources/vibeos/target/node-runtime/fresh-57/source/node-v24.14.0/out/Release/obj.target/v8_libplatform/deps/v8/src/libplatform/tracing/trace-config.o
  CXX(target) /Users/ziangwang/Sources/vibeos/target/node-runtime/fresh-57/source/node-v24.14.0/out/Release/obj.target/v8_libplatform/deps/v8/src/libplatform/tracing/trace-object.o
  CXX(target) /Users/ziangwang/Sources/vibeos/target/node-runtime/fresh-57/source/node-v24.14.0/out/Release/obj.target/v8_libplatform/deps/v8/src/libplatform/tracing/trace-writer.o
  CXX(target) /Users/ziangwang/Sources/vibeos/target/node-runtime/fresh-57/source/node-v24.14.0/out/Release/obj.target/v8_libplatform/deps/v8/src/libplatform/tracing/tracing-controller.o
  CXX(target) /Users/ziangwang/Sources/vibeos/target/node-runtime/fresh-57/source/node-v24.14.0/out/Release/obj.target/v8_libplatform/deps/v8/src/libplatform/worker-thread.o
  CC(target) /Users/ziangwang/Sources/vibeos/target/node-runtime/fresh-57/source/node-v24.14.0/out/Release/obj.target/v8_zlib/deps/v8/third_party/zlib/adler32.o
  CC(target) /Users/ziangwang/Sources/vibeos/target/node-runtime/fresh-57/source/node-v24.14.0/out/Release/obj.target/v8_zlib/deps/v8/third_party/zlib/compress.o
  CC(target) /Users/ziangwang/Sources/vibeos/target/node-runtime/fresh-57/source/node-v24.14.0/out/Release/obj.target/v8_zlib/deps/v8/third_party/zlib/cpu_features.o
  CC(target) /Users/ziangwang/Sources/vibeos/target/node-runtime/fresh-57/source/node-v24.14.0/out/Release/obj.target/v8_zlib/deps/v8/third_party/zlib/crc32.o
  CC(target) /Users/ziangwang/Sources/vibeos/target/node-runtime/fresh-57/source/node-v24.14.0/out/Release/obj.target/v8_zlib/deps/v8/third_party/zlib/deflate.o
  CC(target) /Users/ziangwang/Sources/vibeos/target/node-runtime/fresh-57/source/node-v24.14.0/out/Release/obj.target/v8_zlib/deps/v8/third_party/zlib/gzclose.o
  CC(target) /Users/ziangwang/Sources/vibeos/target/node-runtime/fresh-57/source/node-v24.14.0/out/Release/obj.target/v8_zlib/deps/v8/third_party/zlib/gzlib.o
  CC(target) /Users/ziangwang/Sources/vibeos/target/node-runtime/fresh-57/source/node-v24.14.0/out/Release/obj.target/v8_zlib/deps/v8/third_party/zlib/gzread.o
  CC(target) /Users/ziangwang/Sources/vibeos/target/node-runtime/fresh-57/source/node-v24.14.0/out/Release/obj.target/v8_zlib/deps/v8/third_party/zlib/gzwrite.o
  CC(target) /Users/ziangwang/Sources/vibeos/target/node-runtime/fresh-57/source/node-v24.14.0/out/Release/obj.target/v8_zlib/deps/v8/third_party/zlib/infback.o
  CC(target) /Users/ziangwang/Sources/vibeos/target/node-runtime/fresh-57/source/node-v24.14.0/out/Release/obj.target/v8_zlib/deps/v8/third_party/zlib/inffast.o
  CC(target) /Users/ziangwang/Sources/vibeos/target/node-runtime/fresh-57/source/node-v24.14.0/out/Release/obj.target/v8_zlib/deps/v8/third_party/zlib/inflate.o
  CC(target) /Users/ziangwang/Sources/vibeos/target/node-runtime/fresh-57/source/node-v24.14.0/out/Release/obj.target/v8_zlib/deps/v8/third_party/zlib/inftrees.o
  CC(target) /Users/ziangwang/Sources/vibeos/target/node-runtime/fresh-57/source/node-v24.14.0/out/Release/obj.target/v8_zlib/deps/v8/third_party/zlib/trees.o
  CC(target) /Users/ziangwang/Sources/vibeos/target/node-runtime/fresh-57/source/node-v24.14.0/out/Release/obj.target/v8_zlib/deps/v8/third_party/zlib/uncompr.o
  CC(target) /Users/ziangwang/Sources/vibeos/target/node-runtime/fresh-57/source/node-v24.14.0/out/Release/obj.target/v8_zlib/deps/v8/third_party/zlib/zutil.o
  CXX(target) /Users/ziangwang/Sources/vibeos/target/node-runtime/fresh-57/source/node-v24.14.0/out/Release/obj.target/v8_zlib/deps/v8/third_party/zlib/google/compression_utils_portable.o
  CXX(target) /Users/ziangwang/Sources/vibeos/target/node-runtime/fresh-57/source/node-v24.14.0/out/Release/obj.target/simdutf/deps/v8/third_party/simdutf/simdutf.o
  CXX(target) /Users/ziangwang/Sources/vibeos/target/node-runtime/fresh-57/source/node-v24.14.0/out/Release/obj.target/highway/deps/v8/third_party/highway/src/hwy/abort.o
  CXX(target) /Users/ziangwang/Sources/vibeos/target/node-runtime/fresh-57/source/node-v24.14.0/out/Release/obj.target/highway/deps/v8/third_party/highway/src/hwy/aligned_allocator.o
  CXX(target) /Users/ziangwang/Sources/vibeos/target/node-runtime/fresh-57/source/node-v24.14.0/out/Release/obj.target/highway/deps/v8/third_party/highway/src/hwy/per_target.o
  CXX(target) /Users/ziangwang/Sources/vibeos/target/node-runtime/fresh-57/source/node-v24.14.0/out/Release/obj.target/highway/deps/v8/third_party/highway/src/hwy/print.o
  CXX(target) /Users/ziangwang/Sources/vibeos/target/node-runtime/fresh-57/source/node-v24.14.0/out/Release/obj.target/highway/deps/v8/third_party/highway/src/hwy/stats.o
  CXX(target) /Users/ziangwang/Sources/vibeos/target/node-runtime/fresh-57/source/node-v24.14.0/out/Release/obj.target/highway/deps/v8/third_party/highway/src/hwy/targets.o
  CXX(target) /Users/ziangwang/Sources/vibeos/target/node-runtime/fresh-57/source/node-v24.14.0/out/Release/obj.target/highway/deps/v8/third_party/highway/src/hwy/timer.o
  TOUCH /Users/ziangwang/Sources/vibeos/target/node-runtime/fresh-57/source/node-v24.14.0/out/Release/obj.host/tools/v8_gypfiles/v8_headers.stamp
  AR(host) /Users/ziangwang/Sources/vibeos/target/node-runtime/fresh-57/source/node-v24.14.0/out/Release/obj.host/tools/v8_gypfiles/libabseil.a
  TOUCH /Users/ziangwang/Sources/vibeos/target/node-runtime/fresh-57/source/node-v24.14.0/out/Release/obj.host/tools/v8_gypfiles/v8_inspector_headers.stamp
  AR(host) /Users/ziangwang/Sources/vibeos/target/node-runtime/fresh-57/source/node-v24.14.0/out/Release/obj.host/tools/v8_gypfiles/libv8_libplatform.a
  AR(host) /Users/ziangwang/Sources/vibeos/target/node-runtime/fresh-57/source/node-v24.14.0/out/Release/obj.host/tools/v8_gypfiles/libv8_zlib.a
  AR(host) /Users/ziangwang/Sources/vibeos/target/node-runtime/fresh-57/source/node-v24.14.0/out/Release/obj.host/tools/v8_gypfiles/libhighway.a
  AR(host) /Users/ziangwang/Sources/vibeos/target/node-runtime/fresh-57/source/node-v24.14.0/out/Release/obj.host/tools/v8_gypfiles/libsimdutf.a
  TOUCH /Users/ziangwang/Sources/vibeos/target/node-runtime/fresh-57/source/node-v24.14.0/out/Release/obj.target/tools/v8_gypfiles/v8_headers.stamp
  AR(target) /Users/ziangwang/Sources/vibeos/target/node-runtime/fresh-57/source/node-v24.14.0/out/Release/obj.target/tools/v8_gypfiles/libabseil.a
  TOUCH /Users/ziangwang/Sources/vibeos/target/node-runtime/fresh-57/source/node-v24.14.0/out/Release/obj.target/tools/v8_gypfiles/v8_inspector_headers.stamp
  AR(target) /Users/ziangwang/Sources/vibeos/target/node-runtime/fresh-57/source/node-v24.14.0/out/Release/obj.target/tools/v8_gypfiles/libv8_libplatform.a
  AR(target) /Users/ziangwang/Sources/vibeos/target/node-runtime/fresh-57/source/node-v24.14.0/out/Release/obj.target/tools/v8_gypfiles/libv8_zlib.a
  CXX(host) /Users/ziangwang/Sources/vibeos/target/node-runtime/fresh-57/source/node-v24.14.0/out/Release/obj.host/v8_libbase/deps/v8/src/base/abort-mode.o
  CXX(host) /Users/ziangwang/Sources/vibeos/target/node-runtime/fresh-57/source/node-v24.14.0/out/Release/obj.host/v8_libbase/deps/v8/src/base/bits.o
  CXX(host) /Users/ziangwang/Sources/vibeos/target/node-runtime/fresh-57/source/node-v24.14.0/out/Release/obj.host/v8_libbase/deps/v8/src/base/bounded-page-allocator.o
  CXX(host) /Users/ziangwang/Sources/vibeos/target/node-runtime/fresh-57/source/node-v24.14.0/out/Release/obj.host/v8_libbase/deps/v8/src/base/cpu.o
  CXX(host) /Users/ziangwang/Sources/vibeos/target/node-runtime/fresh-57/source/node-v24.14.0/out/Release/obj.host/v8_libbase/deps/v8/src/base/debug/stack_trace.o
  CXX(host) /Users/ziangwang/Sources/vibeos/target/node-runtime/fresh-57/source/node-v24.14.0/out/Release/obj.host/v8_libbase/deps/v8/src/base/division-by-constant.o
  CXX(host) /Users/ziangwang/Sources/vibeos/target/node-runtime/fresh-57/source/node-v24.14.0/out/Release/obj.host/v8_libbase/deps/v8/src/base/emulated-virtual-address-subspace.o
  CXX(host) /Users/ziangwang/Sources/vibeos/target/node-runtime/fresh-57/source/node-v24.14.0/out/Release/obj.host/v8_libbase/deps/v8/src/base/file-utils.o
  CXX(host) /Users/ziangwang/Sources/vibeos/target/node-runtime/fresh-57/source/node-v24.14.0/out/Release/obj.host/v8_libbase/deps/v8/src/base/fpu.o
  CXX(host) /Users/ziangwang/Sources/vibeos/target/node-runtime/fresh-57/source/node-v24.14.0/out/Release/obj.host/v8_libbase/deps/v8/src/base/ieee754.o
  CXX(host) /Users/ziangwang/Sources/vibeos/target/node-runtime/fresh-57/source/node-v24.14.0/out/Release/obj.host/v8_libbase/deps/v8/src/base/logging.o
  CXX(host) /Users/ziangwang/Sources/vibeos/target/node-runtime/fresh-57/source/node-v24.14.0/out/Release/obj.host/v8_libbase/deps/v8/src/base/numbers/bignum-dtoa.o
  CXX(host) /Users/ziangwang/Sources/vibeos/target/node-runtime/fresh-57/source/node-v24.14.0/out/Release/obj.host/v8_libbase/deps/v8/src/base/numbers/bignum.o
  CXX(host) /Users/ziangwang/Sources/vibeos/target/node-runtime/fresh-57/source/node-v24.14.0/out/Release/obj.host/v8_libbase/deps/v8/src/base/numbers/cached-powers.o
  CXX(host) /Users/ziangwang/Sources/vibeos/target/node-runtime/fresh-57/source/node-v24.14.0/out/Release/obj.host/v8_libbase/deps/v8/src/base/numbers/diy-fp.o
  CXX(host) /Users/ziangwang/Sources/vibeos/target/node-runtime/fresh-57/source/node-v24.14.0/out/Release/obj.host/v8_libbase/deps/v8/src/base/numbers/dtoa.o
  CXX(host) /Users/ziangwang/Sources/vibeos/target/node-runtime/fresh-57/source/node-v24.14.0/out/Release/obj.host/v8_libbase/deps/v8/src/base/numbers/fast-dtoa.o
  CXX(host) /Users/ziangwang/Sources/vibeos/target/node-runtime/fresh-57/source/node-v24.14.0/out/Release/obj.host/v8_libbase/deps/v8/src/base/numbers/fixed-dtoa.o
  CXX(host) /Users/ziangwang/Sources/vibeos/target/node-runtime/fresh-57/source/node-v24.14.0/out/Release/obj.host/v8_libbase/deps/v8/src/base/numbers/strtod.o
  CXX(host) /Users/ziangwang/Sources/vibeos/target/node-runtime/fresh-57/source/node-v24.14.0/out/Release/obj.host/v8_libbase/deps/v8/src/base/once.o
  CXX(host) /Users/ziangwang/Sources/vibeos/target/node-runtime/fresh-57/source/node-v24.14.0/out/Release/obj.host/v8_libbase/deps/v8/src/base/page-allocator.o
  CXX(host) /Users/ziangwang/Sources/vibeos/target/node-runtime/fresh-57/source/node-v24.14.0/out/Release/obj.host/v8_libbase/deps/v8/src/base/platform/condition-variable.o
  CXX(host) /Users/ziangwang/Sources/vibeos/target/node-runtime/fresh-57/source/node-v24.14.0/out/Release/obj.host/v8_libbase/deps/v8/src/base/platform/memory-protection-key.o
  CXX(host) /Users/ziangwang/Sources/vibeos/target/node-runtime/fresh-57/source/node-v24.14.0/out/Release/obj.host/v8_libbase/deps/v8/src/base/platform/mutex.o
  CXX(host) /Users/ziangwang/Sources/vibeos/target/node-runtime/fresh-57/source/node-v24.14.0/out/Release/obj.host/v8_libbase/deps/v8/src/base/platform/platform.o
  CXX(host) /Users/ziangwang/Sources/vibeos/target/node-runtime/fresh-57/source/node-v24.14.0/out/Release/obj.host/v8_libbase/deps/v8/src/base/platform/semaphore.o
  CXX(host) /Users/ziangwang/Sources/vibeos/target/node-runtime/fresh-57/source/node-v24.14.0/out/Release/obj.host/v8_libbase/deps/v8/src/base/platform/time.o
  CXX(host) /Users/ziangwang/Sources/vibeos/target/node-runtime/fresh-57/source/node-v24.14.0/out/Release/obj.host/v8_libbase/deps/v8/src/base/region-allocator.o
  CXX(host) /Users/ziangwang/Sources/vibeos/target/node-runtime/fresh-57/source/node-v24.14.0/out/Release/obj.host/v8_libbase/deps/v8/src/base/sanitizer/lsan-page-allocator.o
  CXX(host) /Users/ziangwang/Sources/vibeos/target/node-runtime/fresh-57/source/node-v24.14.0/out/Release/obj.host/v8_libbase/deps/v8/src/base/sanitizer/lsan-virtual-address-space.o
  CXX(host) /Users/ziangwang/Sources/vibeos/target/node-runtime/fresh-57/source/node-v24.14.0/out/Release/obj.host/v8_libbase/deps/v8/src/base/strings.o
  CXX(host) /Users/ziangwang/Sources/vibeos/target/node-runtime/fresh-57/source/node-v24.14.0/out/Release/obj.host/v8_libbase/deps/v8/src/base/sys-info.o
  CXX(host) /Users/ziangwang/Sources/vibeos/target/node-runtime/fresh-57/source/node-v24.14.0/out/Release/obj.host/v8_libbase/deps/v8/src/base/utils/random-number-generator.o
  CXX(host) /Users/ziangwang/Sources/vibeos/target/node-runtime/fresh-57/source/node-v24.14.0/out/Release/obj.host/v8_libbase/deps/v8/src/base/virtual-address-space-page-allocator.o
  CXX(host) /Users/ziangwang/Sources/vibeos/target/node-runtime/fresh-57/source/node-v24.14.0/out/Release/obj.host/v8_libbase/deps/v8/src/base/virtual-address-space.o
  CXX(host) /Users/ziangwang/Sources/vibeos/target/node-runtime/fresh-57/source/node-v24.14.0/out/Release/obj.host/v8_libbase/deps/v8/src/base/vlq-base64.o
  CXX(host) /Users/ziangwang/Sources/vibeos/target/node-runtime/fresh-57/source/node-v24.14.0/out/Release/obj.host/v8_libbase/deps/v8/src/base/platform/platform-posix.o
  CXX(host) /Users/ziangwang/Sources/vibeos/target/node-runtime/fresh-57/source/node-v24.14.0/out/Release/obj.host/v8_libbase/deps/v8/src/base/platform/platform-posix-time.o
  CXX(host) /Users/ziangwang/Sources/vibeos/target/node-runtime/fresh-57/source/node-v24.14.0/out/Release/obj.host/v8_libbase/deps/v8/src/base/debug/stack_trace_posix.o
  CXX(host) /Users/ziangwang/Sources/vibeos/target/node-runtime/fresh-57/source/node-v24.14.0/out/Release/obj.host/v8_libbase/deps/v8/src/base/platform/platform-darwin.o
  CXX(target) /Users/ziangwang/Sources/vibeos/target/node-runtime/fresh-57/source/node-v24.14.0/out/Release/obj.target/v8_libbase/deps/v8/src/base/abort-mode.o
  CXX(target) /Users/ziangwang/Sources/vibeos/target/node-runtime/fresh-57/source/node-v24.14.0/out/Release/obj.target/v8_libbase/deps/v8/src/base/bits.o
  CXX(target) /Users/ziangwang/Sources/vibeos/target/node-runtime/fresh-57/source/node-v24.14.0/out/Release/obj.target/v8_libbase/deps/v8/src/base/bounded-page-allocator.o
  CXX(target) /Users/ziangwang/Sources/vibeos/target/node-runtime/fresh-57/source/node-v24.14.0/out/Release/obj.target/v8_libbase/deps/v8/src/base/cpu.o
  CXX(target) /Users/ziangwang/Sources/vibeos/target/node-runtime/fresh-57/source/node-v24.14.0/out/Release/obj.target/v8_libbase/deps/v8/src/base/debug/stack_trace.o
  CXX(target) /Users/ziangwang/Sources/vibeos/target/node-runtime/fresh-57/source/node-v24.14.0/out/Release/obj.target/v8_libbase/deps/v8/src/base/division-by-constant.o
  CXX(target) /Users/ziangwang/Sources/vibeos/target/node-runtime/fresh-57/source/node-v24.14.0/out/Release/obj.target/v8_libbase/deps/v8/src/base/emulated-virtual-address-subspace.o
  CXX(target) /Users/ziangwang/Sources/vibeos/target/node-runtime/fresh-57/source/node-v24.14.0/out/Release/obj.target/v8_libbase/deps/v8/src/base/file-utils.o
  CXX(target) /Users/ziangwang/Sources/vibeos/target/node-runtime/fresh-57/source/node-v24.14.0/out/Release/obj.target/v8_libbase/deps/v8/src/base/fpu.o
  CXX(target) /Users/ziangwang/Sources/vibeos/target/node-runtime/fresh-57/source/node-v24.14.0/out/Release/obj.target/v8_libbase/deps/v8/src/base/ieee754.o
  CXX(target) /Users/ziangwang/Sources/vibeos/target/node-runtime/fresh-57/source/node-v24.14.0/out/Release/obj.target/v8_libbase/deps/v8/src/base/logging.o
  CXX(target) /Users/ziangwang/Sources/vibeos/target/node-runtime/fresh-57/source/node-v24.14.0/out/Release/obj.target/v8_libbase/deps/v8/src/base/numbers/bignum-dtoa.o
  CXX(target) /Users/ziangwang/Sources/vibeos/target/node-runtime/fresh-57/source/node-v24.14.0/out/Release/obj.target/v8_libbase/deps/v8/src/base/numbers/bignum.o
  CXX(target) /Users/ziangwang/Sources/vibeos/target/node-runtime/fresh-57/source/node-v24.14.0/out/Release/obj.target/v8_libbase/deps/v8/src/base/numbers/cached-powers.o
  CXX(target) /Users/ziangwang/Sources/vibeos/target/node-runtime/fresh-57/source/node-v24.14.0/out/Release/obj.target/v8_libbase/deps/v8/src/base/numbers/diy-fp.o
  CXX(target) /Users/ziangwang/Sources/vibeos/target/node-runtime/fresh-57/source/node-v24.14.0/out/Release/obj.target/v8_libbase/deps/v8/src/base/numbers/dtoa.o
  CXX(target) /Users/ziangwang/Sources/vibeos/target/node-runtime/fresh-57/source/node-v24.14.0/out/Release/obj.target/v8_libbase/deps/v8/src/base/numbers/fast-dtoa.o
  CXX(target) /Users/ziangwang/Sources/vibeos/target/node-runtime/fresh-57/source/node-v24.14.0/out/Release/obj.target/v8_libbase/deps/v8/src/base/numbers/fixed-dtoa.o
  CXX(target) /Users/ziangwang/Sources/vibeos/target/node-runtime/fresh-57/source/node-v24.14.0/out/Release/obj.target/v8_libbase/deps/v8/src/base/numbers/strtod.o
  CXX(target) /Users/ziangwang/Sources/vibeos/target/node-runtime/fresh-57/source/node-v24.14.0/out/Release/obj.target/v8_libbase/deps/v8/src/base/once.o
  CXX(target) /Users/ziangwang/Sources/vibeos/target/node-runtime/fresh-57/source/node-v24.14.0/out/Release/obj.target/v8_libbase/deps/v8/src/base/page-allocator.o
  CXX(target) /Users/ziangwang/Sources/vibeos/target/node-runtime/fresh-57/source/node-v24.14.0/out/Release/obj.target/v8_libbase/deps/v8/src/base/platform/condition-variable.o
  CXX(target) /Users/ziangwang/Sources/vibeos/target/node-runtime/fresh-57/source/node-v24.14.0/out/Release/obj.target/v8_libbase/deps/v8/src/base/platform/memory-protection-key.o
  CXX(target) /Users/ziangwang/Sources/vibeos/target/node-runtime/fresh-57/source/node-v24.14.0/out/Release/obj.target/v8_libbase/deps/v8/src/base/platform/mutex.o
  CXX(target) /Users/ziangwang/Sources/vibeos/target/node-runtime/fresh-57/source/node-v24.14.0/out/Release/obj.target/v8_libbase/deps/v8/src/base/platform/platform.o
  CXX(target) /Users/ziangwang/Sources/vibeos/target/node-runtime/fresh-57/source/node-v24.14.0/out/Release/obj.target/v8_libbase/deps/v8/src/base/platform/semaphore.o
  CXX(target) /Users/ziangwang/Sources/vibeos/target/node-runtime/fresh-57/source/node-v24.14.0/out/Release/obj.target/v8_libbase/deps/v8/src/base/platform/time.o
  CXX(target) /Users/ziangwang/Sources/vibeos/target/node-runtime/fresh-57/source/node-v24.14.0/out/Release/obj.target/v8_libbase/deps/v8/src/base/region-allocator.o
  CXX(target) /Users/ziangwang/Sources/vibeos/target/node-runtime/fresh-57/source/node-v24.14.0/out/Release/obj.target/v8_libbase/deps/v8/src/base/sanitizer/lsan-page-allocator.o
  CXX(target) /Users/ziangwang/Sources/vibeos/target/node-runtime/fresh-57/source/node-v24.14.0/out/Release/obj.target/v8_libbase/deps/v8/src/base/sanitizer/lsan-virtual-address-space.o
  CXX(target) /Users/ziangwang/Sources/vibeos/target/node-runtime/fresh-57/source/node-v24.14.0/out/Release/obj.target/v8_libbase/deps/v8/src/base/strings.o
  CXX(target) /Users/ziangwang/Sources/vibeos/target/node-runtime/fresh-57/source/node-v24.14.0/out/Release/obj.target/v8_libbase/deps/v8/src/base/sys-info.o
  CXX(target) /Users/ziangwang/Sources/vibeos/target/node-runtime/fresh-57/source/node-v24.14.0/out/Release/obj.target/v8_libbase/deps/v8/src/base/utils/random-number-generator.o
  CXX(target) /Users/ziangwang/Sources/vibeos/target/node-runtime/fresh-57/source/node-v24.14.0/out/Release/obj.target/v8_libbase/deps/v8/src/base/virtual-address-space-page-allocator.o
  CXX(target) /Users/ziangwang/Sources/vibeos/target/node-runtime/fresh-57/source/node-v24.14.0/out/Release/obj.target/v8_libbase/deps/v8/src/base/virtual-address-space.o
  CXX(target) /Users/ziangwang/Sources/vibeos/target/node-runtime/fresh-57/source/node-v24.14.0/out/Release/obj.target/v8_libbase/deps/v8/src/base/vlq-base64.o
  CXX(target) /Users/ziangwang/Sources/vibeos/target/node-runtime/fresh-57/source/node-v24.14.0/out/Release/obj.target/v8_libbase/deps/v8/src/base/platform/platform-vibeos-memory.o
  CXX(target) /Users/ziangwang/Sources/vibeos/target/node-runtime/fresh-57/source/node-v24.14.0/out/Release/obj.target/v8_libbase/deps/v8/src/base/platform/platform-vibeos-time.o
  CXX(target) /Users/ziangwang/Sources/vibeos/target/node-runtime/fresh-57/source/node-v24.14.0/out/Release/obj.target/v8_libbase/deps/v8/src/base/platform/platform-vibeos-stack.o
  CXX(target) /Users/ziangwang/Sources/vibeos/target/node-runtime/fresh-57/source/node-v24.14.0/out/Release/obj.target/v8_libbase/deps/v8/src/base/platform/platform-vibeos-thread.o
  CXX(target) /Users/ziangwang/Sources/vibeos/target/node-runtime/fresh-57/source/node-v24.14.0/out/Release/obj.target/v8_libbase/deps/v8/src/base/platform/platform-vibeos-format.o
  CXX(target) /Users/ziangwang/Sources/vibeos/target/node-runtime/fresh-57/source/node-v24.14.0/out/Release/obj.target/v8_libbase/deps/v8/src/base/platform/platform-vibeos-stdio.o
  CXX(target) /Users/ziangwang/Sources/vibeos/target/node-runtime/fresh-57/source/node-v24.14.0/out/Release/obj.target/v8_libbase/deps/v8/src/base/platform/platform-vibeos-timezone.o
  CXX(target) /Users/ziangwang/Sources/vibeos/target/node-runtime/fresh-57/source/node-v24.14.0/out/Release/obj.target/v8_libbase/deps/v8/src/base/platform/platform-vibeos-lifecycle.o
  CXX(target) /Users/ziangwang/Sources/vibeos/target/node-runtime/fresh-57/source/node-v24.14.0/out/Release/obj.target/v8_libbase/deps/v8/src/base/platform/platform-vibeos-debug.o
  CXX(target) /Users/ziangwang/Sources/vibeos/target/node-runtime/fresh-57/source/node-v24.14.0/out/Release/obj.target/v8_libbase/deps/v8/src/base/platform/platform-vibeos-file.o
make: Nothing to be done for `abseil'.
  CXX(target) /Users/ziangwang/Sources/vibeos/target/node-runtime/fresh-57/source/node-v24.14.0/out/Release/obj.target/v8_libbase/deps/v8/src/base/platform/platform-vibeos-libc.o
  AR(target) /Users/ziangwang/Sources/vibeos/target/node-runtime/fresh-57/source/node-v24.14.0/out/Release/obj.target/tools/v8_gypfiles/libsimdutf.a
  AR(target) /Users/ziangwang/Sources/vibeos/target/node-runtime/fresh-57/source/node-v24.14.0/out/Release/obj.target/tools/v8_gypfiles/libhighway.a
  AR(host) /Users/ziangwang/Sources/vibeos/target/node-runtime/fresh-57/source/node-v24.14.0/out/Release/obj.host/tools/v8_gypfiles/libv8_libbase.a
  CXX(host) /Users/ziangwang/Sources/vibeos/target/node-runtime/fresh-57/source/node-v24.14.0/out/Release/obj.host/bytecode_builtins_list_generator/deps/v8/src/builtins/generate-bytecodes-builtins-list.o
  CXX(host) /Users/ziangwang/Sources/vibeos/target/node-runtime/fresh-57/source/node-v24.14.0/out/Release/obj.host/bytecode_builtins_list_generator/deps/v8/src/interpreter/bytecode-operands.o
  CXX(host) /Users/ziangwang/Sources/vibeos/target/node-runtime/fresh-57/source/node-v24.14.0/out/Release/obj.host/bytecode_builtins_list_generator/deps/v8/src/interpreter/bytecodes.o
  TOUCH /Users/ziangwang/Sources/vibeos/target/node-runtime/fresh-57/source/node-v24.14.0/out/Release/obj.host/tools/v8_gypfiles/v8_shared_internal_headers.stamp
  AR(target) /Users/ziangwang/Sources/vibeos/target/node-runtime/fresh-57/source/node-v24.14.0/out/Release/obj.target/tools/v8_gypfiles/libv8_libbase.a
  CXX(host) /Users/ziangwang/Sources/vibeos/target/node-runtime/fresh-57/source/node-v24.14.0/out/Release/obj.host/torque_base/deps/v8/src/torque/cc-generator.o
  CXX(host) /Users/ziangwang/Sources/vibeos/target/node-runtime/fresh-57/source/node-v24.14.0/out/Release/obj.host/torque_base/deps/v8/src/torque/cfg.o
  CXX(host) /Users/ziangwang/Sources/vibeos/target/node-runtime/fresh-57/source/node-v24.14.0/out/Release/obj.host/torque_base/deps/v8/src/torque/class-debug-reader-generator.o
  CXX(host) /Users/ziangwang/Sources/vibeos/target/node-runtime/fresh-57/source/node-v24.14.0/out/Release/obj.host/torque_base/deps/v8/src/torque/cpp-builder.o
  CXX(host) /Users/ziangwang/Sources/vibeos/target/node-runtime/fresh-57/source/node-v24.14.0/out/Release/obj.host/torque_base/deps/v8/src/torque/csa-generator.o
  CXX(host) /Users/ziangwang/Sources/vibeos/target/node-runtime/fresh-57/source/node-v24.14.0/out/Release/obj.host/torque_base/deps/v8/src/torque/declarable.o
  CXX(host) /Users/ziangwang/Sources/vibeos/target/node-runtime/fresh-57/source/node-v24.14.0/out/Release/obj.host/torque_base/deps/v8/src/torque/declaration-visitor.o
  CXX(host) /Users/ziangwang/Sources/vibeos/target/node-runtime/fresh-57/source/node-v24.14.0/out/Release/obj.host/torque_base/deps/v8/src/torque/declarations.o
  CXX(host) /Users/ziangwang/Sources/vibeos/target/node-runtime/fresh-57/source/node-v24.14.0/out/Release/obj.host/torque_base/deps/v8/src/torque/earley-parser.o
  CXX(host) /Users/ziangwang/Sources/vibeos/target/node-runtime/fresh-57/source/node-v24.14.0/out/Release/obj.host/torque_base/deps/v8/src/torque/global-context.o
  CXX(host) /Users/ziangwang/Sources/vibeos/target/node-runtime/fresh-57/source/node-v24.14.0/out/Release/obj.host/torque_base/deps/v8/src/torque/implementation-visitor.o
  CXX(host) /Users/ziangwang/Sources/vibeos/target/node-runtime/fresh-57/source/node-v24.14.0/out/Release/obj.host/torque_base/deps/v8/src/torque/instance-type-generator.o
  CXX(host) /Users/ziangwang/Sources/vibeos/target/node-runtime/fresh-57/source/node-v24.14.0/out/Release/obj.host/torque_base/deps/v8/src/torque/instructions.o
  CXX(host) /Users/ziangwang/Sources/vibeos/target/node-runtime/fresh-57/source/node-v24.14.0/out/Release/obj.host/torque_base/deps/v8/src/torque/kythe-data.o
  CXX(host) /Users/ziangwang/Sources/vibeos/target/node-runtime/fresh-57/source/node-v24.14.0/out/Release/obj.host/torque_base/deps/v8/src/torque/server-data.o
  CXX(host) /Users/ziangwang/Sources/vibeos/target/node-runtime/fresh-57/source/node-v24.14.0/out/Release/obj.host/torque_base/deps/v8/src/torque/source-positions.o
  CXX(host) /Users/ziangwang/Sources/vibeos/target/node-runtime/fresh-57/source/node-v24.14.0/out/Release/obj.host/torque_base/deps/v8/src/torque/torque-code-generator.o
  CXX(host) /Users/ziangwang/Sources/vibeos/target/node-runtime/fresh-57/source/node-v24.14.0/out/Release/obj.host/torque_base/deps/v8/src/torque/torque-compiler.o
  CXX(host) /Users/ziangwang/Sources/vibeos/target/node-runtime/fresh-57/source/node-v24.14.0/out/Release/obj.host/torque_base/deps/v8/src/torque/torque-parser.o
  CXX(host) /Users/ziangwang/Sources/vibeos/target/node-runtime/fresh-57/source/node-v24.14.0/out/Release/obj.host/torque_base/deps/v8/src/torque/type-inference.o
  CXX(host) /Users/ziangwang/Sources/vibeos/target/node-runtime/fresh-57/source/node-v24.14.0/out/Release/obj.host/torque_base/deps/v8/src/torque/type-oracle.o
  CXX(host) /Users/ziangwang/Sources/vibeos/target/node-runtime/fresh-57/source/node-v24.14.0/out/Release/obj.host/torque_base/deps/v8/src/torque/type-visitor.o
  CXX(host) /Users/ziangwang/Sources/vibeos/target/node-runtime/fresh-57/source/node-v24.14.0/out/Release/obj.host/torque_base/deps/v8/src/torque/types.o
  CXX(host) /Users/ziangwang/Sources/vibeos/target/node-runtime/fresh-57/source/node-v24.14.0/out/Release/obj.host/torque_base/deps/v8/src/torque/utils.o
  TOUCH /Users/ziangwang/Sources/vibeos/target/node-runtime/fresh-57/source/node-v24.14.0/out/Release/obj.host/tools/v8_gypfiles/v8_flags.stamp
make: Nothing to be done for `v8_libbase'.
  TOUCH /Users/ziangwang/Sources/vibeos/target/node-runtime/fresh-57/source/node-v24.14.0/out/Release/obj.target/tools/v8_gypfiles/v8_shared_internal_headers.stamp
  LINK(host) /Users/ziangwang/Sources/vibeos/target/node-runtime/fresh-57/source/node-v24.14.0/out/Release/bytecode_builtins_list_generator
  TOUCH /Users/ziangwang/Sources/vibeos/target/node-runtime/fresh-57/source/node-v24.14.0/out/Release/obj.target/tools/v8_gypfiles/v8_flags.stamp
  ACTION _Users_ziangwang_Sources_vibeos_target_node_runtime_fresh_57_source_node_v24_14_0_tools_v8_gypfiles_v8_gyp_generate_bytecode_builtins_list_target_generate_bytecode_builtins_list_action /Users/ziangwang/Sources/vibeos/target/node-runtime/fresh-57/source/node-v24.14.0/out/Release/obj/gen/generate-bytecode-output-root/builtins-generated/bytecodes-builtins-list.h
  TOUCH /Users/ziangwang/Sources/vibeos/target/node-runtime/fresh-57/source/node-v24.14.0/out/Release/obj.target/tools/v8_gypfiles/generate_bytecode_builtins_list.stamp
  TOUCH /Users/ziangwang/Sources/vibeos/target/node-runtime/fresh-57/source/node-v24.14.0/out/Release/obj.host/tools/v8_gypfiles/generate_bytecode_builtins_list.stamp
  AR(host) /Users/ziangwang/Sources/vibeos/target/node-runtime/fresh-57/source/node-v24.14.0/out/Release/obj.host/tools/v8_gypfiles/libtorque_base.a
  CXX(host) /Users/ziangwang/Sources/vibeos/target/node-runtime/fresh-57/source/node-v24.14.0/out/Release/obj.host/torque/deps/v8/src/torque/torque.o
  LINK(host) /Users/ziangwang/Sources/vibeos/target/node-runtime/fresh-57/source/node-v24.14.0/out/Release/torque
  TOUCH dbdaaaf9793d49667b523366085279f929ebedb54f30d56698cbfa2ed0e7e3c2.intermediate
  TOUCH 750978ffde1a38783d939be045ef0afff3e89bbe26d02d4a922e6d12228c9101.intermediate
  ACTION _Users_ziangwang_Sources_vibeos_target_node_runtime_fresh_57_source_node_v24_14_0_tools_v8_gypfiles_v8_gyp_run_torque_host_run_torque_action 750978ffde1a38783d939be045ef0afff3e89bbe26d02d4a922e6d12228c9101.intermediate
  ACTION _Users_ziangwang_Sources_vibeos_target_node_runtime_fresh_57_source_node_v24_14_0_tools_v8_gypfiles_v8_gyp_run_torque_target_run_torque_action dbdaaaf9793d49667b523366085279f929ebedb54f30d56698cbfa2ed0e7e3c2.intermediate
  TOUCH /Users/ziangwang/Sources/vibeos/target/node-runtime/fresh-57/source/node-v24.14.0/out/Release/obj.target/tools/v8_gypfiles/run_torque.stamp
  TOUCH /Users/ziangwang/Sources/vibeos/target/node-runtime/fresh-57/source/node-v24.14.0/out/Release/obj.host/tools/v8_gypfiles/run_torque.stamp
  TOUCH /Users/ziangwang/Sources/vibeos/target/node-runtime/fresh-57/source/node-v24.14.0/out/Release/obj.target/tools/v8_gypfiles/v8_internal_headers.stamp
  TOUCH /Users/ziangwang/Sources/vibeos/target/node-runtime/fresh-57/source/node-v24.14.0/out/Release/obj.host/tools/v8_gypfiles/v8_internal_headers.stamp
  ACTION _Users_ziangwang_Sources_vibeos_target_node_runtime_fresh_57_source_node_v24_14_0_tools_v8_gypfiles_v8_gyp_postmortem_metadata_target_gen_postmortem_metadata /Users/ziangwang/Sources/vibeos/target/node-runtime/fresh-57/source/node-v24.14.0/out/Release/obj/gen/debug-support.cc
  CXX(host) /Users/ziangwang/Sources/vibeos/target/node-runtime/fresh-57/source/node-v24.14.0/out/Release/obj.host/v8_init/deps/v8/src/init/setup-isolate-full.o
  CXX(target) /Users/ziangwang/Sources/vibeos/target/node-runtime/fresh-57/source/node-v24.14.0/out/Release/obj.target/v8_compiler/deps/v8/src/maglev/maglev-compilation-info.o
  CXX(target) /Users/ziangwang/Sources/vibeos/target/node-runtime/fresh-57/source/node-v24.14.0/out/Release/obj.target/v8_compiler/deps/v8/src/maglev/maglev-compilation-unit.o
  CXX(target) /Users/ziangwang/Sources/vibeos/target/node-runtime/fresh-57/source/node-v24.14.0/out/Release/obj.target/v8_compiler/deps/v8/src/maglev/maglev-graph-builder.o
  CXX(target) /Users/ziangwang/Sources/vibeos/target/node-runtime/fresh-57/source/node-v24.14.0/out/Release/obj.target/v8_compiler/deps/v8/src/maglev/maglev-graph-printer.o
  CXX(target) /Users/ziangwang/Sources/vibeos/target/node-runtime/fresh-57/source/node-v24.14.0/out/Release/obj.target/v8_compiler/deps/v8/src/maglev/maglev-interpreter-frame-state.o
  CXX(target) /Users/ziangwang/Sources/vibeos/target/node-runtime/fresh-57/source/node-v24.14.0/out/Release/obj.target/v8_compiler/deps/v8/src/maglev/maglev-ir.o
  CXX(target) /Users/ziangwang/Sources/vibeos/target/node-runtime/fresh-57/source/node-v24.14.0/out/Release/obj.target/v8_compiler/deps/v8/src/maglev/maglev-phi-representation-selector.o
  CXX(target) /Users/ziangwang/Sources/vibeos/target/node-runtime/fresh-57/source/node-v24.14.0/out/Release/obj.target/v8_compiler/deps/v8/src/compiler/access-builder.o
  CXX(target) /Users/ziangwang/Sources/vibeos/target/node-runtime/fresh-57/source/node-v24.14.0/out/Release/obj.target/v8_compiler/deps/v8/src/compiler/access-info.o
  CXX(target) /Users/ziangwang/Sources/vibeos/target/node-runtime/fresh-57/source/node-v24.14.0/out/Release/obj.target/v8_compiler/deps/v8/src/compiler/add-type-assertions-reducer.o
  CXX(target) /Users/ziangwang/Sources/vibeos/target/node-runtime/fresh-57/source/node-v24.14.0/out/Release/obj.target/v8_compiler/deps/v8/src/compiler/all-nodes.o
  CXX(target) /Users/ziangwang/Sources/vibeos/target/node-runtime/fresh-57/source/node-v24.14.0/out/Release/obj.target/v8_compiler/deps/v8/src/compiler/backend/bitcast-elider.o
  CXX(target) /Users/ziangwang/Sources/vibeos/target/node-runtime/fresh-57/source/node-v24.14.0/out/Release/obj.target/v8_compiler/deps/v8/src/compiler/backend/code-generator.o
  CXX(target) /Users/ziangwang/Sources/vibeos/target/node-runtime/fresh-57/source/node-v24.14.0/out/Release/obj.target/v8_compiler/deps/v8/src/compiler/backend/frame-elider.o
  CXX(target) /Users/ziangwang/Sources/vibeos/target/node-runtime/fresh-57/source/node-v24.14.0/out/Release/obj.target/v8_compiler/deps/v8/src/compiler/backend/gap-resolver.o
  CXX(target) /Users/ziangwang/Sources/vibeos/target/node-runtime/fresh-57/source/node-v24.14.0/out/Release/obj.target/v8_compiler/deps/v8/src/compiler/backend/instruction-scheduler.o
  CXX(target) /Users/ziangwang/Sources/vibeos/target/node-runtime/fresh-57/source/node-v24.14.0/out/Release/obj.target/v8_compiler/deps/v8/src/compiler/backend/instruction-selector.o
  CXX(target) /Users/ziangwang/Sources/vibeos/target/node-runtime/fresh-57/source/node-v24.14.0/out/Release/obj.target/v8_compiler/deps/v8/src/compiler/backend/instruction.o
  CXX(target) /Users/ziangwang/Sources/vibeos/target/node-runtime/fresh-57/source/node-v24.14.0/out/Release/obj.target/v8_compiler/deps/v8/src/compiler/backend/jump-threading.o
  CXX(target) /Users/ziangwang/Sources/vibeos/target/node-runtime/fresh-57/source/node-v24.14.0/out/Release/obj.target/v8_compiler/deps/v8/src/compiler/backend/move-optimizer.o
  CXX(target) /Users/ziangwang/Sources/vibeos/target/node-runtime/fresh-57/source/node-v24.14.0/out/Release/obj.target/v8_compiler/deps/v8/src/compiler/backend/register-allocator-verifier.o
  CXX(target) /Users/ziangwang/Sources/vibeos/target/node-runtime/fresh-57/source/node-v24.14.0/out/Release/obj.target/v8_compiler/deps/v8/src/compiler/backend/register-allocator.o
  CXX(target) /Users/ziangwang/Sources/vibeos/target/node-runtime/fresh-57/source/node-v24.14.0/out/Release/obj.target/v8_compiler/deps/v8/src/compiler/backend/spill-placer.o
  CXX(target) /Users/ziangwang/Sources/vibeos/target/node-runtime/fresh-57/source/node-v24.14.0/out/Release/obj.target/v8_compiler/deps/v8/src/compiler/basic-block-instrumentor.o
  CXX(target) /Users/ziangwang/Sources/vibeos/target/node-runtime/fresh-57/source/node-v24.14.0/out/Release/obj.target/v8_compiler/deps/v8/src/compiler/branch-elimination.o
  CXX(target) /Users/ziangwang/Sources/vibeos/target/node-runtime/fresh-57/source/node-v24.14.0/out/Release/obj.target/v8_compiler/deps/v8/src/compiler/bytecode-analysis.o
  CXX(target) /Users/ziangwang/Sources/vibeos/target/node-runtime/fresh-57/source/node-v24.14.0/out/Release/obj.target/v8_compiler/deps/v8/src/compiler/bytecode-graph-builder.o
  CXX(target) /Users/ziangwang/Sources/vibeos/target/node-runtime/fresh-57/source/node-v24.14.0/out/Release/obj.target/v8_compiler/deps/v8/src/compiler/bytecode-liveness-map.o
  CXX(target) /Users/ziangwang/Sources/vibeos/target/node-runtime/fresh-57/source/node-v24.14.0/out/Release/obj.target/v8_compiler/deps/v8/src/compiler/c-linkage.o
  CXX(target) /Users/ziangwang/Sources/vibeos/target/node-runtime/fresh-57/source/node-v24.14.0/out/Release/obj.target/v8_compiler/deps/v8/src/compiler/checkpoint-elimination.o
  CXX(target) /Users/ziangwang/Sources/vibeos/target/node-runtime/fresh-57/source/node-v24.14.0/out/Release/obj.target/v8_compiler/deps/v8/src/compiler/code-assembler.o
  CXX(target) /Users/ziangwang/Sources/vibeos/target/node-runtime/fresh-57/source/node-v24.14.0/out/Release/obj.target/v8_compiler/deps/v8/src/compiler/common-node-cache.o
  CXX(target) /Users/ziangwang/Sources/vibeos/target/node-runtime/fresh-57/source/node-v24.14.0/out/Release/obj.target/v8_compiler/deps/v8/src/compiler/common-operator-reducer.o
  CXX(target) /Users/ziangwang/Sources/vibeos/target/node-runtime/fresh-57/source/node-v24.14.0/out/Release/obj.target/v8_compiler/deps/v8/src/compiler/common-operator.o
  CXX(target) /Users/ziangwang/Sources/vibeos/target/node-runtime/fresh-57/source/node-v24.14.0/out/Release/obj.target/v8_compiler/deps/v8/src/compiler/compilation-dependencies.o
  CXX(target) /Users/ziangwang/Sources/vibeos/target/node-runtime/fresh-57/source/node-v24.14.0/out/Release/obj.target/v8_compiler/deps/v8/src/compiler/compiler-source-position-table.o
  CXX(target) /Users/ziangwang/Sources/vibeos/target/node-runtime/fresh-57/source/node-v24.14.0/out/Release/obj.target/v8_compiler/deps/v8/src/compiler/constant-folding-reducer.o
  CXX(target) /Users/ziangwang/Sources/vibeos/target/node-runtime/fresh-57/source/node-v24.14.0/out/Release/obj.target/v8_compiler/deps/v8/src/compiler/control-equivalence.o
  CXX(target) /Users/ziangwang/Sources/vibeos/target/node-runtime/fresh-57/source/node-v24.14.0/out/Release/obj.target/v8_compiler/deps/v8/src/compiler/csa-load-elimination.o
  CXX(target) /Users/ziangwang/Sources/vibeos/target/node-runtime/fresh-57/source/node-v24.14.0/out/Release/obj.target/v8_compiler/deps/v8/src/compiler/dead-code-elimination.o
  CXX(target) /Users/ziangwang/Sources/vibeos/target/node-runtime/fresh-57/source/node-v24.14.0/out/Release/obj.target/v8_compiler/deps/v8/src/compiler/escape-analysis-reducer.o
  CXX(target) /Users/ziangwang/Sources/vibeos/target/node-runtime/fresh-57/source/node-v24.14.0/out/Release/obj.target/v8_compiler/deps/v8/src/compiler/escape-analysis.o
  CXX(target) /Users/ziangwang/Sources/vibeos/target/node-runtime/fresh-57/source/node-v24.14.0/out/Release/obj.target/v8_compiler/deps/v8/src/compiler/fast-api-calls.o
  CXX(target) /Users/ziangwang/Sources/vibeos/target/node-runtime/fresh-57/source/node-v24.14.0/out/Release/obj.target/v8_compiler/deps/v8/src/compiler/feedback-source.o
  CXX(target) /Users/ziangwang/Sources/vibeos/target/node-runtime/fresh-57/source/node-v24.14.0/out/Release/obj.target/v8_compiler/deps/v8/src/compiler/frame-states.o
  CXX(target) /Users/ziangwang/Sources/vibeos/target/node-runtime/fresh-57/source/node-v24.14.0/out/Release/obj.target/v8_compiler/deps/v8/src/compiler/frame.o
  CXX(target) /Users/ziangwang/Sources/vibeos/target/node-runtime/fresh-57/source/node-v24.14.0/out/Release/obj.target/v8_compiler/deps/v8/src/compiler/graph-assembler.o
  CXX(target) /Users/ziangwang/Sources/vibeos/target/node-runtime/fresh-57/source/node-v24.14.0/out/Release/obj.target/v8_compiler/deps/v8/src/compiler/graph-reducer.o
  CXX(target) /Users/ziangwang/Sources/vibeos/target/node-runtime/fresh-57/source/node-v24.14.0/out/Release/obj.target/v8_compiler/deps/v8/src/compiler/graph-trimmer.o
  CXX(target) /Users/ziangwang/Sources/vibeos/target/node-runtime/fresh-57/source/node-v24.14.0/out/Release/obj.target/v8_compiler/deps/v8/src/compiler/heap-refs.o
  CXX(target) /Users/ziangwang/Sources/vibeos/target/node-runtime/fresh-57/source/node-v24.14.0/out/Release/obj.target/v8_compiler/deps/v8/src/compiler/js-call-reducer.o
  CXX(target) /Users/ziangwang/Sources/vibeos/target/node-runtime/fresh-57/source/node-v24.14.0/out/Release/obj.target/v8_compiler/deps/v8/src/compiler/js-context-specialization.o
  CXX(target) /Users/ziangwang/Sources/vibeos/target/node-runtime/fresh-57/source/node-v24.14.0/out/Release/obj.target/v8_compiler/deps/v8/src/compiler/js-create-lowering.o
  CXX(target) /Users/ziangwang/Sources/vibeos/target/node-runtime/fresh-57/source/node-v24.14.0/out/Release/obj.target/v8_compiler/deps/v8/src/compiler/js-generic-lowering.o
  CXX(target) /Users/ziangwang/Sources/vibeos/target/node-runtime/fresh-57/source/node-v24.14.0/out/Release/obj.target/v8_compiler/deps/v8/src/compiler/js-graph.o
  CXX(target) /Users/ziangwang/Sources/vibeos/target/node-runtime/fresh-57/source/node-v24.14.0/out/Release/obj.target/v8_compiler/deps/v8/src/compiler/js-heap-broker.o
  CXX(target) /Users/ziangwang/Sources/vibeos/target/node-runtime/fresh-57/source/node-v24.14.0/out/Release/obj.target/v8_compiler/deps/v8/src/compiler/js-inlining-heuristic.o
  CXX(target) /Users/ziangwang/Sources/vibeos/target/node-runtime/fresh-57/source/node-v24.14.0/out/Release/obj.target/v8_compiler/deps/v8/src/compiler/js-inlining.o
  CXX(target) /Users/ziangwang/Sources/vibeos/target/node-runtime/fresh-57/source/node-v24.14.0/out/Release/obj.target/v8_compiler/deps/v8/src/compiler/js-intrinsic-lowering.o
  CXX(target) /Users/ziangwang/Sources/vibeos/target/node-runtime/fresh-57/source/node-v24.14.0/out/Release/obj.target/v8_compiler/deps/v8/src/compiler/js-native-context-specialization.o
  CXX(target) /Users/ziangwang/Sources/vibeos/target/node-runtime/fresh-57/source/node-v24.14.0/out/Release/obj.target/v8_compiler/deps/v8/src/compiler/js-operator.o
  CXX(target) /Users/ziangwang/Sources/vibeos/target/node-runtime/fresh-57/source/node-v24.14.0/out/Release/obj.target/v8_compiler/deps/v8/src/compiler/js-type-hint-lowering.o
  CXX(target) /Users/ziangwang/Sources/vibeos/target/node-runtime/fresh-57/source/node-v24.14.0/out/Release/obj.target/v8_compiler/deps/v8/src/compiler/js-typed-lowering.o
  CXX(target) /Users/ziangwang/Sources/vibeos/target/node-runtime/fresh-57/source/node-v24.14.0/out/Release/obj.target/v8_compiler/deps/v8/src/compiler/late-escape-analysis.o
  CXX(target) /Users/ziangwang/Sources/vibeos/target/node-runtime/fresh-57/source/node-v24.14.0/out/Release/obj.target/v8_compiler/deps/v8/src/compiler/linkage.o
  CXX(target) /Users/ziangwang/Sources/vibeos/target/node-runtime/fresh-57/source/node-v24.14.0/out/Release/obj.target/v8_compiler/deps/v8/src/compiler/load-elimination.o
  CXX(target) /Users/ziangwang/Sources/vibeos/target/node-runtime/fresh-57/source/node-v24.14.0/out/Release/obj.target/v8_compiler/deps/v8/src/compiler/loop-analysis.o
  CXX(target) /Users/ziangwang/Sources/vibeos/target/node-runtime/fresh-57/source/node-v24.14.0/out/Release/obj.target/v8_compiler/deps/v8/src/compiler/loop-peeling.o
  CXX(target) /Users/ziangwang/Sources/vibeos/target/node-runtime/fresh-57/source/node-v24.14.0/out/Release/obj.target/v8_compiler/deps/v8/src/compiler/loop-unrolling.o
  CXX(target) /Users/ziangwang/Sources/vibeos/target/node-runtime/fresh-57/source/node-v24.14.0/out/Release/obj.target/v8_compiler/deps/v8/src/compiler/loop-variable-optimizer.o
  CXX(target) /Users/ziangwang/Sources/vibeos/target/node-runtime/fresh-57/source/node-v24.14.0/out/Release/obj.target/v8_compiler/deps/v8/src/compiler/machine-graph-verifier.o
  CXX(target) /Users/ziangwang/Sources/vibeos/target/node-runtime/fresh-57/source/node-v24.14.0/out/Release/obj.target/v8_compiler/deps/v8/src/compiler/machine-graph.o
  CXX(target) /Users/ziangwang/Sources/vibeos/target/node-runtime/fresh-57/source/node-v24.14.0/out/Release/obj.target/v8_compiler/deps/v8/src/compiler/machine-operator-reducer.o
  CXX(target) /Users/ziangwang/Sources/vibeos/target/node-runtime/fresh-57/source/node-v24.14.0/out/Release/obj.target/v8_compiler/deps/v8/src/compiler/machine-operator.o
  CXX(target) /Users/ziangwang/Sources/vibeos/target/node-runtime/fresh-57/source/node-v24.14.0/out/Release/obj.target/v8_compiler/deps/v8/src/compiler/map-inference.o
  CXX(target) /Users/ziangwang/Sources/vibeos/target/node-runtime/fresh-57/source/node-v24.14.0/out/Release/obj.target/v8_compiler/deps/v8/src/compiler/memory-lowering.o
  CXX(target) /Users/ziangwang/Sources/vibeos/target/node-runtime/fresh-57/source/node-v24.14.0/out/Release/obj.target/v8_compiler/deps/v8/src/compiler/memory-optimizer.o
  CXX(target) /Users/ziangwang/Sources/vibeos/target/node-runtime/fresh-57/source/node-v24.14.0/out/Release/obj.target/v8_compiler/deps/v8/src/compiler/node-marker.o
  CXX(target) /Users/ziangwang/Sources/vibeos/target/node-runtime/fresh-57/source/node-v24.14.0/out/Release/obj.target/v8_compiler/deps/v8/src/compiler/node-matchers.o
  CXX(target) /Users/ziangwang/Sources/vibeos/target/node-runtime/fresh-57/source/node-v24.14.0/out/Release/obj.target/v8_compiler/deps/v8/src/compiler/node-observer.o
  CXX(target) /Users/ziangwang/Sources/vibeos/target/node-runtime/fresh-57/source/node-v24.14.0/out/Release/obj.target/v8_compiler/deps/v8/src/compiler/node-origin-table.o
  CXX(target) /Users/ziangwang/Sources/vibeos/target/node-runtime/fresh-57/source/node-v24.14.0/out/Release/obj.target/v8_compiler/deps/v8/src/compiler/node-properties.o
  CXX(target) /Users/ziangwang/Sources/vibeos/target/node-runtime/fresh-57/source/node-v24.14.0/out/Release/obj.target/v8_compiler/deps/v8/src/compiler/node.o
  CXX(target) /Users/ziangwang/Sources/vibeos/target/node-runtime/fresh-57/source/node-v24.14.0/out/Release/obj.target/v8_compiler/deps/v8/src/compiler/opcodes.o
  CXX(target) /Users/ziangwang/Sources/vibeos/target/node-runtime/fresh-57/source/node-v24.14.0/out/Release/obj.target/v8_compiler/deps/v8/src/compiler/operation-typer.o
  CXX(target) /Users/ziangwang/Sources/vibeos/target/node-runtime/fresh-57/source/node-v24.14.0/out/Release/obj.target/v8_compiler/deps/v8/src/compiler/operator-properties.o
  CXX(target) /Users/ziangwang/Sources/vibeos/target/node-runtime/fresh-57/source/node-v24.14.0/out/Release/obj.target/v8_compiler/deps/v8/src/compiler/operator.o
  CXX(target) /Users/ziangwang/Sources/vibeos/target/node-runtime/fresh-57/source/node-v24.14.0/out/Release/obj.target/v8_compiler/deps/v8/src/compiler/osr.o
  CXX(target) /Users/ziangwang/Sources/vibeos/target/node-runtime/fresh-57/source/node-v24.14.0/out/Release/obj.target/v8_compiler/deps/v8/src/compiler/pair-load-store-reducer.o
  CXX(target) /Users/ziangwang/Sources/vibeos/target/node-runtime/fresh-57/source/node-v24.14.0/out/Release/obj.target/v8_compiler/deps/v8/src/compiler/pipeline-statistics.o
  CXX(target) /Users/ziangwang/Sources/vibeos/target/node-runtime/fresh-57/source/node-v24.14.0/out/Release/obj.target/v8_compiler/deps/v8/src/compiler/pipeline.o
  CXX(target) /Users/ziangwang/Sources/vibeos/target/node-runtime/fresh-57/source/node-v24.14.0/out/Release/obj.target/v8_compiler/deps/v8/src/compiler/property-access-builder.o
  CXX(target) /Users/ziangwang/Sources/vibeos/target/node-runtime/fresh-57/source/node-v24.14.0/out/Release/obj.target/v8_compiler/deps/v8/src/compiler/raw-machine-assembler.o
  CXX(target) /Users/ziangwang/Sources/vibeos/target/node-runtime/fresh-57/source/node-v24.14.0/out/Release/obj.target/v8_compiler/deps/v8/src/compiler/redundancy-elimination.o
  CXX(target) /Users/ziangwang/Sources/vibeos/target/node-runtime/fresh-57/source/node-v24.14.0/out/Release/obj.target/v8_compiler/deps/v8/src/compiler/refs-map.o
  CXX(target) /Users/ziangwang/Sources/vibeos/target/node-runtime/fresh-57/source/node-v24.14.0/out/Release/obj.target/v8_compiler/deps/v8/src/compiler/representation-change.o
  CXX(target) /Users/ziangwang/Sources/vibeos/target/node-runtime/fresh-57/source/node-v24.14.0/out/Release/obj.target/v8_compiler/deps/v8/src/compiler/schedule.o
  CXX(target) /Users/ziangwang/Sources/vibeos/target/node-runtime/fresh-57/source/node-v24.14.0/out/Release/obj.target/v8_compiler/deps/v8/src/compiler/scheduler.o
  CXX(target) /Users/ziangwang/Sources/vibeos/target/node-runtime/fresh-57/source/node-v24.14.0/out/Release/obj.target/v8_compiler/deps/v8/src/compiler/select-lowering.o
  CXX(target) /Users/ziangwang/Sources/vibeos/target/node-runtime/fresh-57/source/node-v24.14.0/out/Release/obj.target/v8_compiler/deps/v8/src/compiler/simplified-lowering-verifier.o
  CXX(target) /Users/ziangwang/Sources/vibeos/target/node-runtime/fresh-57/source/node-v24.14.0/out/Release/obj.target/v8_compiler/deps/v8/src/compiler/simplified-lowering.o
  CXX(target) /Users/ziangwang/Sources/vibeos/target/node-runtime/fresh-57/source/node-v24.14.0/out/Release/obj.target/v8_compiler/deps/v8/src/compiler/simplified-operator-reducer.o
  CXX(target) /Users/ziangwang/Sources/vibeos/target/node-runtime/fresh-57/source/node-v24.14.0/out/Release/obj.target/v8_compiler/deps/v8/src/compiler/simplified-operator.o
  CXX(target) /Users/ziangwang/Sources/vibeos/target/node-runtime/fresh-57/source/node-v24.14.0/out/Release/obj.target/v8_compiler/deps/v8/src/compiler/state-values-utils.o
  CXX(target) /Users/ziangwang/Sources/vibeos/target/node-runtime/fresh-57/source/node-v24.14.0/out/Release/obj.target/v8_compiler/deps/v8/src/compiler/string-builder-optimizer.o
  CXX(target) /Users/ziangwang/Sources/vibeos/target/node-runtime/fresh-57/source/node-v24.14.0/out/Release/obj.target/v8_compiler/deps/v8/src/compiler/turbofan-enabled.o
  CXX(target) /Users/ziangwang/Sources/vibeos/target/node-runtime/fresh-57/source/node-v24.14.0/out/Release/obj.target/v8_compiler/deps/v8/src/compiler/turbofan-graph-visualizer.o
  CXX(target) /Users/ziangwang/Sources/vibeos/target/node-runtime/fresh-57/source/node-v24.14.0/out/Release/obj.target/v8_compiler/deps/v8/src/compiler/turbofan-graph.o
  CXX(target) /Users/ziangwang/Sources/vibeos/target/node-runtime/fresh-57/source/node-v24.14.0/out/Release/obj.target/v8_compiler/deps/v8/src/compiler/turbofan-typer.o
  CXX(target) /Users/ziangwang/Sources/vibeos/target/node-runtime/fresh-57/source/node-v24.14.0/out/Release/obj.target/v8_compiler/deps/v8/src/compiler/turbofan-types.o
  CXX(target) /Users/ziangwang/Sources/vibeos/target/node-runtime/fresh-57/source/node-v24.14.0/out/Release/obj.target/v8_compiler/deps/v8/src/compiler/turboshaft/analyzer-iterator.o
  CXX(target) /Users/ziangwang/Sources/vibeos/target/node-runtime/fresh-57/source/node-v24.14.0/out/Release/obj.target/v8_compiler/deps/v8/src/compiler/turboshaft/assembler.o
  CXX(target) /Users/ziangwang/Sources/vibeos/target/node-runtime/fresh-57/source/node-v24.14.0/out/Release/obj.target/v8_compiler/deps/v8/src/compiler/turboshaft/block-instrumentation-phase.o
  CXX(target) /Users/ziangwang/Sources/vibeos/target/node-runtime/fresh-57/source/node-v24.14.0/out/Release/obj.target/v8_compiler/deps/v8/src/compiler/turboshaft/block-instrumentation-reducer.o
  CXX(target) /Users/ziangwang/Sources/vibeos/target/node-runtime/fresh-57/source/node-v24.14.0/out/Release/obj.target/v8_compiler/deps/v8/src/compiler/turboshaft/build-graph-phase.o
  CXX(target) /Users/ziangwang/Sources/vibeos/target/node-runtime/fresh-57/source/node-v24.14.0/out/Release/obj.target/v8_compiler/deps/v8/src/compiler/turboshaft/code-elimination-and-simplification-phase.o
  CXX(target) /Users/ziangwang/Sources/vibeos/target/node-runtime/fresh-57/source/node-v24.14.0/out/Release/obj.target/v8_compiler/deps/v8/src/compiler/turboshaft/copying-phase.o
  CXX(target) /Users/ziangwang/Sources/vibeos/target/node-runtime/fresh-57/source/node-v24.14.0/out/Release/obj.target/v8_compiler/deps/v8/src/compiler/turboshaft/csa-optimize-phase.o
  CXX(target) /Users/ziangwang/Sources/vibeos/target/node-runtime/fresh-57/source/node-v24.14.0/out/Release/obj.target/v8_compiler/deps/v8/src/compiler/turboshaft/debug-feature-lowering-phase.o
  CXX(target) /Users/ziangwang/Sources/vibeos/target/node-runtime/fresh-57/source/node-v24.14.0/out/Release/obj.target/v8_compiler/deps/v8/src/compiler/turboshaft/decompression-optimization-phase.o
  CXX(target) /Users/ziangwang/Sources/vibeos/target/node-runtime/fresh-57/source/node-v24.14.0/out/Release/obj.target/v8_compiler/deps/v8/src/compiler/turboshaft/decompression-optimization.o
  CXX(target) /Users/ziangwang/Sources/vibeos/target/node-runtime/fresh-57/source/node-v24.14.0/out/Release/obj.target/v8_compiler/deps/v8/src/compiler/turboshaft/graph-builder.o
  CXX(target) /Users/ziangwang/Sources/vibeos/target/node-runtime/fresh-57/source/node-v24.14.0/out/Release/obj.target/v8_compiler/deps/v8/src/compiler/turboshaft/graph-visualizer.o
  CXX(target) /Users/ziangwang/Sources/vibeos/target/node-runtime/fresh-57/source/node-v24.14.0/out/Release/obj.target/v8_compiler/deps/v8/src/compiler/turboshaft/graph.o
  CXX(target) /Users/ziangwang/Sources/vibeos/target/node-runtime/fresh-57/source/node-v24.14.0/out/Release/obj.target/v8_compiler/deps/v8/src/compiler/turboshaft/instruction-selection-phase.o
  CXX(target) /Users/ziangwang/Sources/vibeos/target/node-runtime/fresh-57/source/node-v24.14.0/out/Release/obj.target/v8_compiler/deps/v8/src/compiler/turboshaft/late-escape-analysis-reducer.o
  CXX(target) /Users/ziangwang/Sources/vibeos/target/node-runtime/fresh-57/source/node-v24.14.0/out/Release/obj.target/v8_compiler/deps/v8/src/compiler/turboshaft/late-load-elimination-reducer.o
  CXX(target) /Users/ziangwang/Sources/vibeos/target/node-runtime/fresh-57/source/node-v24.14.0/out/Release/obj.target/v8_compiler/deps/v8/src/compiler/turboshaft/loop-finder.o
  CXX(target) /Users/ziangwang/Sources/vibeos/target/node-runtime/fresh-57/source/node-v24.14.0/out/Release/obj.target/v8_compiler/deps/v8/src/compiler/turboshaft/loop-peeling-phase.o
  CXX(target) /Users/ziangwang/Sources/vibeos/target/node-runtime/fresh-57/source/node-v24.14.0/out/Release/obj.target/v8_compiler/deps/v8/src/compiler/turboshaft/loop-unrolling-phase.o
  CXX(target) /Users/ziangwang/Sources/vibeos/target/node-runtime/fresh-57/source/node-v24.14.0/out/Release/obj.target/v8_compiler/deps/v8/src/compiler/turboshaft/loop-unrolling-reducer.o
  CXX(target) /Users/ziangwang/Sources/vibeos/target/node-runtime/fresh-57/source/node-v24.14.0/out/Release/obj.target/v8_compiler/deps/v8/src/compiler/turboshaft/machine-lowering-phase.o
  CXX(target) /Users/ziangwang/Sources/vibeos/target/node-runtime/fresh-57/source/node-v24.14.0/out/Release/obj.target/v8_compiler/deps/v8/src/compiler/turboshaft/memory-optimization-reducer.o
  CXX(target) /Users/ziangwang/Sources/vibeos/target/node-runtime/fresh-57/source/node-v24.14.0/out/Release/obj.target/v8_compiler/deps/v8/src/compiler/turboshaft/operations.o
  CXX(target) /Users/ziangwang/Sources/vibeos/target/node-runtime/fresh-57/source/node-v24.14.0/out/Release/obj.target/v8_compiler/deps/v8/src/compiler/turboshaft/optimize-phase.o
  CXX(target) /Users/ziangwang/Sources/vibeos/target/node-runtime/fresh-57/source/node-v24.14.0/out/Release/obj.target/v8_compiler/deps/v8/src/compiler/turboshaft/phase.o
  CXX(target) /Users/ziangwang/Sources/vibeos/target/node-runtime/fresh-57/source/node-v24.14.0/out/Release/obj.target/v8_compiler/deps/v8/src/compiler/turboshaft/pipelines.o
  CXX(target) /Users/ziangwang/Sources/vibeos/target/node-runtime/fresh-57/source/node-v24.14.0/out/Release/obj.target/v8_compiler/deps/v8/src/compiler/turboshaft/pretenuring-propagation-reducer.o
  CXX(target) /Users/ziangwang/Sources/vibeos/target/node-runtime/fresh-57/source/node-v24.14.0/out/Release/obj.target/v8_compiler/deps/v8/src/compiler/turboshaft/representations.o
  CXX(target) /Users/ziangwang/Sources/vibeos/target/node-runtime/fresh-57/source/node-v24.14.0/out/Release/obj.target/v8_compiler/deps/v8/src/compiler/turboshaft/sidetable.o
  CXX(target) /Users/ziangwang/Sources/vibeos/target/node-runtime/fresh-57/source/node-v24.14.0/out/Release/obj.target/v8_compiler/deps/v8/src/compiler/turboshaft/simplify-tf-loops.o
  CXX(target) /Users/ziangwang/Sources/vibeos/target/node-runtime/fresh-57/source/node-v24.14.0/out/Release/obj.target/v8_compiler/deps/v8/src/compiler/turboshaft/store-store-elimination-phase.o
  CXX(target) /Users/ziangwang/Sources/vibeos/target/node-runtime/fresh-57/source/node-v24.14.0/out/Release/obj.target/v8_compiler/deps/v8/src/compiler/turboshaft/string-escape-analysis-reducer.o
  CXX(target) /Users/ziangwang/Sources/vibeos/target/node-runtime/fresh-57/source/node-v24.14.0/out/Release/obj.target/v8_compiler/deps/v8/src/compiler/turboshaft/turbolev-graph-builder.o
  CXX(target) /Users/ziangwang/Sources/vibeos/target/node-runtime/fresh-57/source/node-v24.14.0/out/Release/obj.target/v8_compiler/deps/v8/src/compiler/turboshaft/type-assertions-phase.o
  CXX(target) /Users/ziangwang/Sources/vibeos/target/node-runtime/fresh-57/source/node-v24.14.0/out/Release/obj.target/v8_compiler/deps/v8/src/compiler/turboshaft/type-parser.o
  CXX(target) /Users/ziangwang/Sources/vibeos/target/node-runtime/fresh-57/source/node-v24.14.0/out/Release/obj.target/v8_compiler/deps/v8/src/compiler/turboshaft/typed-optimizations-phase.o
  CXX(target) /Users/ziangwang/Sources/vibeos/target/node-runtime/fresh-57/source/node-v24.14.0/out/Release/obj.target/v8_compiler/deps/v8/src/compiler/turboshaft/typer.o
  CXX(target) /Users/ziangwang/Sources/vibeos/target/node-runtime/fresh-57/source/node-v24.14.0/out/Release/obj.target/v8_compiler/deps/v8/src/compiler/turboshaft/types.o
  CXX(target) /Users/ziangwang/Sources/vibeos/target/node-runtime/fresh-57/source/node-v24.14.0/out/Release/obj.target/v8_compiler/deps/v8/src/compiler/turboshaft/use-map.o
  CXX(target) /Users/ziangwang/Sources/vibeos/target/node-runtime/fresh-57/source/node-v24.14.0/out/Release/obj.target/v8_compiler/deps/v8/src/compiler/turboshaft/utils.o
  CXX(target) /Users/ziangwang/Sources/vibeos/target/node-runtime/fresh-57/source/node-v24.14.0/out/Release/obj.target/v8_compiler/deps/v8/src/compiler/type-cache.o
  CXX(target) /Users/ziangwang/Sources/vibeos/target/node-runtime/fresh-57/source/node-v24.14.0/out/Release/obj.target/v8_compiler/deps/v8/src/compiler/type-narrowing-reducer.o
  CXX(target) /Users/ziangwang/Sources/vibeos/target/node-runtime/fresh-57/source/node-v24.14.0/out/Release/obj.target/v8_compiler/deps/v8/src/compiler/typed-optimization.o
  CXX(target) /Users/ziangwang/Sources/vibeos/target/node-runtime/fresh-57/source/node-v24.14.0/out/Release/obj.target/v8_compiler/deps/v8/src/compiler/value-numbering-reducer.o
  CXX(target) /Users/ziangwang/Sources/vibeos/target/node-runtime/fresh-57/source/node-v24.14.0/out/Release/obj.target/v8_compiler/deps/v8/src/compiler/verifier.o
  CXX(target) /Users/ziangwang/Sources/vibeos/target/node-runtime/fresh-57/source/node-v24.14.0/out/Release/obj.target/v8_compiler/deps/v8/src/compiler/zone-stats.o
  CXX(target) /Users/ziangwang/Sources/vibeos/target/node-runtime/fresh-57/source/node-v24.14.0/out/Release/obj.target/v8_compiler/deps/v8/src/compiler/backend/riscv/code-generator-riscv.o
  CXX(target) /Users/ziangwang/Sources/vibeos/target/node-runtime/fresh-57/source/node-v24.14.0/out/Release/obj.target/v8_compiler/deps/v8/src/compiler/backend/riscv/instruction-scheduler-riscv.o
  CXX(target) /Users/ziangwang/Sources/vibeos/target/node-runtime/fresh-57/source/node-v24.14.0/out/Release/obj.target/v8_compiler/deps/v8/src/compiler/backend/riscv/instruction-selector-riscv64.o
  TOUCH /Users/ziangwang/Sources/vibeos/target/node-runtime/fresh-57/source/node-v24.14.0/out/Release/obj.target/tools/v8_gypfiles/torque_generated_definitions.stamp
  TOUCH /Users/ziangwang/Sources/vibeos/target/node-runtime/fresh-57/source/node-v24.14.0/out/Release/obj.host/tools/v8_gypfiles/torque_generated_definitions.stamp
  TOUCH /Users/ziangwang/Sources/vibeos/target/node-runtime/fresh-57/source/node-v24.14.0/out/Release/obj.target/tools/v8_gypfiles/postmortem-metadata.stamp
  CXX(host) /Users/ziangwang/Sources/vibeos/target/node-runtime/fresh-57/source/node-v24.14.0/out/Release/obj.host/v8_compiler/deps/v8/src/maglev/maglev-compilation-info.o
  CXX(host) /Users/ziangwang/Sources/vibeos/target/node-runtime/fresh-57/source/node-v24.14.0/out/Release/obj.host/v8_compiler/deps/v8/src/maglev/maglev-compilation-unit.o
  CXX(host) /Users/ziangwang/Sources/vibeos/target/node-runtime/fresh-57/source/node-v24.14.0/out/Release/obj.host/v8_compiler/deps/v8/src/maglev/maglev-graph-builder.o
  CXX(host) /Users/ziangwang/Sources/vibeos/target/node-runtime/fresh-57/source/node-v24.14.0/out/Release/obj.host/v8_compiler/deps/v8/src/maglev/maglev-graph-printer.o
  CXX(host) /Users/ziangwang/Sources/vibeos/target/node-runtime/fresh-57/source/node-v24.14.0/out/Release/obj.host/v8_compiler/deps/v8/src/maglev/maglev-interpreter-frame-state.o
  CXX(host) /Users/ziangwang/Sources/vibeos/target/node-runtime/fresh-57/source/node-v24.14.0/out/Release/obj.host/v8_compiler/deps/v8/src/maglev/maglev-ir.o
  CXX(host) /Users/ziangwang/Sources/vibeos/target/node-runtime/fresh-57/source/node-v24.14.0/out/Release/obj.host/v8_compiler/deps/v8/src/maglev/maglev-phi-representation-selector.o
  CXX(host) /Users/ziangwang/Sources/vibeos/target/node-runtime/fresh-57/source/node-v24.14.0/out/Release/obj.host/v8_compiler/deps/v8/src/compiler/access-builder.o
  CXX(host) /Users/ziangwang/Sources/vibeos/target/node-runtime/fresh-57/source/node-v24.14.0/out/Release/obj.host/v8_compiler/deps/v8/src/compiler/access-info.o
  CXX(host) /Users/ziangwang/Sources/vibeos/target/node-runtime/fresh-57/source/node-v24.14.0/out/Release/obj.host/v8_compiler/deps/v8/src/compiler/add-type-assertions-reducer.o
  CXX(host) /Users/ziangwang/Sources/vibeos/target/node-runtime/fresh-57/source/node-v24.14.0/out/Release/obj.host/v8_compiler/deps/v8/src/compiler/all-nodes.o
  CXX(host) /Users/ziangwang/Sources/vibeos/target/node-runtime/fresh-57/source/node-v24.14.0/out/Release/obj.host/v8_compiler/deps/v8/src/compiler/backend/bitcast-elider.o
  CXX(host) /Users/ziangwang/Sources/vibeos/target/node-runtime/fresh-57/source/node-v24.14.0/out/Release/obj.host/v8_compiler/deps/v8/src/compiler/backend/code-generator.o
  CXX(host) /Users/ziangwang/Sources/vibeos/target/node-runtime/fresh-57/source/node-v24.14.0/out/Release/obj.host/v8_compiler/deps/v8/src/compiler/backend/frame-elider.o
  CXX(host) /Users/ziangwang/Sources/vibeos/target/node-runtime/fresh-57/source/node-v24.14.0/out/Release/obj.host/v8_compiler/deps/v8/src/compiler/backend/gap-resolver.o
  CXX(host) /Users/ziangwang/Sources/vibeos/target/node-runtime/fresh-57/source/node-v24.14.0/out/Release/obj.host/v8_compiler/deps/v8/src/compiler/backend/instruction-scheduler.o
  CXX(host) /Users/ziangwang/Sources/vibeos/target/node-runtime/fresh-57/source/node-v24.14.0/out/Release/obj.host/v8_compiler/deps/v8/src/compiler/backend/instruction-selector.o
  CXX(host) /Users/ziangwang/Sources/vibeos/target/node-runtime/fresh-57/source/node-v24.14.0/out/Release/obj.host/v8_compiler/deps/v8/src/compiler/backend/instruction.o
  CXX(host) /Users/ziangwang/Sources/vibeos/target/node-runtime/fresh-57/source/node-v24.14.0/out/Release/obj.host/v8_compiler/deps/v8/src/compiler/backend/jump-threading.o
  CXX(host) /Users/ziangwang/Sources/vibeos/target/node-runtime/fresh-57/source/node-v24.14.0/out/Release/obj.host/v8_compiler/deps/v8/src/compiler/backend/move-optimizer.o
  CXX(host) /Users/ziangwang/Sources/vibeos/target/node-runtime/fresh-57/source/node-v24.14.0/out/Release/obj.host/v8_compiler/deps/v8/src/compiler/backend/register-allocator-verifier.o
  CXX(host) /Users/ziangwang/Sources/vibeos/target/node-runtime/fresh-57/source/node-v24.14.0/out/Release/obj.host/v8_compiler/deps/v8/src/compiler/backend/register-allocator.o
  CXX(host) /Users/ziangwang/Sources/vibeos/target/node-runtime/fresh-57/source/node-v24.14.0/out/Release/obj.host/v8_compiler/deps/v8/src/compiler/backend/spill-placer.o
  CXX(host) /Users/ziangwang/Sources/vibeos/target/node-runtime/fresh-57/source/node-v24.14.0/out/Release/obj.host/v8_compiler/deps/v8/src/compiler/basic-block-instrumentor.o
  CXX(host) /Users/ziangwang/Sources/vibeos/target/node-runtime/fresh-57/source/node-v24.14.0/out/Release/obj.host/v8_compiler/deps/v8/src/compiler/branch-elimination.o
  CXX(host) /Users/ziangwang/Sources/vibeos/target/node-runtime/fresh-57/source/node-v24.14.0/out/Release/obj.host/v8_compiler/deps/v8/src/compiler/bytecode-analysis.o
  CXX(host) /Users/ziangwang/Sources/vibeos/target/node-runtime/fresh-57/source/node-v24.14.0/out/Release/obj.host/v8_compiler/deps/v8/src/compiler/bytecode-graph-builder.o
  CXX(host) /Users/ziangwang/Sources/vibeos/target/node-runtime/fresh-57/source/node-v24.14.0/out/Release/obj.host/v8_compiler/deps/v8/src/compiler/bytecode-liveness-map.o
  CXX(host) /Users/ziangwang/Sources/vibeos/target/node-runtime/fresh-57/source/node-v24.14.0/out/Release/obj.host/v8_compiler/deps/v8/src/compiler/c-linkage.o
  CXX(host) /Users/ziangwang/Sources/vibeos/target/node-runtime/fresh-57/source/node-v24.14.0/out/Release/obj.host/v8_compiler/deps/v8/src/compiler/checkpoint-elimination.o
  CXX(host) /Users/ziangwang/Sources/vibeos/target/node-runtime/fresh-57/source/node-v24.14.0/out/Release/obj.host/v8_compiler/deps/v8/src/compiler/code-assembler.o
  CXX(host) /Users/ziangwang/Sources/vibeos/target/node-runtime/fresh-57/source/node-v24.14.0/out/Release/obj.host/v8_compiler/deps/v8/src/compiler/common-node-cache.o
  CXX(host) /Users/ziangwang/Sources/vibeos/target/node-runtime/fresh-57/source/node-v24.14.0/out/Release/obj.host/v8_compiler/deps/v8/src/compiler/common-operator-reducer.o
  CXX(host) /Users/ziangwang/Sources/vibeos/target/node-runtime/fresh-57/source/node-v24.14.0/out/Release/obj.host/v8_compiler/deps/v8/src/compiler/common-operator.o
  CXX(host) /Users/ziangwang/Sources/vibeos/target/node-runtime/fresh-57/source/node-v24.14.0/out/Release/obj.host/v8_compiler/deps/v8/src/compiler/compilation-dependencies.o
  CXX(host) /Users/ziangwang/Sources/vibeos/target/node-runtime/fresh-57/source/node-v24.14.0/out/Release/obj.host/v8_compiler/deps/v8/src/compiler/compiler-source-position-table.o
  CXX(host) /Users/ziangwang/Sources/vibeos/target/node-runtime/fresh-57/source/node-v24.14.0/out/Release/obj.host/v8_compiler/deps/v8/src/compiler/constant-folding-reducer.o
  CXX(host) /Users/ziangwang/Sources/vibeos/target/node-runtime/fresh-57/source/node-v24.14.0/out/Release/obj.host/v8_compiler/deps/v8/src/compiler/control-equivalence.o
  CXX(host) /Users/ziangwang/Sources/vibeos/target/node-runtime/fresh-57/source/node-v24.14.0/out/Release/obj.host/v8_compiler/deps/v8/src/compiler/csa-load-elimination.o
  CXX(host) /Users/ziangwang/Sources/vibeos/target/node-runtime/fresh-57/source/node-v24.14.0/out/Release/obj.host/v8_compiler/deps/v8/src/compiler/dead-code-elimination.o
  CXX(host) /Users/ziangwang/Sources/vibeos/target/node-runtime/fresh-57/source/node-v24.14.0/out/Release/obj.host/v8_compiler/deps/v8/src/compiler/escape-analysis-reducer.o
  CXX(host) /Users/ziangwang/Sources/vibeos/target/node-runtime/fresh-57/source/node-v24.14.0/out/Release/obj.host/v8_compiler/deps/v8/src/compiler/escape-analysis.o
  CXX(host) /Users/ziangwang/Sources/vibeos/target/node-runtime/fresh-57/source/node-v24.14.0/out/Release/obj.host/v8_compiler/deps/v8/src/compiler/fast-api-calls.o
  CXX(host) /Users/ziangwang/Sources/vibeos/target/node-runtime/fresh-57/source/node-v24.14.0/out/Release/obj.host/v8_compiler/deps/v8/src/compiler/feedback-source.o
  CXX(host) /Users/ziangwang/Sources/vibeos/target/node-runtime/fresh-57/source/node-v24.14.0/out/Release/obj.host/v8_compiler/deps/v8/src/compiler/frame-states.o
  CXX(host) /Users/ziangwang/Sources/vibeos/target/node-runtime/fresh-57/source/node-v24.14.0/out/Release/obj.host/v8_compiler/deps/v8/src/compiler/frame.o
  CXX(host) /Users/ziangwang/Sources/vibeos/target/node-runtime/fresh-57/source/node-v24.14.0/out/Release/obj.host/v8_compiler/deps/v8/src/compiler/graph-assembler.o
  CXX(host) /Users/ziangwang/Sources/vibeos/target/node-runtime/fresh-57/source/node-v24.14.0/out/Release/obj.host/v8_compiler/deps/v8/src/compiler/graph-reducer.o
  CXX(host) /Users/ziangwang/Sources/vibeos/target/node-runtime/fresh-57/source/node-v24.14.0/out/Release/obj.host/v8_compiler/deps/v8/src/compiler/graph-trimmer.o
  CXX(host) /Users/ziangwang/Sources/vibeos/target/node-runtime/fresh-57/source/node-v24.14.0/out/Release/obj.host/v8_compiler/deps/v8/src/compiler/heap-refs.o
  CXX(host) /Users/ziangwang/Sources/vibeos/target/node-runtime/fresh-57/source/node-v24.14.0/out/Release/obj.host/v8_compiler/deps/v8/src/compiler/js-call-reducer.o
  CXX(host) /Users/ziangwang/Sources/vibeos/target/node-runtime/fresh-57/source/node-v24.14.0/out/Release/obj.host/v8_compiler/deps/v8/src/compiler/js-context-specialization.o
  CXX(host) /Users/ziangwang/Sources/vibeos/target/node-runtime/fresh-57/source/node-v24.14.0/out/Release/obj.host/v8_compiler/deps/v8/src/compiler/js-create-lowering.o
  CXX(host) /Users/ziangwang/Sources/vibeos/target/node-runtime/fresh-57/source/node-v24.14.0/out/Release/obj.host/v8_compiler/deps/v8/src/compiler/js-generic-lowering.o
  CXX(host) /Users/ziangwang/Sources/vibeos/target/node-runtime/fresh-57/source/node-v24.14.0/out/Release/obj.host/v8_compiler/deps/v8/src/compiler/js-graph.o
  CXX(host) /Users/ziangwang/Sources/vibeos/target/node-runtime/fresh-57/source/node-v24.14.0/out/Release/obj.host/v8_compiler/deps/v8/src/compiler/js-heap-broker.o
  CXX(host) /Users/ziangwang/Sources/vibeos/target/node-runtime/fresh-57/source/node-v24.14.0/out/Release/obj.host/v8_compiler/deps/v8/src/compiler/js-inlining-heuristic.o
  CXX(host) /Users/ziangwang/Sources/vibeos/target/node-runtime/fresh-57/source/node-v24.14.0/out/Release/obj.host/v8_compiler/deps/v8/src/compiler/js-inlining.o
  CXX(host) /Users/ziangwang/Sources/vibeos/target/node-runtime/fresh-57/source/node-v24.14.0/out/Release/obj.host/v8_compiler/deps/v8/src/compiler/js-intrinsic-lowering.o
  CXX(host) /Users/ziangwang/Sources/vibeos/target/node-runtime/fresh-57/source/node-v24.14.0/out/Release/obj.host/v8_compiler/deps/v8/src/compiler/js-native-context-specialization.o
  CXX(host) /Users/ziangwang/Sources/vibeos/target/node-runtime/fresh-57/source/node-v24.14.0/out/Release/obj.host/v8_compiler/deps/v8/src/compiler/js-operator.o
  CXX(host) /Users/ziangwang/Sources/vibeos/target/node-runtime/fresh-57/source/node-v24.14.0/out/Release/obj.host/v8_compiler/deps/v8/src/compiler/js-type-hint-lowering.o
  CXX(host) /Users/ziangwang/Sources/vibeos/target/node-runtime/fresh-57/source/node-v24.14.0/out/Release/obj.host/v8_compiler/deps/v8/src/compiler/js-typed-lowering.o
  CXX(host) /Users/ziangwang/Sources/vibeos/target/node-runtime/fresh-57/source/node-v24.14.0/out/Release/obj.host/v8_compiler/deps/v8/src/compiler/late-escape-analysis.o
  CXX(host) /Users/ziangwang/Sources/vibeos/target/node-runtime/fresh-57/source/node-v24.14.0/out/Release/obj.host/v8_compiler/deps/v8/src/compiler/linkage.o
  CXX(host) /Users/ziangwang/Sources/vibeos/target/node-runtime/fresh-57/source/node-v24.14.0/out/Release/obj.host/v8_compiler/deps/v8/src/compiler/load-elimination.o
  CXX(host) /Users/ziangwang/Sources/vibeos/target/node-runtime/fresh-57/source/node-v24.14.0/out/Release/obj.host/v8_compiler/deps/v8/src/compiler/loop-analysis.o
  CXX(host) /Users/ziangwang/Sources/vibeos/target/node-runtime/fresh-57/source/node-v24.14.0/out/Release/obj.host/v8_compiler/deps/v8/src/compiler/loop-peeling.o
  CXX(host) /Users/ziangwang/Sources/vibeos/target/node-runtime/fresh-57/source/node-v24.14.0/out/Release/obj.host/v8_compiler/deps/v8/src/compiler/loop-unrolling.o
  CXX(host) /Users/ziangwang/Sources/vibeos/target/node-runtime/fresh-57/source/node-v24.14.0/out/Release/obj.host/v8_compiler/deps/v8/src/compiler/loop-variable-optimizer.o
  CXX(host) /Users/ziangwang/Sources/vibeos/target/node-runtime/fresh-57/source/node-v24.14.0/out/Release/obj.host/v8_compiler/deps/v8/src/compiler/machine-graph-verifier.o
  CXX(host) /Users/ziangwang/Sources/vibeos/target/node-runtime/fresh-57/source/node-v24.14.0/out/Release/obj.host/v8_compiler/deps/v8/src/compiler/machine-graph.o
  CXX(host) /Users/ziangwang/Sources/vibeos/target/node-runtime/fresh-57/source/node-v24.14.0/out/Release/obj.host/v8_compiler/deps/v8/src/compiler/machine-operator-reducer.o
  CXX(host) /Users/ziangwang/Sources/vibeos/target/node-runtime/fresh-57/source/node-v24.14.0/out/Release/obj.host/v8_compiler/deps/v8/src/compiler/machine-operator.o
  CXX(host) /Users/ziangwang/Sources/vibeos/target/node-runtime/fresh-57/source/node-v24.14.0/out/Release/obj.host/v8_compiler/deps/v8/src/compiler/map-inference.o
  CXX(host) /Users/ziangwang/Sources/vibeos/target/node-runtime/fresh-57/source/node-v24.14.0/out/Release/obj.host/v8_compiler/deps/v8/src/compiler/memory-lowering.o
  CXX(host) /Users/ziangwang/Sources/vibeos/target/node-runtime/fresh-57/source/node-v24.14.0/out/Release/obj.host/v8_compiler/deps/v8/src/compiler/memory-optimizer.o
  CXX(host) /Users/ziangwang/Sources/vibeos/target/node-runtime/fresh-57/source/node-v24.14.0/out/Release/obj.host/v8_compiler/deps/v8/src/compiler/node-marker.o
  CXX(host) /Users/ziangwang/Sources/vibeos/target/node-runtime/fresh-57/source/node-v24.14.0/out/Release/obj.host/v8_compiler/deps/v8/src/compiler/node-matchers.o
  CXX(host) /Users/ziangwang/Sources/vibeos/target/node-runtime/fresh-57/source/node-v24.14.0/out/Release/obj.host/v8_compiler/deps/v8/src/compiler/node-observer.o
  CXX(host) /Users/ziangwang/Sources/vibeos/target/node-runtime/fresh-57/source/node-v24.14.0/out/Release/obj.host/v8_compiler/deps/v8/src/compiler/node-origin-table.o
  CXX(host) /Users/ziangwang/Sources/vibeos/target/node-runtime/fresh-57/source/node-v24.14.0/out/Release/obj.host/v8_compiler/deps/v8/src/compiler/node-properties.o
  CXX(host) /Users/ziangwang/Sources/vibeos/target/node-runtime/fresh-57/source/node-v24.14.0/out/Release/obj.host/v8_compiler/deps/v8/src/compiler/node.o
  CXX(host) /Users/ziangwang/Sources/vibeos/target/node-runtime/fresh-57/source/node-v24.14.0/out/Release/obj.host/v8_compiler/deps/v8/src/compiler/opcodes.o
  CXX(host) /Users/ziangwang/Sources/vibeos/target/node-runtime/fresh-57/source/node-v24.14.0/out/Release/obj.host/v8_compiler/deps/v8/src/compiler/operation-typer.o
  CXX(host) /Users/ziangwang/Sources/vibeos/target/node-runtime/fresh-57/source/node-v24.14.0/out/Release/obj.host/v8_compiler/deps/v8/src/compiler/operator-properties.o
  CXX(host) /Users/ziangwang/Sources/vibeos/target/node-runtime/fresh-57/source/node-v24.14.0/out/Release/obj.host/v8_compiler/deps/v8/src/compiler/operator.o
  CXX(host) /Users/ziangwang/Sources/vibeos/target/node-runtime/fresh-57/source/node-v24.14.0/out/Release/obj.host/v8_compiler/deps/v8/src/compiler/osr.o
  CXX(host) /Users/ziangwang/Sources/vibeos/target/node-runtime/fresh-57/source/node-v24.14.0/out/Release/obj.host/v8_compiler/deps/v8/src/compiler/pair-load-store-reducer.o
  CXX(host) /Users/ziangwang/Sources/vibeos/target/node-runtime/fresh-57/source/node-v24.14.0/out/Release/obj.host/v8_compiler/deps/v8/src/compiler/pipeline-statistics.o
  CXX(host) /Users/ziangwang/Sources/vibeos/target/node-runtime/fresh-57/source/node-v24.14.0/out/Release/obj.host/v8_compiler/deps/v8/src/compiler/pipeline.o
  CXX(host) /Users/ziangwang/Sources/vibeos/target/node-runtime/fresh-57/source/node-v24.14.0/out/Release/obj.host/v8_compiler/deps/v8/src/compiler/property-access-builder.o
  CXX(host) /Users/ziangwang/Sources/vibeos/target/node-runtime/fresh-57/source/node-v24.14.0/out/Release/obj.host/v8_compiler/deps/v8/src/compiler/raw-machine-assembler.o
  CXX(host) /Users/ziangwang/Sources/vibeos/target/node-runtime/fresh-57/source/node-v24.14.0/out/Release/obj.host/v8_compiler/deps/v8/src/compiler/redundancy-elimination.o
  CXX(host) /Users/ziangwang/Sources/vibeos/target/node-runtime/fresh-57/source/node-v24.14.0/out/Release/obj.host/v8_compiler/deps/v8/src/compiler/refs-map.o
  CXX(host) /Users/ziangwang/Sources/vibeos/target/node-runtime/fresh-57/source/node-v24.14.0/out/Release/obj.host/v8_compiler/deps/v8/src/compiler/representation-change.o
  CXX(host) /Users/ziangwang/Sources/vibeos/target/node-runtime/fresh-57/source/node-v24.14.0/out/Release/obj.host/v8_compiler/deps/v8/src/compiler/schedule.o
  CXX(host) /Users/ziangwang/Sources/vibeos/target/node-runtime/fresh-57/source/node-v24.14.0/out/Release/obj.host/v8_compiler/deps/v8/src/compiler/scheduler.o
  CXX(host) /Users/ziangwang/Sources/vibeos/target/node-runtime/fresh-57/source/node-v24.14.0/out/Release/obj.host/v8_compiler/deps/v8/src/compiler/select-lowering.o
  CXX(host) /Users/ziangwang/Sources/vibeos/target/node-runtime/fresh-57/source/node-v24.14.0/out/Release/obj.host/v8_compiler/deps/v8/src/compiler/simplified-lowering-verifier.o
  CXX(host) /Users/ziangwang/Sources/vibeos/target/node-runtime/fresh-57/source/node-v24.14.0/out/Release/obj.host/v8_compiler/deps/v8/src/compiler/simplified-lowering.o
  CXX(host) /Users/ziangwang/Sources/vibeos/target/node-runtime/fresh-57/source/node-v24.14.0/out/Release/obj.host/v8_compiler/deps/v8/src/compiler/simplified-operator-reducer.o
  CXX(host) /Users/ziangwang/Sources/vibeos/target/node-runtime/fresh-57/source/node-v24.14.0/out/Release/obj.host/v8_compiler/deps/v8/src/compiler/simplified-operator.o
  CXX(host) /Users/ziangwang/Sources/vibeos/target/node-runtime/fresh-57/source/node-v24.14.0/out/Release/obj.host/v8_compiler/deps/v8/src/compiler/state-values-utils.o
  CXX(host) /Users/ziangwang/Sources/vibeos/target/node-runtime/fresh-57/source/node-v24.14.0/out/Release/obj.host/v8_compiler/deps/v8/src/compiler/string-builder-optimizer.o
  CXX(host) /Users/ziangwang/Sources/vibeos/target/node-runtime/fresh-57/source/node-v24.14.0/out/Release/obj.host/v8_compiler/deps/v8/src/compiler/turbofan-enabled.o
  CXX(host) /Users/ziangwang/Sources/vibeos/target/node-runtime/fresh-57/source/node-v24.14.0/out/Release/obj.host/v8_compiler/deps/v8/src/compiler/turbofan-graph-visualizer.o
  CXX(host) /Users/ziangwang/Sources/vibeos/target/node-runtime/fresh-57/source/node-v24.14.0/out/Release/obj.host/v8_compiler/deps/v8/src/compiler/turbofan-graph.o
  CXX(host) /Users/ziangwang/Sources/vibeos/target/node-runtime/fresh-57/source/node-v24.14.0/out/Release/obj.host/v8_compiler/deps/v8/src/compiler/turbofan-typer.o
  CXX(host) /Users/ziangwang/Sources/vibeos/target/node-runtime/fresh-57/source/node-v24.14.0/out/Release/obj.host/v8_compiler/deps/v8/src/compiler/turbofan-types.o
  CXX(host) /Users/ziangwang/Sources/vibeos/target/node-runtime/fresh-57/source/node-v24.14.0/out/Release/obj.host/v8_compiler/deps/v8/src/compiler/turboshaft/analyzer-iterator.o
  CXX(host) /Users/ziangwang/Sources/vibeos/target/node-runtime/fresh-57/source/node-v24.14.0/out/Release/obj.host/v8_compiler/deps/v8/src/compiler/turboshaft/assembler.o
  CXX(host) /Users/ziangwang/Sources/vibeos/target/node-runtime/fresh-57/source/node-v24.14.0/out/Release/obj.host/v8_compiler/deps/v8/src/compiler/turboshaft/block-instrumentation-phase.o
  CXX(host) /Users/ziangwang/Sources/vibeos/target/node-runtime/fresh-57/source/node-v24.14.0/out/Release/obj.host/v8_compiler/deps/v8/src/compiler/turboshaft/block-instrumentation-reducer.o
  CXX(host) /Users/ziangwang/Sources/vibeos/target/node-runtime/fresh-57/source/node-v24.14.0/out/Release/obj.host/v8_compiler/deps/v8/src/compiler/turboshaft/build-graph-phase.o
  CXX(host) /Users/ziangwang/Sources/vibeos/target/node-runtime/fresh-57/source/node-v24.14.0/out/Release/obj.host/v8_compiler/deps/v8/src/compiler/turboshaft/code-elimination-and-simplification-phase.o
  CXX(host) /Users/ziangwang/Sources/vibeos/target/node-runtime/fresh-57/source/node-v24.14.0/out/Release/obj.host/v8_compiler/deps/v8/src/compiler/turboshaft/copying-phase.o
  CXX(host) /Users/ziangwang/Sources/vibeos/target/node-runtime/fresh-57/source/node-v24.14.0/out/Release/obj.host/v8_compiler/deps/v8/src/compiler/turboshaft/csa-optimize-phase.o
  CXX(host) /Users/ziangwang/Sources/vibeos/target/node-runtime/fresh-57/source/node-v24.14.0/out/Release/obj.host/v8_compiler/deps/v8/src/compiler/turboshaft/debug-feature-lowering-phase.o
  CXX(host) /Users/ziangwang/Sources/vibeos/target/node-runtime/fresh-57/source/node-v24.14.0/out/Release/obj.host/v8_compiler/deps/v8/src/compiler/turboshaft/decompression-optimization-phase.o
  CXX(host) /Users/ziangwang/Sources/vibeos/target/node-runtime/fresh-57/source/node-v24.14.0/out/Release/obj.host/v8_compiler/deps/v8/src/compiler/turboshaft/decompression-optimization.o
  CXX(host) /Users/ziangwang/Sources/vibeos/target/node-runtime/fresh-57/source/node-v24.14.0/out/Release/obj.host/v8_compiler/deps/v8/src/compiler/turboshaft/graph-builder.o
  CXX(host) /Users/ziangwang/Sources/vibeos/target/node-runtime/fresh-57/source/node-v24.14.0/out/Release/obj.host/v8_compiler/deps/v8/src/compiler/turboshaft/graph-visualizer.o
  CXX(host) /Users/ziangwang/Sources/vibeos/target/node-runtime/fresh-57/source/node-v24.14.0/out/Release/obj.host/v8_compiler/deps/v8/src/compiler/turboshaft/graph.o
  CXX(host) /Users/ziangwang/Sources/vibeos/target/node-runtime/fresh-57/source/node-v24.14.0/out/Release/obj.host/v8_compiler/deps/v8/src/compiler/turboshaft/instruction-selection-phase.o
  CXX(host) /Users/ziangwang/Sources/vibeos/target/node-runtime/fresh-57/source/node-v24.14.0/out/Release/obj.host/v8_compiler/deps/v8/src/compiler/turboshaft/late-escape-analysis-reducer.o
  CXX(host) /Users/ziangwang/Sources/vibeos/target/node-runtime/fresh-57/source/node-v24.14.0/out/Release/obj.host/v8_compiler/deps/v8/src/compiler/turboshaft/late-load-elimination-reducer.o
  CXX(host) /Users/ziangwang/Sources/vibeos/target/node-runtime/fresh-57/source/node-v24.14.0/out/Release/obj.host/v8_compiler/deps/v8/src/compiler/turboshaft/loop-finder.o
  CXX(host) /Users/ziangwang/Sources/vibeos/target/node-runtime/fresh-57/source/node-v24.14.0/out/Release/obj.host/v8_compiler/deps/v8/src/compiler/turboshaft/loop-peeling-phase.o
  CXX(host) /Users/ziangwang/Sources/vibeos/target/node-runtime/fresh-57/source/node-v24.14.0/out/Release/obj.host/v8_compiler/deps/v8/src/compiler/turboshaft/loop-unrolling-phase.o
  CXX(host) /Users/ziangwang/Sources/vibeos/target/node-runtime/fresh-57/source/node-v24.14.0/out/Release/obj.host/v8_compiler/deps/v8/src/compiler/turboshaft/loop-unrolling-reducer.o
  CXX(host) /Users/ziangwang/Sources/vibeos/target/node-runtime/fresh-57/source/node-v24.14.0/out/Release/obj.host/v8_compiler/deps/v8/src/compiler/turboshaft/machine-lowering-phase.o
  CXX(host) /Users/ziangwang/Sources/vibeos/target/node-runtime/fresh-57/source/node-v24.14.0/out/Release/obj.host/v8_compiler/deps/v8/src/compiler/turboshaft/memory-optimization-reducer.o
  CXX(host) /Users/ziangwang/Sources/vibeos/target/node-runtime/fresh-57/source/node-v24.14.0/out/Release/obj.host/v8_compiler/deps/v8/src/compiler/turboshaft/operations.o
  CXX(host) /Users/ziangwang/Sources/vibeos/target/node-runtime/fresh-57/source/node-v24.14.0/out/Release/obj.host/v8_compiler/deps/v8/src/compiler/turboshaft/optimize-phase.o
  CXX(host) /Users/ziangwang/Sources/vibeos/target/node-runtime/fresh-57/source/node-v24.14.0/out/Release/obj.host/v8_compiler/deps/v8/src/compiler/turboshaft/phase.o
  CXX(host) /Users/ziangwang/Sources/vibeos/target/node-runtime/fresh-57/source/node-v24.14.0/out/Release/obj.host/v8_compiler/deps/v8/src/compiler/turboshaft/pipelines.o
  CXX(host) /Users/ziangwang/Sources/vibeos/target/node-runtime/fresh-57/source/node-v24.14.0/out/Release/obj.host/v8_compiler/deps/v8/src/compiler/turboshaft/pretenuring-propagation-reducer.o
  CXX(host) /Users/ziangwang/Sources/vibeos/target/node-runtime/fresh-57/source/node-v24.14.0/out/Release/obj.host/v8_compiler/deps/v8/src/compiler/turboshaft/representations.o
  CXX(host) /Users/ziangwang/Sources/vibeos/target/node-runtime/fresh-57/source/node-v24.14.0/out/Release/obj.host/v8_compiler/deps/v8/src/compiler/turboshaft/sidetable.o
  CXX(host) /Users/ziangwang/Sources/vibeos/target/node-runtime/fresh-57/source/node-v24.14.0/out/Release/obj.host/v8_compiler/deps/v8/src/compiler/turboshaft/simplify-tf-loops.o
  CXX(host) /Users/ziangwang/Sources/vibeos/target/node-runtime/fresh-57/source/node-v24.14.0/out/Release/obj.host/v8_compiler/deps/v8/src/compiler/turboshaft/store-store-elimination-phase.o
  CXX(host) /Users/ziangwang/Sources/vibeos/target/node-runtime/fresh-57/source/node-v24.14.0/out/Release/obj.host/v8_compiler/deps/v8/src/compiler/turboshaft/string-escape-analysis-reducer.o
  CXX(host) /Users/ziangwang/Sources/vibeos/target/node-runtime/fresh-57/source/node-v24.14.0/out/Release/obj.host/v8_compiler/deps/v8/src/compiler/turboshaft/turbolev-graph-builder.o
  CXX(host) /Users/ziangwang/Sources/vibeos/target/node-runtime/fresh-57/source/node-v24.14.0/out/Release/obj.host/v8_compiler/deps/v8/src/compiler/turboshaft/type-assertions-phase.o
  CXX(host) /Users/ziangwang/Sources/vibeos/target/node-runtime/fresh-57/source/node-v24.14.0/out/Release/obj.host/v8_compiler/deps/v8/src/compiler/turboshaft/type-parser.o
  CXX(host) /Users/ziangwang/Sources/vibeos/target/node-runtime/fresh-57/source/node-v24.14.0/out/Release/obj.host/v8_compiler/deps/v8/src/compiler/turboshaft/typed-optimizations-phase.o
  CXX(host) /Users/ziangwang/Sources/vibeos/target/node-runtime/fresh-57/source/node-v24.14.0/out/Release/obj.host/v8_compiler/deps/v8/src/compiler/turboshaft/typer.o
  CXX(host) /Users/ziangwang/Sources/vibeos/target/node-runtime/fresh-57/source/node-v24.14.0/out/Release/obj.host/v8_compiler/deps/v8/src/compiler/turboshaft/types.o
  CXX(host) /Users/ziangwang/Sources/vibeos/target/node-runtime/fresh-57/source/node-v24.14.0/out/Release/obj.host/v8_compiler/deps/v8/src/compiler/turboshaft/use-map.o
  CXX(host) /Users/ziangwang/Sources/vibeos/target/node-runtime/fresh-57/source/node-v24.14.0/out/Release/obj.host/v8_compiler/deps/v8/src/compiler/turboshaft/utils.o
  CXX(host) /Users/ziangwang/Sources/vibeos/target/node-runtime/fresh-57/source/node-v24.14.0/out/Release/obj.host/v8_compiler/deps/v8/src/compiler/type-cache.o
  CXX(host) /Users/ziangwang/Sources/vibeos/target/node-runtime/fresh-57/source/node-v24.14.0/out/Release/obj.host/v8_compiler/deps/v8/src/compiler/type-narrowing-reducer.o
  CXX(host) /Users/ziangwang/Sources/vibeos/target/node-runtime/fresh-57/source/node-v24.14.0/out/Release/obj.host/v8_compiler/deps/v8/src/compiler/typed-optimization.o
  CXX(host) /Users/ziangwang/Sources/vibeos/target/node-runtime/fresh-57/source/node-v24.14.0/out/Release/obj.host/v8_compiler/deps/v8/src/compiler/value-numbering-reducer.o
  CXX(host) /Users/ziangwang/Sources/vibeos/target/node-runtime/fresh-57/source/node-v24.14.0/out/Release/obj.host/v8_compiler/deps/v8/src/compiler/verifier.o
  CXX(host) /Users/ziangwang/Sources/vibeos/target/node-runtime/fresh-57/source/node-v24.14.0/out/Release/obj.host/v8_compiler/deps/v8/src/compiler/zone-stats.o
  CXX(host) /Users/ziangwang/Sources/vibeos/target/node-runtime/fresh-57/source/node-v24.14.0/out/Release/obj.host/v8_compiler/deps/v8/src/compiler/backend/riscv/code-generator-riscv.o
  CXX(host) /Users/ziangwang/Sources/vibeos/target/node-runtime/fresh-57/source/node-v24.14.0/out/Release/obj.host/v8_compiler/deps/v8/src/compiler/backend/riscv/instruction-scheduler-riscv.o
  CXX(host) /Users/ziangwang/Sources/vibeos/target/node-runtime/fresh-57/source/node-v24.14.0/out/Release/obj.host/v8_compiler/deps/v8/src/compiler/backend/riscv/instruction-selector-riscv64.o
  AR(host) /Users/ziangwang/Sources/vibeos/target/node-runtime/fresh-57/source/node-v24.14.0/out/Release/obj.host/tools/v8_gypfiles/libv8_init.a
  AR(target) /Users/ziangwang/Sources/vibeos/target/node-runtime/fresh-57/source/node-v24.14.0/out/Release/obj.target/tools/v8_gypfiles/libv8_compiler.a
  CXX(target) /Users/ziangwang/Sources/vibeos/target/node-runtime/fresh-57/source/node-v24.14.0/out/Release/obj.target/v8_base_without_compiler/deps/v8/src/api/api-arguments.o
  CXX(target) /Users/ziangwang/Sources/vibeos/target/node-runtime/fresh-57/source/node-v24.14.0/out/Release/obj.target/v8_base_without_compiler/deps/v8/src/api/api-natives.o
  CXX(target) /Users/ziangwang/Sources/vibeos/target/node-runtime/fresh-57/source/node-v24.14.0/out/Release/obj.target/v8_base_without_compiler/deps/v8/src/api/api.o
  CXX(target) /Users/ziangwang/Sources/vibeos/target/node-runtime/fresh-57/source/node-v24.14.0/out/Release/obj.target/v8_base_without_compiler/deps/v8/src/ast/ast-function-literal-id-reindexer.o
  CXX(target) /Users/ziangwang/Sources/vibeos/target/node-runtime/fresh-57/source/node-v24.14.0/out/Release/obj.target/v8_base_without_compiler/deps/v8/src/ast/ast-value-factory.o
  CXX(target) /Users/ziangwang/Sources/vibeos/target/node-runtime/fresh-57/source/node-v24.14.0/out/Release/obj.target/v8_base_without_compiler/deps/v8/src/ast/ast.o
  CXX(target) /Users/ziangwang/Sources/vibeos/target/node-runtime/fresh-57/source/node-v24.14.0/out/Release/obj.target/v8_base_without_compiler/deps/v8/src/ast/modules.o
  CXX(target) /Users/ziangwang/Sources/vibeos/target/node-runtime/fresh-57/source/node-v24.14.0/out/Release/obj.target/v8_base_without_compiler/deps/v8/src/ast/prettyprinter.o
  CXX(target) /Users/ziangwang/Sources/vibeos/target/node-runtime/fresh-57/source/node-v24.14.0/out/Release/obj.target/v8_base_without_compiler/deps/v8/src/ast/scopes.o
  CXX(target) /Users/ziangwang/Sources/vibeos/target/node-runtime/fresh-57/source/node-v24.14.0/out/Release/obj.target/v8_base_without_compiler/deps/v8/src/ast/source-range-ast-visitor.o
  CXX(target) /Users/ziangwang/Sources/vibeos/target/node-runtime/fresh-57/source/node-v24.14.0/out/Release/obj.target/v8_base_without_compiler/deps/v8/src/ast/variables.o
  CXX(target) /Users/ziangwang/Sources/vibeos/target/node-runtime/fresh-57/source/node-v24.14.0/out/Release/obj.target/v8_base_without_compiler/deps/v8/src/baseline/baseline.o
  CXX(target) /Users/ziangwang/Sources/vibeos/target/node-runtime/fresh-57/source/node-v24.14.0/out/Release/obj.target/v8_base_without_compiler/deps/v8/src/baseline/bytecode-offset-iterator.o
  CXX(target) /Users/ziangwang/Sources/vibeos/target/node-runtime/fresh-57/source/node-v24.14.0/out/Release/obj.target/v8_base_without_compiler/deps/v8/src/builtins/accessors.o
  CXX(target) /Users/ziangwang/Sources/vibeos/target/node-runtime/fresh-57/source/node-v24.14.0/out/Release/obj.target/v8_base_without_compiler/deps/v8/src/builtins/builtins-abstract-module-source.o
  CXX(target) /Users/ziangwang/Sources/vibeos/target/node-runtime/fresh-57/source/node-v24.14.0/out/Release/obj.target/v8_base_without_compiler/deps/v8/src/builtins/builtins-api.o
  CXX(target) /Users/ziangwang/Sources/vibeos/target/node-runtime/fresh-57/source/node-v24.14.0/out/Release/obj.target/v8_base_without_compiler/deps/v8/src/builtins/builtins-array.o
  CXX(target) /Users/ziangwang/Sources/vibeos/target/node-runtime/fresh-57/source/node-v24.14.0/out/Release/obj.target/v8_base_without_compiler/deps/v8/src/builtins/builtins-arraybuffer.o
  CXX(target) /Users/ziangwang/Sources/vibeos/target/node-runtime/fresh-57/source/node-v24.14.0/out/Release/obj.target/v8_base_without_compiler/deps/v8/src/builtins/builtins-async-disposable-stack.o
  CXX(target) /Users/ziangwang/Sources/vibeos/target/node-runtime/fresh-57/source/node-v24.14.0/out/Release/obj.target/v8_base_without_compiler/deps/v8/src/builtins/builtins-async-module.o
  CXX(target) /Users/ziangwang/Sources/vibeos/target/node-runtime/fresh-57/source/node-v24.14.0/out/Release/obj.target/v8_base_without_compiler/deps/v8/src/builtins/builtins-atomics-synchronization.o
  CXX(target) /Users/ziangwang/Sources/vibeos/target/node-runtime/fresh-57/source/node-v24.14.0/out/Release/obj.target/v8_base_without_compiler/deps/v8/src/builtins/builtins-bigint.o
  CXX(target) /Users/ziangwang/Sources/vibeos/target/node-runtime/fresh-57/source/node-v24.14.0/out/Release/obj.target/v8_base_without_compiler/deps/v8/src/builtins/builtins-callsite.o
  CXX(target) /Users/ziangwang/Sources/vibeos/target/node-runtime/fresh-57/source/node-v24.14.0/out/Release/obj.target/v8_base_without_compiler/deps/v8/src/builtins/builtins-collections.o
  CXX(target) /Users/ziangwang/Sources/vibeos/target/node-runtime/fresh-57/source/node-v24.14.0/out/Release/obj.target/v8_base_without_compiler/deps/v8/src/builtins/builtins-console.o
  CXX(target) /Users/ziangwang/Sources/vibeos/target/node-runtime/fresh-57/source/node-v24.14.0/out/Release/obj.target/v8_base_without_compiler/deps/v8/src/builtins/builtins-dataview.o
  CXX(target) /Users/ziangwang/Sources/vibeos/target/node-runtime/fresh-57/source/node-v24.14.0/out/Release/obj.target/v8_base_without_compiler/deps/v8/src/builtins/builtins-date.o
  CXX(target) /Users/ziangwang/Sources/vibeos/target/node-runtime/fresh-57/source/node-v24.14.0/out/Release/obj.target/v8_base_without_compiler/deps/v8/src/builtins/builtins-disposable-stack.o
  CXX(target) /Users/ziangwang/Sources/vibeos/target/node-runtime/fresh-57/source/node-v24.14.0/out/Release/obj.target/v8_base_without_compiler/deps/v8/src/builtins/builtins-error.o
  CXX(target) /Users/ziangwang/Sources/vibeos/target/node-runtime/fresh-57/source/node-v24.14.0/out/Release/obj.target/v8_base_without_compiler/deps/v8/src/builtins/builtins-function.o
  CXX(target) /Users/ziangwang/Sources/vibeos/target/node-runtime/fresh-57/source/node-v24.14.0/out/Release/obj.target/v8_base_without_compiler/deps/v8/src/builtins/builtins-global.o
  CXX(target) /Users/ziangwang/Sources/vibeos/target/node-runtime/fresh-57/source/node-v24.14.0/out/Release/obj.target/v8_base_without_compiler/deps/v8/src/builtins/builtins-internal.o
  CXX(target) /Users/ziangwang/Sources/vibeos/target/node-runtime/fresh-57/source/node-v24.14.0/out/Release/obj.target/v8_base_without_compiler/deps/v8/src/builtins/builtins-json.o
  CXX(target) /Users/ziangwang/Sources/vibeos/target/node-runtime/fresh-57/source/node-v24.14.0/out/Release/obj.target/v8_base_without_compiler/deps/v8/src/builtins/builtins-number.o
  CXX(target) /Users/ziangwang/Sources/vibeos/target/node-runtime/fresh-57/source/node-v24.14.0/out/Release/obj.target/v8_base_without_compiler/deps/v8/src/builtins/builtins-object.o
  CXX(target) /Users/ziangwang/Sources/vibeos/target/node-runtime/fresh-57/source/node-v24.14.0/out/Release/obj.target/v8_base_without_compiler/deps/v8/src/builtins/builtins-reflect.o
  CXX(target) /Users/ziangwang/Sources/vibeos/target/node-runtime/fresh-57/source/node-v24.14.0/out/Release/obj.target/v8_base_without_compiler/deps/v8/src/builtins/builtins-regexp.o
  CXX(target) /Users/ziangwang/Sources/vibeos/target/node-runtime/fresh-57/source/node-v24.14.0/out/Release/obj.target/v8_base_without_compiler/deps/v8/src/builtins/builtins-shadow-realm.o
  CXX(target) /Users/ziangwang/Sources/vibeos/target/node-runtime/fresh-57/source/node-v24.14.0/out/Release/obj.target/v8_base_without_compiler/deps/v8/src/builtins/builtins-shared-array.o
  CXX(target) /Users/ziangwang/Sources/vibeos/target/node-runtime/fresh-57/source/node-v24.14.0/out/Release/obj.target/v8_base_without_compiler/deps/v8/src/builtins/builtins-sharedarraybuffer.o
  CXX(target) /Users/ziangwang/Sources/vibeos/target/node-runtime/fresh-57/source/node-v24.14.0/out/Release/obj.target/v8_base_without_compiler/deps/v8/src/builtins/builtins-string.o
  CXX(target) /Users/ziangwang/Sources/vibeos/target/node-runtime/fresh-57/source/node-v24.14.0/out/Release/obj.target/v8_base_without_compiler/deps/v8/src/builtins/builtins-struct.o
  CXX(target) /Users/ziangwang/Sources/vibeos/target/node-runtime/fresh-57/source/node-v24.14.0/out/Release/obj.target/v8_base_without_compiler/deps/v8/src/builtins/builtins-symbol.o
  CXX(target) /Users/ziangwang/Sources/vibeos/target/node-runtime/fresh-57/source/node-v24.14.0/out/Release/obj.target/v8_base_without_compiler/deps/v8/src/builtins/builtins-temporal.o
  CXX(target) /Users/ziangwang/Sources/vibeos/target/node-runtime/fresh-57/source/node-v24.14.0/out/Release/obj.target/v8_base_without_compiler/deps/v8/src/builtins/builtins-trace.o
  CXX(target) /Users/ziangwang/Sources/vibeos/target/node-runtime/fresh-57/source/node-v24.14.0/out/Release/obj.target/v8_base_without_compiler/deps/v8/src/builtins/builtins-typed-array.o
  CXX(target) /Users/ziangwang/Sources/vibeos/target/node-runtime/fresh-57/source/node-v24.14.0/out/Release/obj.target/v8_base_without_compiler/deps/v8/src/builtins/builtins-weak-refs.o
  CXX(target) /Users/ziangwang/Sources/vibeos/target/node-runtime/fresh-57/source/node-v24.14.0/out/Release/obj.target/v8_base_without_compiler/deps/v8/src/builtins/builtins.o
  CXX(target) /Users/ziangwang/Sources/vibeos/target/node-runtime/fresh-57/source/node-v24.14.0/out/Release/obj.target/v8_base_without_compiler/deps/v8/src/builtins/constants-table-builder.o
  CXX(target) /Users/ziangwang/Sources/vibeos/target/node-runtime/fresh-57/source/node-v24.14.0/out/Release/obj.target/v8_base_without_compiler/deps/v8/src/codegen/aligned-slot-allocator.o
  CXX(target) /Users/ziangwang/Sources/vibeos/target/node-runtime/fresh-57/source/node-v24.14.0/out/Release/obj.target/v8_base_without_compiler/deps/v8/src/codegen/assembler.o
  CXX(target) /Users/ziangwang/Sources/vibeos/target/node-runtime/fresh-57/source/node-v24.14.0/out/Release/obj.target/v8_base_without_compiler/deps/v8/src/codegen/bailout-reason.o
  CXX(target) /Users/ziangwang/Sources/vibeos/target/node-runtime/fresh-57/source/node-v24.14.0/out/Release/obj.target/v8_base_without_compiler/deps/v8/src/codegen/code-comments.o
  CXX(target) /Users/ziangwang/Sources/vibeos/target/node-runtime/fresh-57/source/node-v24.14.0/out/Release/obj.target/v8_base_without_compiler/deps/v8/src/codegen/code-desc.o
  CXX(target) /Users/ziangwang/Sources/vibeos/target/node-runtime/fresh-57/source/node-v24.14.0/out/Release/obj.target/v8_base_without_compiler/deps/v8/src/codegen/code-factory.o
  CXX(target) /Users/ziangwang/Sources/vibeos/target/node-runtime/fresh-57/source/node-v24.14.0/out/Release/obj.target/v8_base_without_compiler/deps/v8/src/codegen/code-reference.o
  CXX(target) /Users/ziangwang/Sources/vibeos/target/node-runtime/fresh-57/source/node-v24.14.0/out/Release/obj.target/v8_base_without_compiler/deps/v8/src/codegen/compilation-cache.o
  CXX(target) /Users/ziangwang/Sources/vibeos/target/node-runtime/fresh-57/source/node-v24.14.0/out/Release/obj.target/v8_base_without_compiler/deps/v8/src/codegen/compiler.o
  CXX(target) /Users/ziangwang/Sources/vibeos/target/node-runtime/fresh-57/source/node-v24.14.0/out/Release/obj.target/v8_base_without_compiler/deps/v8/src/codegen/constant-pool.o
  CXX(target) /Users/ziangwang/Sources/vibeos/target/node-runtime/fresh-57/source/node-v24.14.0/out/Release/obj.target/v8_base_without_compiler/deps/v8/src/codegen/external-reference-encoder.o
  CXX(target) /Users/ziangwang/Sources/vibeos/target/node-runtime/fresh-57/source/node-v24.14.0/out/Release/obj.target/v8_base_without_compiler/deps/v8/src/codegen/external-reference-table.o
  CXX(target) /Users/ziangwang/Sources/vibeos/target/node-runtime/fresh-57/source/node-v24.14.0/out/Release/obj.target/v8_base_without_compiler/deps/v8/src/codegen/external-reference.o
  CXX(target) /Users/ziangwang/Sources/vibeos/target/node-runtime/fresh-57/source/node-v24.14.0/out/Release/obj.target/v8_base_without_compiler/deps/v8/src/codegen/flush-instruction-cache.o
  CXX(target) /Users/ziangwang/Sources/vibeos/target/node-runtime/fresh-57/source/node-v24.14.0/out/Release/obj.target/v8_base_without_compiler/deps/v8/src/codegen/handler-table.o
  CXX(target) /Users/ziangwang/Sources/vibeos/target/node-runtime/fresh-57/source/node-v24.14.0/out/Release/obj.target/v8_base_without_compiler/deps/v8/src/codegen/interface-descriptors.o
  CXX(target) /Users/ziangwang/Sources/vibeos/target/node-runtime/fresh-57/source/node-v24.14.0/out/Release/obj.target/v8_base_without_compiler/deps/v8/src/codegen/machine-type.o
  CXX(target) /Users/ziangwang/Sources/vibeos/target/node-runtime/fresh-57/source/node-v24.14.0/out/Release/obj.target/v8_base_without_compiler/deps/v8/src/codegen/macro-assembler-base.o
  CXX(target) /Users/ziangwang/Sources/vibeos/target/node-runtime/fresh-57/source/node-v24.14.0/out/Release/obj.target/v8_base_without_compiler/deps/v8/src/codegen/maglev-safepoint-table.o
  CXX(target) /Users/ziangwang/Sources/vibeos/target/node-runtime/fresh-57/source/node-v24.14.0/out/Release/obj.target/v8_base_without_compiler/deps/v8/src/codegen/optimized-compilation-info.o
  CXX(target) /Users/ziangwang/Sources/vibeos/target/node-runtime/fresh-57/source/node-v24.14.0/out/Release/obj.target/v8_base_without_compiler/deps/v8/src/codegen/pending-optimization-table.o
  CXX(target) /Users/ziangwang/Sources/vibeos/target/node-runtime/fresh-57/source/node-v24.14.0/out/Release/obj.target/v8_base_without_compiler/deps/v8/src/codegen/register-configuration.o
  CXX(target) /Users/ziangwang/Sources/vibeos/target/node-runtime/fresh-57/source/node-v24.14.0/out/Release/obj.target/v8_base_without_compiler/deps/v8/src/codegen/reloc-info.o
  CXX(target) /Users/ziangwang/Sources/vibeos/target/node-runtime/fresh-57/source/node-v24.14.0/out/Release/obj.target/v8_base_without_compiler/deps/v8/src/codegen/safepoint-table.o
  CXX(target) /Users/ziangwang/Sources/vibeos/target/node-runtime/fresh-57/source/node-v24.14.0/out/Release/obj.target/v8_base_without_compiler/deps/v8/src/codegen/source-position-table.o
  CXX(target) /Users/ziangwang/Sources/vibeos/target/node-runtime/fresh-57/source/node-v24.14.0/out/Release/obj.target/v8_base_without_compiler/deps/v8/src/codegen/source-position.o
  CXX(target) /Users/ziangwang/Sources/vibeos/target/node-runtime/fresh-57/source/node-v24.14.0/out/Release/obj.target/v8_base_without_compiler/deps/v8/src/codegen/tick-counter.o
  CXX(target) /Users/ziangwang/Sources/vibeos/target/node-runtime/fresh-57/source/node-v24.14.0/out/Release/obj.target/v8_base_without_compiler/deps/v8/src/codegen/tnode.o
  CXX(target) /Users/ziangwang/Sources/vibeos/target/node-runtime/fresh-57/source/node-v24.14.0/out/Release/obj.target/v8_base_without_compiler/deps/v8/src/codegen/unoptimized-compilation-info.o
  CXX(target) /Users/ziangwang/Sources/vibeos/target/node-runtime/fresh-57/source/node-v24.14.0/out/Release/obj.target/v8_base_without_compiler/deps/v8/src/common/assert-scope.o
  CXX(target) /Users/ziangwang/Sources/vibeos/target/node-runtime/fresh-57/source/node-v24.14.0/out/Release/obj.target/v8_base_without_compiler/deps/v8/src/common/code-memory-access.o
  CXX(target) /Users/ziangwang/Sources/vibeos/target/node-runtime/fresh-57/source/node-v24.14.0/out/Release/obj.target/v8_base_without_compiler/deps/v8/src/common/ptr-compr.o
  CXX(target) /Users/ziangwang/Sources/vibeos/target/node-runtime/fresh-57/source/node-v24.14.0/out/Release/obj.target/v8_base_without_compiler/deps/v8/src/compiler-dispatcher/lazy-compile-dispatcher.o
  CXX(target) /Users/ziangwang/Sources/vibeos/target/node-runtime/fresh-57/source/node-v24.14.0/out/Release/obj.target/v8_base_without_compiler/deps/v8/src/compiler-dispatcher/optimizing-compile-dispatcher.o
  CXX(target) /Users/ziangwang/Sources/vibeos/target/node-runtime/fresh-57/source/node-v24.14.0/out/Release/obj.target/v8_base_without_compiler/deps/v8/src/date/date.o
  CXX(target) /Users/ziangwang/Sources/vibeos/target/node-runtime/fresh-57/source/node-v24.14.0/out/Release/obj.target/v8_base_without_compiler/deps/v8/src/date/dateparser.o
  CXX(target) /Users/ziangwang/Sources/vibeos/target/node-runtime/fresh-57/source/node-v24.14.0/out/Release/obj.target/v8_base_without_compiler/deps/v8/src/debug/debug-coverage.o
  CXX(target) /Users/ziangwang/Sources/vibeos/target/node-runtime/fresh-57/source/node-v24.14.0/out/Release/obj.target/v8_base_without_compiler/deps/v8/src/debug/debug-evaluate.o
  CXX(target) /Users/ziangwang/Sources/vibeos/target/node-runtime/fresh-57/source/node-v24.14.0/out/Release/obj.target/v8_base_without_compiler/deps/v8/src/debug/debug-frames.o
  CXX(target) /Users/ziangwang/Sources/vibeos/target/node-runtime/fresh-57/source/node-v24.14.0/out/Release/obj.target/v8_base_without_compiler/deps/v8/src/debug/debug-interface.o
  CXX(target) /Users/ziangwang/Sources/vibeos/target/node-runtime/fresh-57/source/node-v24.14.0/out/Release/obj.target/v8_base_without_compiler/deps/v8/src/debug/debug-property-iterator.o
  CXX(target) /Users/ziangwang/Sources/vibeos/target/node-runtime/fresh-57/source/node-v24.14.0/out/Release/obj.target/v8_base_without_compiler/deps/v8/src/debug/debug-scope-iterator.o
  CXX(target) /Users/ziangwang/Sources/vibeos/target/node-runtime/fresh-57/source/node-v24.14.0/out/Release/obj.target/v8_base_without_compiler/deps/v8/src/debug/debug-scopes.o
  CXX(target) /Users/ziangwang/Sources/vibeos/target/node-runtime/fresh-57/source/node-v24.14.0/out/Release/obj.target/v8_base_without_compiler/deps/v8/src/debug/debug-stack-trace-iterator.o
  CXX(target) /Users/ziangwang/Sources/vibeos/target/node-runtime/fresh-57/source/node-v24.14.0/out/Release/obj.target/v8_base_without_compiler/deps/v8/src/debug/debug.o
  CXX(target) /Users/ziangwang/Sources/vibeos/target/node-runtime/fresh-57/source/node-v24.14.0/out/Release/obj.target/v8_base_without_compiler/deps/v8/src/debug/liveedit-diff.o
  CXX(target) /Users/ziangwang/Sources/vibeos/target/node-runtime/fresh-57/source/node-v24.14.0/out/Release/obj.target/v8_base_without_compiler/deps/v8/src/debug/liveedit.o
  CXX(target) /Users/ziangwang/Sources/vibeos/target/node-runtime/fresh-57/source/node-v24.14.0/out/Release/obj.target/v8_base_without_compiler/deps/v8/src/deoptimizer/deoptimize-reason.o
  CXX(target) /Users/ziangwang/Sources/vibeos/target/node-runtime/fresh-57/source/node-v24.14.0/out/Release/obj.target/v8_base_without_compiler/deps/v8/src/deoptimizer/deoptimized-frame-info.o
  CXX(target) /Users/ziangwang/Sources/vibeos/target/node-runtime/fresh-57/source/node-v24.14.0/out/Release/obj.target/v8_base_without_compiler/deps/v8/src/deoptimizer/deoptimizer.o
  CXX(target) /Users/ziangwang/Sources/vibeos/target/node-runtime/fresh-57/source/node-v24.14.0/out/Release/obj.target/v8_base_without_compiler/deps/v8/src/deoptimizer/frame-translation-builder.o
  CXX(target) /Users/ziangwang/Sources/vibeos/target/node-runtime/fresh-57/source/node-v24.14.0/out/Release/obj.target/v8_base_without_compiler/deps/v8/src/deoptimizer/materialized-object-store.o
  CXX(target) /Users/ziangwang/Sources/vibeos/target/node-runtime/fresh-57/source/node-v24.14.0/out/Release/obj.target/v8_base_without_compiler/deps/v8/src/deoptimizer/translated-state.o
  CXX(target) /Users/ziangwang/Sources/vibeos/target/node-runtime/fresh-57/source/node-v24.14.0/out/Release/obj.target/v8_base_without_compiler/deps/v8/src/diagnostics/basic-block-profiler.o
  CXX(target) /Users/ziangwang/Sources/vibeos/target/node-runtime/fresh-57/source/node-v24.14.0/out/Release/obj.target/v8_base_without_compiler/deps/v8/src/diagnostics/compilation-statistics.o
  CXX(target) /Users/ziangwang/Sources/vibeos/target/node-runtime/fresh-57/source/node-v24.14.0/out/Release/obj.target/v8_base_without_compiler/deps/v8/src/diagnostics/disassembler.o
  CXX(target) /Users/ziangwang/Sources/vibeos/target/node-runtime/fresh-57/source/node-v24.14.0/out/Release/obj.target/v8_base_without_compiler/deps/v8/src/diagnostics/eh-frame.o
  CXX(target) /Users/ziangwang/Sources/vibeos/target/node-runtime/fresh-57/source/node-v24.14.0/out/Release/obj.target/v8_base_without_compiler/deps/v8/src/diagnostics/gdb-jit.o
  CXX(target) /Users/ziangwang/Sources/vibeos/target/node-runtime/fresh-57/source/node-v24.14.0/out/Release/obj.target/v8_base_without_compiler/deps/v8/src/diagnostics/objects-debug.o
  CXX(target) /Users/ziangwang/Sources/vibeos/target/node-runtime/fresh-57/source/node-v24.14.0/out/Release/obj.target/v8_base_without_compiler/deps/v8/src/diagnostics/objects-printer.o
  CXX(target) /Users/ziangwang/Sources/vibeos/target/node-runtime/fresh-57/source/node-v24.14.0/out/Release/obj.target/v8_base_without_compiler/deps/v8/src/diagnostics/perf-jit.o
  CXX(target) /Users/ziangwang/Sources/vibeos/target/node-runtime/fresh-57/source/node-v24.14.0/out/Release/obj.target/v8_base_without_compiler/deps/v8/src/diagnostics/unwinder.o
  CXX(target) /Users/ziangwang/Sources/vibeos/target/node-runtime/fresh-57/source/node-v24.14.0/out/Release/obj.target/v8_base_without_compiler/deps/v8/src/execution/arguments.o
  CXX(target) /Users/ziangwang/Sources/vibeos/target/node-runtime/fresh-57/source/node-v24.14.0/out/Release/obj.target/v8_base_without_compiler/deps/v8/src/execution/clobber-registers.o
  CXX(target) /Users/ziangwang/Sources/vibeos/target/node-runtime/fresh-57/source/node-v24.14.0/out/Release/obj.target/v8_base_without_compiler/deps/v8/src/execution/embedder-state.o
  CXX(target) /Users/ziangwang/Sources/vibeos/target/node-runtime/fresh-57/source/node-v24.14.0/out/Release/obj.target/v8_base_without_compiler/deps/v8/src/execution/encoded-c-signature.o
  CXX(target) /Users/ziangwang/Sources/vibeos/target/node-runtime/fresh-57/source/node-v24.14.0/out/Release/obj.target/v8_base_without_compiler/deps/v8/src/execution/execution.o
  CXX(target) /Users/ziangwang/Sources/vibeos/target/node-runtime/fresh-57/source/node-v24.14.0/out/Release/obj.target/v8_base_without_compiler/deps/v8/src/execution/frames.o
  CXX(target) /Users/ziangwang/Sources/vibeos/target/node-runtime/fresh-57/source/node-v24.14.0/out/Release/obj.target/v8_base_without_compiler/deps/v8/src/execution/futex-emulation.o
  CXX(target) /Users/ziangwang/Sources/vibeos/target/node-runtime/fresh-57/source/node-v24.14.0/out/Release/obj.target/v8_base_without_compiler/deps/v8/src/execution/interrupts-scope.o
  CXX(target) /Users/ziangwang/Sources/vibeos/target/node-runtime/fresh-57/source/node-v24.14.0/out/Release/obj.target/v8_base_without_compiler/deps/v8/src/execution/isolate.o
  CXX(target) /Users/ziangwang/Sources/vibeos/target/node-runtime/fresh-57/source/node-v24.14.0/out/Release/obj.target/v8_base_without_compiler/deps/v8/src/execution/local-isolate.o
  CXX(target) /Users/ziangwang/Sources/vibeos/target/node-runtime/fresh-57/source/node-v24.14.0/out/Release/obj.target/v8_base_without_compiler/deps/v8/src/execution/messages.o
  CXX(target) /Users/ziangwang/Sources/vibeos/target/node-runtime/fresh-57/source/node-v24.14.0/out/Release/obj.target/v8_base_without_compiler/deps/v8/src/execution/microtask-queue.o
  CXX(target) /Users/ziangwang/Sources/vibeos/target/node-runtime/fresh-57/source/node-v24.14.0/out/Release/obj.target/v8_base_without_compiler/deps/v8/src/execution/protectors.o
  CXX(target) /Users/ziangwang/Sources/vibeos/target/node-runtime/fresh-57/source/node-v24.14.0/out/Release/obj.target/v8_base_without_compiler/deps/v8/src/execution/simulator-base.o
  CXX(target) /Users/ziangwang/Sources/vibeos/target/node-runtime/fresh-57/source/node-v24.14.0/out/Release/obj.target/v8_base_without_compiler/deps/v8/src/execution/stack-guard.o
  CXX(target) /Users/ziangwang/Sources/vibeos/target/node-runtime/fresh-57/source/node-v24.14.0/out/Release/obj.target/v8_base_without_compiler/deps/v8/src/execution/thread-id.o
  CXX(target) /Users/ziangwang/Sources/vibeos/target/node-runtime/fresh-57/source/node-v24.14.0/out/Release/obj.target/v8_base_without_compiler/deps/v8/src/execution/thread-local-top.o
  CXX(target) /Users/ziangwang/Sources/vibeos/target/node-runtime/fresh-57/source/node-v24.14.0/out/Release/obj.target/v8_base_without_compiler/deps/v8/src/execution/tiering-manager.o
  CXX(target) /Users/ziangwang/Sources/vibeos/target/node-runtime/fresh-57/source/node-v24.14.0/out/Release/obj.target/v8_base_without_compiler/deps/v8/src/execution/v8threads.o
  CXX(target) /Users/ziangwang/Sources/vibeos/target/node-runtime/fresh-57/source/node-v24.14.0/out/Release/obj.target/v8_base_without_compiler/deps/v8/src/extensions/cputracemark-extension.o
  CXX(target) /Users/ziangwang/Sources/vibeos/target/node-runtime/fresh-57/source/node-v24.14.0/out/Release/obj.target/v8_base_without_compiler/deps/v8/src/extensions/externalize-string-extension.o
  CXX(target) /Users/ziangwang/Sources/vibeos/target/node-runtime/fresh-57/source/node-v24.14.0/out/Release/obj.target/v8_base_without_compiler/deps/v8/src/extensions/gc-extension.o
  CXX(target) /Users/ziangwang/Sources/vibeos/target/node-runtime/fresh-57/source/node-v24.14.0/out/Release/obj.target/v8_base_without_compiler/deps/v8/src/extensions/ignition-statistics-extension.o
  CXX(target) /Users/ziangwang/Sources/vibeos/target/node-runtime/fresh-57/source/node-v24.14.0/out/Release/obj.target/v8_base_without_compiler/deps/v8/src/extensions/statistics-extension.o
  CXX(target) /Users/ziangwang/Sources/vibeos/target/node-runtime/fresh-57/source/node-v24.14.0/out/Release/obj.target/v8_base_without_compiler/deps/v8/src/extensions/trigger-failure-extension.o
  CXX(target) /Users/ziangwang/Sources/vibeos/target/node-runtime/fresh-57/source/node-v24.14.0/out/Release/obj.target/v8_base_without_compiler/deps/v8/src/flags/flags.o
  CXX(target) /Users/ziangwang/Sources/vibeos/target/node-runtime/fresh-57/source/node-v24.14.0/out/Release/obj.target/v8_base_without_compiler/deps/v8/src/handles/global-handles.o
  CXX(target) /Users/ziangwang/Sources/vibeos/target/node-runtime/fresh-57/source/node-v24.14.0/out/Release/obj.target/v8_base_without_compiler/deps/v8/src/handles/handles.o
  CXX(target) /Users/ziangwang/Sources/vibeos/target/node-runtime/fresh-57/source/node-v24.14.0/out/Release/obj.target/v8_base_without_compiler/deps/v8/src/handles/local-handles.o
  CXX(target) /Users/ziangwang/Sources/vibeos/target/node-runtime/fresh-57/source/node-v24.14.0/out/Release/obj.target/v8_base_without_compiler/deps/v8/src/handles/persistent-handles.o
  CXX(target) /Users/ziangwang/Sources/vibeos/target/node-runtime/fresh-57/source/node-v24.14.0/out/Release/obj.target/v8_base_without_compiler/deps/v8/src/handles/shared-object-conveyor-handles.o
  CXX(target) /Users/ziangwang/Sources/vibeos/target/node-runtime/fresh-57/source/node-v24.14.0/out/Release/obj.target/v8_base_without_compiler/deps/v8/src/handles/traced-handles.o
  CXX(target) /Users/ziangwang/Sources/vibeos/target/node-runtime/fresh-57/source/node-v24.14.0/out/Release/obj.target/v8_base_without_compiler/deps/v8/src/heap/allocation-observer.o
  CXX(target) /Users/ziangwang/Sources/vibeos/target/node-runtime/fresh-57/source/node-v24.14.0/out/Release/obj.target/v8_base_without_compiler/deps/v8/src/heap/array-buffer-sweeper.o
  CXX(target) /Users/ziangwang/Sources/vibeos/target/node-runtime/fresh-57/source/node-v24.14.0/out/Release/obj.target/v8_base_without_compiler/deps/v8/src/heap/code-range.o
  CXX(target) /Users/ziangwang/Sources/vibeos/target/node-runtime/fresh-57/source/node-v24.14.0/out/Release/obj.target/v8_base_without_compiler/deps/v8/src/heap/code-stats.o
  CXX(target) /Users/ziangwang/Sources/vibeos/target/node-runtime/fresh-57/source/node-v24.14.0/out/Release/obj.target/v8_base_without_compiler/deps/v8/src/heap/collection-barrier.o
  CXX(target) /Users/ziangwang/Sources/vibeos/target/node-runtime/fresh-57/source/node-v24.14.0/out/Release/obj.target/v8_base_without_compiler/deps/v8/src/heap/combined-heap.o
  CXX(target) /Users/ziangwang/Sources/vibeos/target/node-runtime/fresh-57/source/node-v24.14.0/out/Release/obj.target/v8_base_without_compiler/deps/v8/src/heap/concurrent-marking.o
  CXX(target) /Users/ziangwang/Sources/vibeos/target/node-runtime/fresh-57/source/node-v24.14.0/out/Release/obj.target/v8_base_without_compiler/deps/v8/src/heap/cppgc-js/cpp-heap.o
  CXX(target) /Users/ziangwang/Sources/vibeos/target/node-runtime/fresh-57/source/node-v24.14.0/out/Release/obj.target/v8_base_without_compiler/deps/v8/src/heap/cppgc-js/cpp-snapshot.o
  CXX(target) /Users/ziangwang/Sources/vibeos/target/node-runtime/fresh-57/source/node-v24.14.0/out/Release/obj.target/v8_base_without_compiler/deps/v8/src/heap/cppgc-js/cross-heap-remembered-set.o
  CXX(target) /Users/ziangwang/Sources/vibeos/target/node-runtime/fresh-57/source/node-v24.14.0/out/Release/obj.target/v8_base_without_compiler/deps/v8/src/heap/cppgc-js/unified-heap-marking-state.o
  CXX(target) /Users/ziangwang/Sources/vibeos/target/node-runtime/fresh-57/source/node-v24.14.0/out/Release/obj.target/v8_base_without_compiler/deps/v8/src/heap/cppgc-js/unified-heap-marking-verifier.o
  CXX(target) /Users/ziangwang/Sources/vibeos/target/node-runtime/fresh-57/source/node-v24.14.0/out/Release/obj.target/v8_base_without_compiler/deps/v8/src/heap/cppgc-js/unified-heap-marking-visitor.o
  CXX(target) /Users/ziangwang/Sources/vibeos/target/node-runtime/fresh-57/source/node-v24.14.0/out/Release/obj.target/v8_base_without_compiler/deps/v8/src/heap/ephemeron-remembered-set.o
  CXX(target) /Users/ziangwang/Sources/vibeos/target/node-runtime/fresh-57/source/node-v24.14.0/out/Release/obj.target/v8_base_without_compiler/deps/v8/src/heap/evacuation-allocator.o
  CXX(target) /Users/ziangwang/Sources/vibeos/target/node-runtime/fresh-57/source/node-v24.14.0/out/Release/obj.target/v8_base_without_compiler/deps/v8/src/heap/evacuation-verifier.o
  CXX(target) /Users/ziangwang/Sources/vibeos/target/node-runtime/fresh-57/source/node-v24.14.0/out/Release/obj.target/v8_base_without_compiler/deps/v8/src/heap/factory-base.o
  CXX(target) /Users/ziangwang/Sources/vibeos/target/node-runtime/fresh-57/source/node-v24.14.0/out/Release/obj.target/v8_base_without_compiler/deps/v8/src/heap/factory.o
  CXX(target) /Users/ziangwang/Sources/vibeos/target/node-runtime/fresh-57/source/node-v24.14.0/out/Release/obj.target/v8_base_without_compiler/deps/v8/src/heap/finalization-registry-cleanup-task.o
  CXX(target) /Users/ziangwang/Sources/vibeos/target/node-runtime/fresh-57/source/node-v24.14.0/out/Release/obj.target/v8_base_without_compiler/deps/v8/src/heap/free-list.o
  CXX(target) /Users/ziangwang/Sources/vibeos/target/node-runtime/fresh-57/source/node-v24.14.0/out/Release/obj.target/v8_base_without_compiler/deps/v8/src/heap/gc-tracer.o
  CXX(target) /Users/ziangwang/Sources/vibeos/target/node-runtime/fresh-57/source/node-v24.14.0/out/Release/obj.target/v8_base_without_compiler/deps/v8/src/heap/heap-allocator.o
  CXX(target) /Users/ziangwang/Sources/vibeos/target/node-runtime/fresh-57/source/node-v24.14.0/out/Release/obj.target/v8_base_without_compiler/deps/v8/src/heap/heap-controller.o
  CXX(target) /Users/ziangwang/Sources/vibeos/target/node-runtime/fresh-57/source/node-v24.14.0/out/Release/obj.target/v8_base_without_compiler/deps/v8/src/heap/heap-layout-tracer.o
  CXX(target) /Users/ziangwang/Sources/vibeos/target/node-runtime/fresh-57/source/node-v24.14.0/out/Release/obj.target/v8_base_without_compiler/deps/v8/src/heap/heap-layout.o
  CXX(target) /Users/ziangwang/Sources/vibeos/target/node-runtime/fresh-57/source/node-v24.14.0/out/Release/obj.target/v8_base_without_compiler/deps/v8/src/heap/heap-verifier.o
  CXX(target) /Users/ziangwang/Sources/vibeos/target/node-runtime/fresh-57/source/node-v24.14.0/out/Release/obj.target/v8_base_without_compiler/deps/v8/src/heap/heap-visitor.o
  CXX(target) /Users/ziangwang/Sources/vibeos/target/node-runtime/fresh-57/source/node-v24.14.0/out/Release/obj.target/v8_base_without_compiler/deps/v8/src/heap/heap-write-barrier.o
  CXX(target) /Users/ziangwang/Sources/vibeos/target/node-runtime/fresh-57/source/node-v24.14.0/out/Release/obj.target/v8_base_without_compiler/deps/v8/src/heap/heap.o
  CXX(target) /Users/ziangwang/Sources/vibeos/target/node-runtime/fresh-57/source/node-v24.14.0/out/Release/obj.target/v8_base_without_compiler/deps/v8/src/heap/incremental-marking-job.o
  CXX(target) /Users/ziangwang/Sources/vibeos/target/node-runtime/fresh-57/source/node-v24.14.0/out/Release/obj.target/v8_base_without_compiler/deps/v8/src/heap/incremental-marking.o
  CXX(target) /Users/ziangwang/Sources/vibeos/target/node-runtime/fresh-57/source/node-v24.14.0/out/Release/obj.target/v8_base_without_compiler/deps/v8/src/heap/index-generator.o
  CXX(target) /Users/ziangwang/Sources/vibeos/target/node-runtime/fresh-57/source/node-v24.14.0/out/Release/obj.target/v8_base_without_compiler/deps/v8/src/heap/large-page-metadata.o
  CXX(target) /Users/ziangwang/Sources/vibeos/target/node-runtime/fresh-57/source/node-v24.14.0/out/Release/obj.target/v8_base_without_compiler/deps/v8/src/heap/large-spaces.o
  CXX(target) /Users/ziangwang/Sources/vibeos/target/node-runtime/fresh-57/source/node-v24.14.0/out/Release/obj.target/v8_base_without_compiler/deps/v8/src/heap/local-factory.o
  CXX(target) /Users/ziangwang/Sources/vibeos/target/node-runtime/fresh-57/source/node-v24.14.0/out/Release/obj.target/v8_base_without_compiler/deps/v8/src/heap/local-heap.o
  CXX(target) /Users/ziangwang/Sources/vibeos/target/node-runtime/fresh-57/source/node-v24.14.0/out/Release/obj.target/v8_base_without_compiler/deps/v8/src/heap/main-allocator.o
  CXX(target) /Users/ziangwang/Sources/vibeos/target/node-runtime/fresh-57/source/node-v24.14.0/out/Release/obj.target/v8_base_without_compiler/deps/v8/src/heap/mark-compact.o
  CXX(target) /Users/ziangwang/Sources/vibeos/target/node-runtime/fresh-57/source/node-v24.14.0/out/Release/obj.target/v8_base_without_compiler/deps/v8/src/heap/mark-sweep-utilities.o
  CXX(target) /Users/ziangwang/Sources/vibeos/target/node-runtime/fresh-57/source/node-v24.14.0/out/Release/obj.target/v8_base_without_compiler/deps/v8/src/heap/marking-barrier.o
  CXX(target) /Users/ziangwang/Sources/vibeos/target/node-runtime/fresh-57/source/node-v24.14.0/out/Release/obj.target/v8_base_without_compiler/deps/v8/src/heap/marking-worklist.o
  CXX(target) /Users/ziangwang/Sources/vibeos/target/node-runtime/fresh-57/source/node-v24.14.0/out/Release/obj.target/v8_base_without_compiler/deps/v8/src/heap/marking.o
  CXX(target) /Users/ziangwang/Sources/vibeos/target/node-runtime/fresh-57/source/node-v24.14.0/out/Release/obj.target/v8_base_without_compiler/deps/v8/src/heap/memory-allocator.o
  CXX(target) /Users/ziangwang/Sources/vibeos/target/node-runtime/fresh-57/source/node-v24.14.0/out/Release/obj.target/v8_base_without_compiler/deps/v8/src/heap/memory-balancer.o
  CXX(target) /Users/ziangwang/Sources/vibeos/target/node-runtime/fresh-57/source/node-v24.14.0/out/Release/obj.target/v8_base_without_compiler/deps/v8/src/heap/memory-chunk-metadata.o
  CXX(target) /Users/ziangwang/Sources/vibeos/target/node-runtime/fresh-57/source/node-v24.14.0/out/Release/obj.target/v8_base_without_compiler/deps/v8/src/heap/memory-chunk.o
  CXX(target) /Users/ziangwang/Sources/vibeos/target/node-runtime/fresh-57/source/node-v24.14.0/out/Release/obj.target/v8_base_without_compiler/deps/v8/src/heap/memory-measurement.o
  CXX(target) /Users/ziangwang/Sources/vibeos/target/node-runtime/fresh-57/source/node-v24.14.0/out/Release/obj.target/v8_base_without_compiler/deps/v8/src/heap/memory-reducer.o
  CXX(target) /Users/ziangwang/Sources/vibeos/target/node-runtime/fresh-57/source/node-v24.14.0/out/Release/obj.target/v8_base_without_compiler/deps/v8/src/heap/minor-gc-job.o
  CXX(target) /Users/ziangwang/Sources/vibeos/target/node-runtime/fresh-57/source/node-v24.14.0/out/Release/obj.target/v8_base_without_compiler/deps/v8/src/heap/minor-mark-sweep.o
  CXX(target) /Users/ziangwang/Sources/vibeos/target/node-runtime/fresh-57/source/node-v24.14.0/out/Release/obj.target/v8_base_without_compiler/deps/v8/src/heap/mutable-page-metadata.o
  CXX(target) /Users/ziangwang/Sources/vibeos/target/node-runtime/fresh-57/source/node-v24.14.0/out/Release/obj.target/v8_base_without_compiler/deps/v8/src/heap/new-spaces.o
  CXX(target) /Users/ziangwang/Sources/vibeos/target/node-runtime/fresh-57/source/node-v24.14.0/out/Release/obj.target/v8_base_without_compiler/deps/v8/src/heap/object-stats.o
  CXX(target) /Users/ziangwang/Sources/vibeos/target/node-runtime/fresh-57/source/node-v24.14.0/out/Release/obj.target/v8_base_without_compiler/deps/v8/src/heap/page-metadata.o
  CXX(target) /Users/ziangwang/Sources/vibeos/target/node-runtime/fresh-57/source/node-v24.14.0/out/Release/obj.target/v8_base_without_compiler/deps/v8/src/heap/page-pool.o
  CXX(target) /Users/ziangwang/Sources/vibeos/target/node-runtime/fresh-57/source/node-v24.14.0/out/Release/obj.target/v8_base_without_compiler/deps/v8/src/heap/paged-spaces.o
  CXX(target) /Users/ziangwang/Sources/vibeos/target/node-runtime/fresh-57/source/node-v24.14.0/out/Release/obj.target/v8_base_without_compiler/deps/v8/src/heap/pretenuring-handler.o
  CXX(target) /Users/ziangwang/Sources/vibeos/target/node-runtime/fresh-57/source/node-v24.14.0/out/Release/obj.target/v8_base_without_compiler/deps/v8/src/heap/read-only-heap.o
  CXX(target) /Users/ziangwang/Sources/vibeos/target/node-runtime/fresh-57/source/node-v24.14.0/out/Release/obj.target/v8_base_without_compiler/deps/v8/src/heap/read-only-promotion.o
  CXX(target) /Users/ziangwang/Sources/vibeos/target/node-runtime/fresh-57/source/node-v24.14.0/out/Release/obj.target/v8_base_without_compiler/deps/v8/src/heap/read-only-spaces.o
  CXX(target) /Users/ziangwang/Sources/vibeos/target/node-runtime/fresh-57/source/node-v24.14.0/out/Release/obj.target/v8_base_without_compiler/deps/v8/src/heap/safepoint.o
  CXX(target) /Users/ziangwang/Sources/vibeos/target/node-runtime/fresh-57/source/node-v24.14.0/out/Release/obj.target/v8_base_without_compiler/deps/v8/src/heap/scavenger.o
  CXX(target) /Users/ziangwang/Sources/vibeos/target/node-runtime/fresh-57/source/node-v24.14.0/out/Release/obj.target/v8_base_without_compiler/deps/v8/src/heap/slot-set.o
  CXX(target) /Users/ziangwang/Sources/vibeos/target/node-runtime/fresh-57/source/node-v24.14.0/out/Release/obj.target/v8_base_without_compiler/deps/v8/src/heap/spaces.o
  CXX(target) /Users/ziangwang/Sources/vibeos/target/node-runtime/fresh-57/source/node-v24.14.0/out/Release/obj.target/v8_base_without_compiler/deps/v8/src/heap/stress-scavenge-observer.o
  CXX(target) /Users/ziangwang/Sources/vibeos/target/node-runtime/fresh-57/source/node-v24.14.0/out/Release/obj.target/v8_base_without_compiler/deps/v8/src/heap/sweeper.o
  CXX(target) /Users/ziangwang/Sources/vibeos/target/node-runtime/fresh-57/source/node-v24.14.0/out/Release/obj.target/v8_base_without_compiler/deps/v8/src/heap/traced-handles-marking-visitor.o
  CXX(target) /Users/ziangwang/Sources/vibeos/target/node-runtime/fresh-57/source/node-v24.14.0/out/Release/obj.target/v8_base_without_compiler/deps/v8/src/heap/trusted-range.o
  CXX(target) /Users/ziangwang/Sources/vibeos/target/node-runtime/fresh-57/source/node-v24.14.0/out/Release/obj.target/v8_base_without_compiler/deps/v8/src/heap/visit-object.o
  CXX(target) /Users/ziangwang/Sources/vibeos/target/node-runtime/fresh-57/source/node-v24.14.0/out/Release/obj.target/v8_base_without_compiler/deps/v8/src/heap/weak-object-worklists.o
  CXX(target) /Users/ziangwang/Sources/vibeos/target/node-runtime/fresh-57/source/node-v24.14.0/out/Release/obj.target/v8_base_without_compiler/deps/v8/src/heap/zapping.o
  CXX(target) /Users/ziangwang/Sources/vibeos/target/node-runtime/fresh-57/source/node-v24.14.0/out/Release/obj.target/v8_base_without_compiler/deps/v8/src/ic/call-optimization.o
  CXX(target) /Users/ziangwang/Sources/vibeos/target/node-runtime/fresh-57/source/node-v24.14.0/out/Release/obj.target/v8_base_without_compiler/deps/v8/src/ic/handler-configuration.o
  CXX(target) /Users/ziangwang/Sources/vibeos/target/node-runtime/fresh-57/source/node-v24.14.0/out/Release/obj.target/v8_base_without_compiler/deps/v8/src/ic/ic-stats.o
  CXX(target) /Users/ziangwang/Sources/vibeos/target/node-runtime/fresh-57/source/node-v24.14.0/out/Release/obj.target/v8_base_without_compiler/deps/v8/src/ic/ic.o
  CXX(target) /Users/ziangwang/Sources/vibeos/target/node-runtime/fresh-57/source/node-v24.14.0/out/Release/obj.target/v8_base_without_compiler/deps/v8/src/ic/stub-cache.o
  CXX(target) /Users/ziangwang/Sources/vibeos/target/node-runtime/fresh-57/source/node-v24.14.0/out/Release/obj.target/v8_base_without_compiler/deps/v8/src/init/bootstrapper.o
  CXX(target) /Users/ziangwang/Sources/vibeos/target/node-runtime/fresh-57/source/node-v24.14.0/out/Release/obj.target/v8_base_without_compiler/deps/v8/src/init/icu_util.o
  CXX(target) /Users/ziangwang/Sources/vibeos/target/node-runtime/fresh-57/source/node-v24.14.0/out/Release/obj.target/v8_base_without_compiler/deps/v8/src/init/isolate-group.o
  CXX(target) /Users/ziangwang/Sources/vibeos/target/node-runtime/fresh-57/source/node-v24.14.0/out/Release/obj.target/v8_base_without_compiler/deps/v8/src/init/startup-data-util.o
  CXX(target) /Users/ziangwang/Sources/vibeos/target/node-runtime/fresh-57/source/node-v24.14.0/out/Release/obj.target/v8_base_without_compiler/deps/v8/src/init/v8.o
  CXX(target) /Users/ziangwang/Sources/vibeos/target/node-runtime/fresh-57/source/node-v24.14.0/out/Release/obj.target/v8_base_without_compiler/deps/v8/src/interpreter/bytecode-array-builder.o
  CXX(target) /Users/ziangwang/Sources/vibeos/target/node-runtime/fresh-57/source/node-v24.14.0/out/Release/obj.target/v8_base_without_compiler/deps/v8/src/interpreter/bytecode-array-iterator.o
  CXX(target) /Users/ziangwang/Sources/vibeos/target/node-runtime/fresh-57/source/node-v24.14.0/out/Release/obj.target/v8_base_without_compiler/deps/v8/src/interpreter/bytecode-array-random-iterator.o
  CXX(target) /Users/ziangwang/Sources/vibeos/target/node-runtime/fresh-57/source/node-v24.14.0/out/Release/obj.target/v8_base_without_compiler/deps/v8/src/interpreter/bytecode-array-writer.o
  CXX(target) /Users/ziangwang/Sources/vibeos/target/node-runtime/fresh-57/source/node-v24.14.0/out/Release/obj.target/v8_base_without_compiler/deps/v8/src/interpreter/bytecode-decoder.o
  CXX(target) /Users/ziangwang/Sources/vibeos/target/node-runtime/fresh-57/source/node-v24.14.0/out/Release/obj.target/v8_base_without_compiler/deps/v8/src/interpreter/bytecode-flags-and-tokens.o
  CXX(target) /Users/ziangwang/Sources/vibeos/target/node-runtime/fresh-57/source/node-v24.14.0/out/Release/obj.target/v8_base_without_compiler/deps/v8/src/interpreter/bytecode-generator.o
  CXX(target) /Users/ziangwang/Sources/vibeos/target/node-runtime/fresh-57/source/node-v24.14.0/out/Release/obj.target/v8_base_without_compiler/deps/v8/src/interpreter/bytecode-label.o
  CXX(target) /Users/ziangwang/Sources/vibeos/target/node-runtime/fresh-57/source/node-v24.14.0/out/Release/obj.target/v8_base_without_compiler/deps/v8/src/interpreter/bytecode-node.o
  CXX(target) /Users/ziangwang/Sources/vibeos/target/node-runtime/fresh-57/source/node-v24.14.0/out/Release/obj.target/v8_base_without_compiler/deps/v8/src/interpreter/bytecode-operands.o
  CXX(target) /Users/ziangwang/Sources/vibeos/target/node-runtime/fresh-57/source/node-v24.14.0/out/Release/obj.target/v8_base_without_compiler/deps/v8/src/interpreter/bytecode-register-optimizer.o
  CXX(target) /Users/ziangwang/Sources/vibeos/target/node-runtime/fresh-57/source/node-v24.14.0/out/Release/obj.target/v8_base_without_compiler/deps/v8/src/interpreter/bytecode-register.o
  CXX(target) /Users/ziangwang/Sources/vibeos/target/node-runtime/fresh-57/source/node-v24.14.0/out/Release/obj.target/v8_base_without_compiler/deps/v8/src/interpreter/bytecode-source-info.o
  CXX(target) /Users/ziangwang/Sources/vibeos/target/node-runtime/fresh-57/source/node-v24.14.0/out/Release/obj.target/v8_base_without_compiler/deps/v8/src/interpreter/bytecodes.o
  CXX(target) /Users/ziangwang/Sources/vibeos/target/node-runtime/fresh-57/source/node-v24.14.0/out/Release/obj.target/v8_base_without_compiler/deps/v8/src/interpreter/constant-array-builder.o
  CXX(target) /Users/ziangwang/Sources/vibeos/target/node-runtime/fresh-57/source/node-v24.14.0/out/Release/obj.target/v8_base_without_compiler/deps/v8/src/interpreter/control-flow-builders.o
  CXX(target) /Users/ziangwang/Sources/vibeos/target/node-runtime/fresh-57/source/node-v24.14.0/out/Release/obj.target/v8_base_without_compiler/deps/v8/src/interpreter/handler-table-builder.o
  CXX(target) /Users/ziangwang/Sources/vibeos/target/node-runtime/fresh-57/source/node-v24.14.0/out/Release/obj.target/v8_base_without_compiler/deps/v8/src/interpreter/interpreter-intrinsics.o
  CXX(target) /Users/ziangwang/Sources/vibeos/target/node-runtime/fresh-57/source/node-v24.14.0/out/Release/obj.target/v8_base_without_compiler/deps/v8/src/interpreter/interpreter.o
  CXX(target) /Users/ziangwang/Sources/vibeos/target/node-runtime/fresh-57/source/node-v24.14.0/out/Release/obj.target/v8_base_without_compiler/deps/v8/src/json/json-parser.o
  CXX(target) /Users/ziangwang/Sources/vibeos/target/node-runtime/fresh-57/source/node-v24.14.0/out/Release/obj.target/v8_base_without_compiler/deps/v8/src/json/json-stringifier.o
  CXX(target) /Users/ziangwang/Sources/vibeos/target/node-runtime/fresh-57/source/node-v24.14.0/out/Release/obj.target/v8_base_without_compiler/deps/v8/src/libsampler/sampler.o
  CXX(target) /Users/ziangwang/Sources/vibeos/target/node-runtime/fresh-57/source/node-v24.14.0/out/Release/obj.target/v8_base_without_compiler/deps/v8/src/logging/counters.o
  CXX(target) /Users/ziangwang/Sources/vibeos/target/node-runtime/fresh-57/source/node-v24.14.0/out/Release/obj.target/v8_base_without_compiler/deps/v8/src/logging/local-logger.o
  CXX(target) /Users/ziangwang/Sources/vibeos/target/node-runtime/fresh-57/source/node-v24.14.0/out/Release/obj.target/v8_base_without_compiler/deps/v8/src/logging/log-file.o
  CXX(target) /Users/ziangwang/Sources/vibeos/target/node-runtime/fresh-57/source/node-v24.14.0/out/Release/obj.target/v8_base_without_compiler/deps/v8/src/logging/log.o
  CXX(target) /Users/ziangwang/Sources/vibeos/target/node-runtime/fresh-57/source/node-v24.14.0/out/Release/obj.target/v8_base_without_compiler/deps/v8/src/logging/metrics.o
  CXX(target) /Users/ziangwang/Sources/vibeos/target/node-runtime/fresh-57/source/node-v24.14.0/out/Release/obj.target/v8_base_without_compiler/deps/v8/src/logging/runtime-call-stats.o
  CXX(target) /Users/ziangwang/Sources/vibeos/target/node-runtime/fresh-57/source/node-v24.14.0/out/Release/obj.target/v8_base_without_compiler/deps/v8/src/logging/tracing-flags.o
  CXX(target) /Users/ziangwang/Sources/vibeos/target/node-runtime/fresh-57/source/node-v24.14.0/out/Release/obj.target/v8_base_without_compiler/deps/v8/src/numbers/conversions.o
  CXX(target) /Users/ziangwang/Sources/vibeos/target/node-runtime/fresh-57/source/node-v24.14.0/out/Release/obj.target/v8_base_without_compiler/deps/v8/src/numbers/ieee754.o
  CXX(target) /Users/ziangwang/Sources/vibeos/target/node-runtime/fresh-57/source/node-v24.14.0/out/Release/obj.target/v8_base_without_compiler/deps/v8/src/numbers/math-random.o
  CXX(target) /Users/ziangwang/Sources/vibeos/target/node-runtime/fresh-57/source/node-v24.14.0/out/Release/obj.target/v8_base_without_compiler/deps/v8/src/objects/abstract-code.o
  CXX(target) /Users/ziangwang/Sources/vibeos/target/node-runtime/fresh-57/source/node-v24.14.0/out/Release/obj.target/v8_base_without_compiler/deps/v8/src/objects/backing-store.o
  CXX(target) /Users/ziangwang/Sources/vibeos/target/node-runtime/fresh-57/source/node-v24.14.0/out/Release/obj.target/v8_base_without_compiler/deps/v8/src/objects/bigint.o
  CXX(target) /Users/ziangwang/Sources/vibeos/target/node-runtime/fresh-57/source/node-v24.14.0/out/Release/obj.target/v8_base_without_compiler/deps/v8/src/objects/bytecode-array.o
  CXX(target) /Users/ziangwang/Sources/vibeos/target/node-runtime/fresh-57/source/node-v24.14.0/out/Release/obj.target/v8_base_without_compiler/deps/v8/src/objects/call-site-info.o
  CXX(target) /Users/ziangwang/Sources/vibeos/target/node-runtime/fresh-57/source/node-v24.14.0/out/Release/obj.target/v8_base_without_compiler/deps/v8/src/objects/code-kind.o
  CXX(target) /Users/ziangwang/Sources/vibeos/target/node-runtime/fresh-57/source/node-v24.14.0/out/Release/obj.target/v8_base_without_compiler/deps/v8/src/objects/code.o
  CXX(target) /Users/ziangwang/Sources/vibeos/target/node-runtime/fresh-57/source/node-v24.14.0/out/Release/obj.target/v8_base_without_compiler/deps/v8/src/objects/compilation-cache-table.o
  CXX(target) /Users/ziangwang/Sources/vibeos/target/node-runtime/fresh-57/source/node-v24.14.0/out/Release/obj.target/v8_base_without_compiler/deps/v8/src/objects/contexts.o
  CXX(target) /Users/ziangwang/Sources/vibeos/target/node-runtime/fresh-57/source/node-v24.14.0/out/Release/obj.target/v8_base_without_compiler/deps/v8/src/objects/debug-objects.o
  CXX(target) /Users/ziangwang/Sources/vibeos/target/node-runtime/fresh-57/source/node-v24.14.0/out/Release/obj.target/v8_base_without_compiler/deps/v8/src/objects/deoptimization-data.o
  CXX(target) /Users/ziangwang/Sources/vibeos/target/node-runtime/fresh-57/source/node-v24.14.0/out/Release/obj.target/v8_base_without_compiler/deps/v8/src/objects/dependent-code.o
  CXX(target) /Users/ziangwang/Sources/vibeos/target/node-runtime/fresh-57/source/node-v24.14.0/out/Release/obj.target/v8_base_without_compiler/deps/v8/src/objects/elements-kind.o
  CXX(target) /Users/ziangwang/Sources/vibeos/target/node-runtime/fresh-57/source/node-v24.14.0/out/Release/obj.target/v8_base_without_compiler/deps/v8/src/objects/elements.o
  CXX(target) /Users/ziangwang/Sources/vibeos/target/node-runtime/fresh-57/source/node-v24.14.0/out/Release/obj.target/v8_base_without_compiler/deps/v8/src/objects/embedder-data-array.o
  CXX(target) /Users/ziangwang/Sources/vibeos/target/node-runtime/fresh-57/source/node-v24.14.0/out/Release/obj.target/v8_base_without_compiler/deps/v8/src/objects/feedback-vector.o
  CXX(target) /Users/ziangwang/Sources/vibeos/target/node-runtime/fresh-57/source/node-v24.14.0/out/Release/obj.target/v8_base_without_compiler/deps/v8/src/objects/field-type.o
  CXX(target) /Users/ziangwang/Sources/vibeos/target/node-runtime/fresh-57/source/node-v24.14.0/out/Release/obj.target/v8_base_without_compiler/deps/v8/src/objects/fixed-array.o
  CXX(target) /Users/ziangwang/Sources/vibeos/target/node-runtime/fresh-57/source/node-v24.14.0/out/Release/obj.target/v8_base_without_compiler/deps/v8/src/objects/instruction-stream.o
  CXX(target) /Users/ziangwang/Sources/vibeos/target/node-runtime/fresh-57/source/node-v24.14.0/out/Release/obj.target/v8_base_without_compiler/deps/v8/src/objects/js-array-buffer.o
  CXX(target) /Users/ziangwang/Sources/vibeos/target/node-runtime/fresh-57/source/node-v24.14.0/out/Release/obj.target/v8_base_without_compiler/deps/v8/src/objects/js-atomics-synchronization.o
  CXX(target) /Users/ziangwang/Sources/vibeos/target/node-runtime/fresh-57/source/node-v24.14.0/out/Release/obj.target/v8_base_without_compiler/deps/v8/src/objects/js-disposable-stack.o
  CXX(target) /Users/ziangwang/Sources/vibeos/target/node-runtime/fresh-57/source/node-v24.14.0/out/Release/obj.target/v8_base_without_compiler/deps/v8/src/objects/js-function.o
  CXX(target) /Users/ziangwang/Sources/vibeos/target/node-runtime/fresh-57/source/node-v24.14.0/out/Release/obj.target/v8_base_without_compiler/deps/v8/src/objects/js-objects.o
  CXX(target) /Users/ziangwang/Sources/vibeos/target/node-runtime/fresh-57/source/node-v24.14.0/out/Release/obj.target/v8_base_without_compiler/deps/v8/src/objects/js-raw-json.o
  CXX(target) /Users/ziangwang/Sources/vibeos/target/node-runtime/fresh-57/source/node-v24.14.0/out/Release/obj.target/v8_base_without_compiler/deps/v8/src/objects/js-regexp.o
  CXX(target) /Users/ziangwang/Sources/vibeos/target/node-runtime/fresh-57/source/node-v24.14.0/out/Release/obj.target/v8_base_without_compiler/deps/v8/src/objects/js-struct.o
  CXX(target) /Users/ziangwang/Sources/vibeos/target/node-runtime/fresh-57/source/node-v24.14.0/out/Release/obj.target/v8_base_without_compiler/deps/v8/src/objects/js-temporal-objects.o
  CXX(target) /Users/ziangwang/Sources/vibeos/target/node-runtime/fresh-57/source/node-v24.14.0/out/Release/obj.target/v8_base_without_compiler/deps/v8/src/objects/js-weak-refs.o
  CXX(target) /Users/ziangwang/Sources/vibeos/target/node-runtime/fresh-57/source/node-v24.14.0/out/Release/obj.target/v8_base_without_compiler/deps/v8/src/objects/keys.o
  CXX(target) /Users/ziangwang/Sources/vibeos/target/node-runtime/fresh-57/source/node-v24.14.0/out/Release/obj.target/v8_base_without_compiler/deps/v8/src/objects/literal-objects.o
  CXX(target) /Users/ziangwang/Sources/vibeos/target/node-runtime/fresh-57/source/node-v24.14.0/out/Release/obj.target/v8_base_without_compiler/deps/v8/src/objects/lookup-cache.o
  CXX(target) /Users/ziangwang/Sources/vibeos/target/node-runtime/fresh-57/source/node-v24.14.0/out/Release/obj.target/v8_base_without_compiler/deps/v8/src/objects/lookup.o
  CXX(target) /Users/ziangwang/Sources/vibeos/target/node-runtime/fresh-57/source/node-v24.14.0/out/Release/obj.target/v8_base_without_compiler/deps/v8/src/objects/managed.o
  CXX(target) /Users/ziangwang/Sources/vibeos/target/node-runtime/fresh-57/source/node-v24.14.0/out/Release/obj.target/v8_base_without_compiler/deps/v8/src/objects/map-updater.o
  CXX(target) /Users/ziangwang/Sources/vibeos/target/node-runtime/fresh-57/source/node-v24.14.0/out/Release/obj.target/v8_base_without_compiler/deps/v8/src/objects/map.o
  CXX(target) /Users/ziangwang/Sources/vibeos/target/node-runtime/fresh-57/source/node-v24.14.0/out/Release/obj.target/v8_base_without_compiler/deps/v8/src/objects/module.o
  CXX(target) /Users/ziangwang/Sources/vibeos/target/node-runtime/fresh-57/source/node-v24.14.0/out/Release/obj.target/v8_base_without_compiler/deps/v8/src/objects/object-type.o
  CXX(target) /Users/ziangwang/Sources/vibeos/target/node-runtime/fresh-57/source/node-v24.14.0/out/Release/obj.target/v8_base_without_compiler/deps/v8/src/objects/objects.o
  CXX(target) /Users/ziangwang/Sources/vibeos/target/node-runtime/fresh-57/source/node-v24.14.0/out/Release/obj.target/v8_base_without_compiler/deps/v8/src/objects/option-utils.o
  CXX(target) /Users/ziangwang/Sources/vibeos/target/node-runtime/fresh-57/source/node-v24.14.0/out/Release/obj.target/v8_base_without_compiler/deps/v8/src/objects/ordered-hash-table.o
  CXX(target) /Users/ziangwang/Sources/vibeos/target/node-runtime/fresh-57/source/node-v24.14.0/out/Release/obj.target/v8_base_without_compiler/deps/v8/src/objects/property-descriptor.o
  CXX(target) /Users/ziangwang/Sources/vibeos/target/node-runtime/fresh-57/source/node-v24.14.0/out/Release/obj.target/v8_base_without_compiler/deps/v8/src/objects/property.o
  CXX(target) /Users/ziangwang/Sources/vibeos/target/node-runtime/fresh-57/source/node-v24.14.0/out/Release/obj.target/v8_base_without_compiler/deps/v8/src/objects/regexp-match-info.o
  CXX(target) /Users/ziangwang/Sources/vibeos/target/node-runtime/fresh-57/source/node-v24.14.0/out/Release/obj.target/v8_base_without_compiler/deps/v8/src/objects/scope-info.o
  CXX(target) /Users/ziangwang/Sources/vibeos/target/node-runtime/fresh-57/source/node-v24.14.0/out/Release/obj.target/v8_base_without_compiler/deps/v8/src/objects/shared-function-info.o
  CXX(target) /Users/ziangwang/Sources/vibeos/target/node-runtime/fresh-57/source/node-v24.14.0/out/Release/obj.target/v8_base_without_compiler/deps/v8/src/objects/simd.o
  CXX(target) /Users/ziangwang/Sources/vibeos/target/node-runtime/fresh-57/source/node-v24.14.0/out/Release/obj.target/v8_base_without_compiler/deps/v8/src/objects/source-text-module.o
  CXX(target) /Users/ziangwang/Sources/vibeos/target/node-runtime/fresh-57/source/node-v24.14.0/out/Release/obj.target/v8_base_without_compiler/deps/v8/src/objects/string-comparator.o
  CXX(target) /Users/ziangwang/Sources/vibeos/target/node-runtime/fresh-57/source/node-v24.14.0/out/Release/obj.target/v8_base_without_compiler/deps/v8/src/objects/string-forwarding-table.o
  CXX(target) /Users/ziangwang/Sources/vibeos/target/node-runtime/fresh-57/source/node-v24.14.0/out/Release/obj.target/v8_base_without_compiler/deps/v8/src/objects/string-table.o
  CXX(target) /Users/ziangwang/Sources/vibeos/target/node-runtime/fresh-57/source/node-v24.14.0/out/Release/obj.target/v8_base_without_compiler/deps/v8/src/objects/string.o
  CXX(target) /Users/ziangwang/Sources/vibeos/target/node-runtime/fresh-57/source/node-v24.14.0/out/Release/obj.target/v8_base_without_compiler/deps/v8/src/objects/swiss-name-dictionary.o
  CXX(target) /Users/ziangwang/Sources/vibeos/target/node-runtime/fresh-57/source/node-v24.14.0/out/Release/obj.target/v8_base_without_compiler/deps/v8/src/objects/symbol-table.o
  CXX(target) /Users/ziangwang/Sources/vibeos/target/node-runtime/fresh-57/source/node-v24.14.0/out/Release/obj.target/v8_base_without_compiler/deps/v8/src/objects/synthetic-module.o
  CXX(target) /Users/ziangwang/Sources/vibeos/target/node-runtime/fresh-57/source/node-v24.14.0/out/Release/obj.target/v8_base_without_compiler/deps/v8/src/objects/tagged-impl.o
  CXX(target) /Users/ziangwang/Sources/vibeos/target/node-runtime/fresh-57/source/node-v24.14.0/out/Release/obj.target/v8_base_without_compiler/deps/v8/src/objects/template-objects.o
  CXX(target) /Users/ziangwang/Sources/vibeos/target/node-runtime/fresh-57/source/node-v24.14.0/out/Release/obj.target/v8_base_without_compiler/deps/v8/src/objects/templates.o
  CXX(target) /Users/ziangwang/Sources/vibeos/target/node-runtime/fresh-57/source/node-v24.14.0/out/Release/obj.target/v8_base_without_compiler/deps/v8/src/objects/transitions.o
  CXX(target) /Users/ziangwang/Sources/vibeos/target/node-runtime/fresh-57/source/node-v24.14.0/out/Release/obj.target/v8_base_without_compiler/deps/v8/src/objects/type-hints.o
  CXX(target) /Users/ziangwang/Sources/vibeos/target/node-runtime/fresh-57/source/node-v24.14.0/out/Release/obj.target/v8_base_without_compiler/deps/v8/src/objects/value-serializer.o
  CXX(target) /Users/ziangwang/Sources/vibeos/target/node-runtime/fresh-57/source/node-v24.14.0/out/Release/obj.target/v8_base_without_compiler/deps/v8/src/objects/visitors.o
  CXX(target) /Users/ziangwang/Sources/vibeos/target/node-runtime/fresh-57/source/node-v24.14.0/out/Release/obj.target/v8_base_without_compiler/deps/v8/src/objects/waiter-queue-node.o
  CXX(target) /Users/ziangwang/Sources/vibeos/target/node-runtime/fresh-57/source/node-v24.14.0/out/Release/obj.target/v8_base_without_compiler/deps/v8/src/parsing/func-name-inferrer.o
  CXX(target) /Users/ziangwang/Sources/vibeos/target/node-runtime/fresh-57/source/node-v24.14.0/out/Release/obj.target/v8_base_without_compiler/deps/v8/src/parsing/import-attributes.o
  CXX(target) /Users/ziangwang/Sources/vibeos/target/node-runtime/fresh-57/source/node-v24.14.0/out/Release/obj.target/v8_base_without_compiler/deps/v8/src/parsing/literal-buffer.o
  CXX(target) /Users/ziangwang/Sources/vibeos/target/node-runtime/fresh-57/source/node-v24.14.0/out/Release/obj.target/v8_base_without_compiler/deps/v8/src/parsing/parse-info.o
  CXX(target) /Users/ziangwang/Sources/vibeos/target/node-runtime/fresh-57/source/node-v24.14.0/out/Release/obj.target/v8_base_without_compiler/deps/v8/src/parsing/parser.o
  CXX(target) /Users/ziangwang/Sources/vibeos/target/node-runtime/fresh-57/source/node-v24.14.0/out/Release/obj.target/v8_base_without_compiler/deps/v8/src/parsing/parsing.o
  CXX(target) /Users/ziangwang/Sources/vibeos/target/node-runtime/fresh-57/source/node-v24.14.0/out/Release/obj.target/v8_base_without_compiler/deps/v8/src/parsing/pending-compilation-error-handler.o
  CXX(target) /Users/ziangwang/Sources/vibeos/target/node-runtime/fresh-57/source/node-v24.14.0/out/Release/obj.target/v8_base_without_compiler/deps/v8/src/parsing/preparse-data.o
  CXX(target) /Users/ziangwang/Sources/vibeos/target/node-runtime/fresh-57/source/node-v24.14.0/out/Release/obj.target/v8_base_without_compiler/deps/v8/src/parsing/preparser.o
  CXX(target) /Users/ziangwang/Sources/vibeos/target/node-runtime/fresh-57/source/node-v24.14.0/out/Release/obj.target/v8_base_without_compiler/deps/v8/src/parsing/rewriter.o
  CXX(target) /Users/ziangwang/Sources/vibeos/target/node-runtime/fresh-57/source/node-v24.14.0/out/Release/obj.target/v8_base_without_compiler/deps/v8/src/parsing/scanner-character-streams.o
  CXX(target) /Users/ziangwang/Sources/vibeos/target/node-runtime/fresh-57/source/node-v24.14.0/out/Release/obj.target/v8_base_without_compiler/deps/v8/src/parsing/scanner.o
  CXX(target) /Users/ziangwang/Sources/vibeos/target/node-runtime/fresh-57/source/node-v24.14.0/out/Release/obj.target/v8_base_without_compiler/deps/v8/src/parsing/token.o
  CXX(target) /Users/ziangwang/Sources/vibeos/target/node-runtime/fresh-57/source/node-v24.14.0/out/Release/obj.target/v8_base_without_compiler/deps/v8/src/profiler/allocation-tracker.o
  CXX(target) /Users/ziangwang/Sources/vibeos/target/node-runtime/fresh-57/source/node-v24.14.0/out/Release/obj.target/v8_base_without_compiler/deps/v8/src/profiler/cpu-profiler.o
  CXX(target) /Users/ziangwang/Sources/vibeos/target/node-runtime/fresh-57/source/node-v24.14.0/out/Release/obj.target/v8_base_without_compiler/deps/v8/src/profiler/heap-profiler.o
  CXX(target) /Users/ziangwang/Sources/vibeos/target/node-runtime/fresh-57/source/node-v24.14.0/out/Release/obj.target/v8_base_without_compiler/deps/v8/src/profiler/heap-snapshot-generator.o
  CXX(target) /Users/ziangwang/Sources/vibeos/target/node-runtime/fresh-57/source/node-v24.14.0/out/Release/obj.target/v8_base_without_compiler/deps/v8/src/profiler/profile-generator.o
  CXX(target) /Users/ziangwang/Sources/vibeos/target/node-runtime/fresh-57/source/node-v24.14.0/out/Release/obj.target/v8_base_without_compiler/deps/v8/src/profiler/profiler-listener.o
  CXX(target) /Users/ziangwang/Sources/vibeos/target/node-runtime/fresh-57/source/node-v24.14.0/out/Release/obj.target/v8_base_without_compiler/deps/v8/src/profiler/profiler-stats.o
  CXX(target) /Users/ziangwang/Sources/vibeos/target/node-runtime/fresh-57/source/node-v24.14.0/out/Release/obj.target/v8_base_without_compiler/deps/v8/src/profiler/sampling-heap-profiler.o
  CXX(target) /Users/ziangwang/Sources/vibeos/target/node-runtime/fresh-57/source/node-v24.14.0/out/Release/obj.target/v8_base_without_compiler/deps/v8/src/profiler/strings-storage.o
  CXX(target) /Users/ziangwang/Sources/vibeos/target/node-runtime/fresh-57/source/node-v24.14.0/out/Release/obj.target/v8_base_without_compiler/deps/v8/src/profiler/symbolizer.o
  CXX(target) /Users/ziangwang/Sources/vibeos/target/node-runtime/fresh-57/source/node-v24.14.0/out/Release/obj.target/v8_base_without_compiler/deps/v8/src/profiler/tick-sample.o
  CXX(target) /Users/ziangwang/Sources/vibeos/target/node-runtime/fresh-57/source/node-v24.14.0/out/Release/obj.target/v8_base_without_compiler/deps/v8/src/profiler/tracing-cpu-profiler.o
  CXX(target) /Users/ziangwang/Sources/vibeos/target/node-runtime/fresh-57/source/node-v24.14.0/out/Release/obj.target/v8_base_without_compiler/deps/v8/src/profiler/weak-code-registry.o
  CXX(target) /Users/ziangwang/Sources/vibeos/target/node-runtime/fresh-57/source/node-v24.14.0/out/Release/obj.target/v8_base_without_compiler/deps/v8/src/regexp/experimental/experimental-bytecode.o
  CXX(target) /Users/ziangwang/Sources/vibeos/target/node-runtime/fresh-57/source/node-v24.14.0/out/Release/obj.target/v8_base_without_compiler/deps/v8/src/regexp/experimental/experimental-compiler.o
  CXX(target) /Users/ziangwang/Sources/vibeos/target/node-runtime/fresh-57/source/node-v24.14.0/out/Release/obj.target/v8_base_without_compiler/deps/v8/src/regexp/experimental/experimental-interpreter.o
  CXX(target) /Users/ziangwang/Sources/vibeos/target/node-runtime/fresh-57/source/node-v24.14.0/out/Release/obj.target/v8_base_without_compiler/deps/v8/src/regexp/experimental/experimental.o
  CXX(target) /Users/ziangwang/Sources/vibeos/target/node-runtime/fresh-57/source/node-v24.14.0/out/Release/obj.target/v8_base_without_compiler/deps/v8/src/regexp/regexp-ast.o
  CXX(target) /Users/ziangwang/Sources/vibeos/target/node-runtime/fresh-57/source/node-v24.14.0/out/Release/obj.target/v8_base_without_compiler/deps/v8/src/regexp/regexp-bytecode-generator.o
  CXX(target) /Users/ziangwang/Sources/vibeos/target/node-runtime/fresh-57/source/node-v24.14.0/out/Release/obj.target/v8_base_without_compiler/deps/v8/src/regexp/regexp-bytecode-peephole.o
  CXX(target) /Users/ziangwang/Sources/vibeos/target/node-runtime/fresh-57/source/node-v24.14.0/out/Release/obj.target/v8_base_without_compiler/deps/v8/src/regexp/regexp-bytecodes.o
  CXX(target) /Users/ziangwang/Sources/vibeos/target/node-runtime/fresh-57/source/node-v24.14.0/out/Release/obj.target/v8_base_without_compiler/deps/v8/src/regexp/regexp-compiler-tonode.o
  CXX(target) /Users/ziangwang/Sources/vibeos/target/node-runtime/fresh-57/source/node-v24.14.0/out/Release/obj.target/v8_base_without_compiler/deps/v8/src/regexp/regexp-compiler.o
  CXX(target) /Users/ziangwang/Sources/vibeos/target/node-runtime/fresh-57/source/node-v24.14.0/out/Release/obj.target/v8_base_without_compiler/deps/v8/src/regexp/regexp-dotprinter.o
  CXX(target) /Users/ziangwang/Sources/vibeos/target/node-runtime/fresh-57/source/node-v24.14.0/out/Release/obj.target/v8_base_without_compiler/deps/v8/src/regexp/regexp-error.o
  CXX(target) /Users/ziangwang/Sources/vibeos/target/node-runtime/fresh-57/source/node-v24.14.0/out/Release/obj.target/v8_base_without_compiler/deps/v8/src/regexp/regexp-interpreter.o
  CXX(target) /Users/ziangwang/Sources/vibeos/target/node-runtime/fresh-57/source/node-v24.14.0/out/Release/obj.target/v8_base_without_compiler/deps/v8/src/regexp/regexp-macro-assembler-tracer.o
  CXX(target) /Users/ziangwang/Sources/vibeos/target/node-runtime/fresh-57/source/node-v24.14.0/out/Release/obj.target/v8_base_without_compiler/deps/v8/src/regexp/regexp-macro-assembler.o
  CXX(target) /Users/ziangwang/Sources/vibeos/target/node-runtime/fresh-57/source/node-v24.14.0/out/Release/obj.target/v8_base_without_compiler/deps/v8/src/regexp/regexp-parser.o
  CXX(target) /Users/ziangwang/Sources/vibeos/target/node-runtime/fresh-57/source/node-v24.14.0/out/Release/obj.target/v8_base_without_compiler/deps/v8/src/regexp/regexp-result-vector.o
  CXX(target) /Users/ziangwang/Sources/vibeos/target/node-runtime/fresh-57/source/node-v24.14.0/out/Release/obj.target/v8_base_without_compiler/deps/v8/src/regexp/regexp-stack.o
  CXX(target) /Users/ziangwang/Sources/vibeos/target/node-runtime/fresh-57/source/node-v24.14.0/out/Release/obj.target/v8_base_without_compiler/deps/v8/src/regexp/regexp-utils.o
  CXX(target) /Users/ziangwang/Sources/vibeos/target/node-runtime/fresh-57/source/node-v24.14.0/out/Release/obj.target/v8_base_without_compiler/deps/v8/src/regexp/regexp.o
  CXX(target) /Users/ziangwang/Sources/vibeos/target/node-runtime/fresh-57/source/node-v24.14.0/out/Release/obj.target/v8_base_without_compiler/deps/v8/src/roots/roots.o
  CXX(target) /Users/ziangwang/Sources/vibeos/target/node-runtime/fresh-57/source/node-v24.14.0/out/Release/obj.target/v8_base_without_compiler/deps/v8/src/runtime/runtime-array.o
  CXX(target) /Users/ziangwang/Sources/vibeos/target/node-runtime/fresh-57/source/node-v24.14.0/out/Release/obj.target/v8_base_without_compiler/deps/v8/src/runtime/runtime-atomics.o
  CXX(target) /Users/ziangwang/Sources/vibeos/target/node-runtime/fresh-57/source/node-v24.14.0/out/Release/obj.target/v8_base_without_compiler/deps/v8/src/runtime/runtime-bigint.o
  CXX(target) /Users/ziangwang/Sources/vibeos/target/node-runtime/fresh-57/source/node-v24.14.0/out/Release/obj.target/v8_base_without_compiler/deps/v8/src/runtime/runtime-classes.o
  CXX(target) /Users/ziangwang/Sources/vibeos/target/node-runtime/fresh-57/source/node-v24.14.0/out/Release/obj.target/v8_base_without_compiler/deps/v8/src/runtime/runtime-collections.o
  CXX(target) /Users/ziangwang/Sources/vibeos/target/node-runtime/fresh-57/source/node-v24.14.0/out/Release/obj.target/v8_base_without_compiler/deps/v8/src/runtime/runtime-compiler.o
  CXX(target) /Users/ziangwang/Sources/vibeos/target/node-runtime/fresh-57/source/node-v24.14.0/out/Release/obj.target/v8_base_without_compiler/deps/v8/src/runtime/runtime-date.o
  CXX(target) /Users/ziangwang/Sources/vibeos/target/node-runtime/fresh-57/source/node-v24.14.0/out/Release/obj.target/v8_base_without_compiler/deps/v8/src/runtime/runtime-debug.o
  CXX(target) /Users/ziangwang/Sources/vibeos/target/node-runtime/fresh-57/source/node-v24.14.0/out/Release/obj.target/v8_base_without_compiler/deps/v8/src/runtime/runtime-forin.o
  CXX(target) /Users/ziangwang/Sources/vibeos/target/node-runtime/fresh-57/source/node-v24.14.0/out/Release/obj.target/v8_base_without_compiler/deps/v8/src/runtime/runtime-function.o
  CXX(target) /Users/ziangwang/Sources/vibeos/target/node-runtime/fresh-57/source/node-v24.14.0/out/Release/obj.target/v8_base_without_compiler/deps/v8/src/runtime/runtime-futex.o
  CXX(target) /Users/ziangwang/Sources/vibeos/target/node-runtime/fresh-57/source/node-v24.14.0/out/Release/obj.target/v8_base_without_compiler/deps/v8/src/runtime/runtime-generator.o
  CXX(target) /Users/ziangwang/Sources/vibeos/target/node-runtime/fresh-57/source/node-v24.14.0/out/Release/obj.target/v8_base_without_compiler/deps/v8/src/runtime/runtime-internal.o
  CXX(target) /Users/ziangwang/Sources/vibeos/target/node-runtime/fresh-57/source/node-v24.14.0/out/Release/obj.target/v8_base_without_compiler/deps/v8/src/runtime/runtime-literals.o
  CXX(target) /Users/ziangwang/Sources/vibeos/target/node-runtime/fresh-57/source/node-v24.14.0/out/Release/obj.target/v8_base_without_compiler/deps/v8/src/runtime/runtime-module.o
  CXX(target) /Users/ziangwang/Sources/vibeos/target/node-runtime/fresh-57/source/node-v24.14.0/out/Release/obj.target/v8_base_without_compiler/deps/v8/src/runtime/runtime-numbers.o
  CXX(target) /Users/ziangwang/Sources/vibeos/target/node-runtime/fresh-57/source/node-v24.14.0/out/Release/obj.target/v8_base_without_compiler/deps/v8/src/runtime/runtime-object.o
  CXX(target) /Users/ziangwang/Sources/vibeos/target/node-runtime/fresh-57/source/node-v24.14.0/out/Release/obj.target/v8_base_without_compiler/deps/v8/src/runtime/runtime-operators.o
  CXX(target) /Users/ziangwang/Sources/vibeos/target/node-runtime/fresh-57/source/node-v24.14.0/out/Release/obj.target/v8_base_without_compiler/deps/v8/src/runtime/runtime-promise.o
  CXX(target) /Users/ziangwang/Sources/vibeos/target/node-runtime/fresh-57/source/node-v24.14.0/out/Release/obj.target/v8_base_without_compiler/deps/v8/src/runtime/runtime-proxy.o
  CXX(target) /Users/ziangwang/Sources/vibeos/target/node-runtime/fresh-57/source/node-v24.14.0/out/Release/obj.target/v8_base_without_compiler/deps/v8/src/runtime/runtime-regexp.o
  CXX(target) /Users/ziangwang/Sources/vibeos/target/node-runtime/fresh-57/source/node-v24.14.0/out/Release/obj.target/v8_base_without_compiler/deps/v8/src/runtime/runtime-scopes.o
  CXX(target) /Users/ziangwang/Sources/vibeos/target/node-runtime/fresh-57/source/node-v24.14.0/out/Release/obj.target/v8_base_without_compiler/deps/v8/src/runtime/runtime-shadow-realm.o
  CXX(target) /Users/ziangwang/Sources/vibeos/target/node-runtime/fresh-57/source/node-v24.14.0/out/Release/obj.target/v8_base_without_compiler/deps/v8/src/runtime/runtime-strings.o
  CXX(target) /Users/ziangwang/Sources/vibeos/target/node-runtime/fresh-57/source/node-v24.14.0/out/Release/obj.target/v8_base_without_compiler/deps/v8/src/runtime/runtime-symbol.o
  CXX(target) /Users/ziangwang/Sources/vibeos/target/node-runtime/fresh-57/source/node-v24.14.0/out/Release/obj.target/v8_base_without_compiler/deps/v8/src/runtime/runtime-temporal.o
  CXX(target) /Users/ziangwang/Sources/vibeos/target/node-runtime/fresh-57/source/node-v24.14.0/out/Release/obj.target/v8_base_without_compiler/deps/v8/src/runtime/runtime-test.o
  CXX(target) /Users/ziangwang/Sources/vibeos/target/node-runtime/fresh-57/source/node-v24.14.0/out/Release/obj.target/v8_base_without_compiler/deps/v8/src/runtime/runtime-trace.o
  CXX(target) /Users/ziangwang/Sources/vibeos/target/node-runtime/fresh-57/source/node-v24.14.0/out/Release/obj.target/v8_base_without_compiler/deps/v8/src/runtime/runtime-typedarray.o
  CXX(target) /Users/ziangwang/Sources/vibeos/target/node-runtime/fresh-57/source/node-v24.14.0/out/Release/obj.target/v8_base_without_compiler/deps/v8/src/runtime/runtime-utils.o
  CXX(target) /Users/ziangwang/Sources/vibeos/target/node-runtime/fresh-57/source/node-v24.14.0/out/Release/obj.target/v8_base_without_compiler/deps/v8/src/runtime/runtime-weak-refs.o
  CXX(target) /Users/ziangwang/Sources/vibeos/target/node-runtime/fresh-57/source/node-v24.14.0/out/Release/obj.target/v8_base_without_compiler/deps/v8/src/runtime/runtime.o
  CXX(target) /Users/ziangwang/Sources/vibeos/target/node-runtime/fresh-57/source/node-v24.14.0/out/Release/obj.target/v8_base_without_compiler/deps/v8/src/sandbox/code-pointer-table.o
  CXX(target) /Users/ziangwang/Sources/vibeos/target/node-runtime/fresh-57/source/node-v24.14.0/out/Release/obj.target/v8_base_without_compiler/deps/v8/src/sandbox/cppheap-pointer-table.o
  CXX(target) /Users/ziangwang/Sources/vibeos/target/node-runtime/fresh-57/source/node-v24.14.0/out/Release/obj.target/v8_base_without_compiler/deps/v8/src/sandbox/external-pointer-table.o
  CXX(target) /Users/ziangwang/Sources/vibeos/target/node-runtime/fresh-57/source/node-v24.14.0/out/Release/obj.target/v8_base_without_compiler/deps/v8/src/sandbox/hardware-support.o
  CXX(target) /Users/ziangwang/Sources/vibeos/target/node-runtime/fresh-57/source/node-v24.14.0/out/Release/obj.target/v8_base_without_compiler/deps/v8/src/sandbox/js-dispatch-table.o
  CXX(target) /Users/ziangwang/Sources/vibeos/target/node-runtime/fresh-57/source/node-v24.14.0/out/Release/obj.target/v8_base_without_compiler/deps/v8/src/sandbox/sandbox.o
  CXX(target) /Users/ziangwang/Sources/vibeos/target/node-runtime/fresh-57/source/node-v24.14.0/out/Release/obj.target/v8_base_without_compiler/deps/v8/src/sandbox/testing.o
  CXX(target) /Users/ziangwang/Sources/vibeos/target/node-runtime/fresh-57/source/node-v24.14.0/out/Release/obj.target/v8_base_without_compiler/deps/v8/src/sandbox/trusted-pointer-scope.o
  CXX(target) /Users/ziangwang/Sources/vibeos/target/node-runtime/fresh-57/source/node-v24.14.0/out/Release/obj.target/v8_base_without_compiler/deps/v8/src/sandbox/trusted-pointer-table.o
  CXX(target) /Users/ziangwang/Sources/vibeos/target/node-runtime/fresh-57/source/node-v24.14.0/out/Release/obj.target/v8_base_without_compiler/deps/v8/src/snapshot/code-serializer.o
  CXX(target) /Users/ziangwang/Sources/vibeos/target/node-runtime/fresh-57/source/node-v24.14.0/out/Release/obj.target/v8_base_without_compiler/deps/v8/src/snapshot/context-deserializer.o
  CXX(target) /Users/ziangwang/Sources/vibeos/target/node-runtime/fresh-57/source/node-v24.14.0/out/Release/obj.target/v8_base_without_compiler/deps/v8/src/snapshot/context-serializer.o
  CXX(target) /Users/ziangwang/Sources/vibeos/target/node-runtime/fresh-57/source/node-v24.14.0/out/Release/obj.target/v8_base_without_compiler/deps/v8/src/snapshot/deserializer.o
  CXX(target) /Users/ziangwang/Sources/vibeos/target/node-runtime/fresh-57/source/node-v24.14.0/out/Release/obj.target/v8_base_without_compiler/deps/v8/src/snapshot/embedded/embedded-data.o
  CXX(target) /Users/ziangwang/Sources/vibeos/target/node-runtime/fresh-57/source/node-v24.14.0/out/Release/obj.target/v8_base_without_compiler/deps/v8/src/snapshot/object-deserializer.o
  CXX(target) /Users/ziangwang/Sources/vibeos/target/node-runtime/fresh-57/source/node-v24.14.0/out/Release/obj.target/v8_base_without_compiler/deps/v8/src/snapshot/read-only-deserializer.o
  CXX(target) /Users/ziangwang/Sources/vibeos/target/node-runtime/fresh-57/source/node-v24.14.0/out/Release/obj.target/v8_base_without_compiler/deps/v8/src/snapshot/read-only-serializer.o
  CXX(target) /Users/ziangwang/Sources/vibeos/target/node-runtime/fresh-57/source/node-v24.14.0/out/Release/obj.target/v8_base_without_compiler/deps/v8/src/snapshot/roots-serializer.o
  CXX(target) /Users/ziangwang/Sources/vibeos/target/node-runtime/fresh-57/source/node-v24.14.0/out/Release/obj.target/v8_base_without_compiler/deps/v8/src/snapshot/serializer-deserializer.o
  CXX(target) /Users/ziangwang/Sources/vibeos/target/node-runtime/fresh-57/source/node-v24.14.0/out/Release/obj.target/v8_base_without_compiler/deps/v8/src/snapshot/serializer.o
  CXX(target) /Users/ziangwang/Sources/vibeos/target/node-runtime/fresh-57/source/node-v24.14.0/out/Release/obj.target/v8_base_without_compiler/deps/v8/src/snapshot/shared-heap-deserializer.o
  CXX(target) /Users/ziangwang/Sources/vibeos/target/node-runtime/fresh-57/source/node-v24.14.0/out/Release/obj.target/v8_base_without_compiler/deps/v8/src/snapshot/shared-heap-serializer.o
  CXX(target) /Users/ziangwang/Sources/vibeos/target/node-runtime/fresh-57/source/node-v24.14.0/out/Release/obj.target/v8_base_without_compiler/deps/v8/src/snapshot/snapshot-data.o
  CXX(target) /Users/ziangwang/Sources/vibeos/target/node-runtime/fresh-57/source/node-v24.14.0/out/Release/obj.target/v8_base_without_compiler/deps/v8/src/snapshot/snapshot-source-sink.o
  CXX(target) /Users/ziangwang/Sources/vibeos/target/node-runtime/fresh-57/source/node-v24.14.0/out/Release/obj.target/v8_base_without_compiler/deps/v8/src/snapshot/snapshot-utils.o
  CXX(target) /Users/ziangwang/Sources/vibeos/target/node-runtime/fresh-57/source/node-v24.14.0/out/Release/obj.target/v8_base_without_compiler/deps/v8/src/snapshot/snapshot.o
  CXX(target) /Users/ziangwang/Sources/vibeos/target/node-runtime/fresh-57/source/node-v24.14.0/out/Release/obj.target/v8_base_without_compiler/deps/v8/src/snapshot/sort-builtins.o
  CXX(target) /Users/ziangwang/Sources/vibeos/target/node-runtime/fresh-57/source/node-v24.14.0/out/Release/obj.target/v8_base_without_compiler/deps/v8/src/snapshot/startup-deserializer.o
  CXX(target) /Users/ziangwang/Sources/vibeos/target/node-runtime/fresh-57/source/node-v24.14.0/out/Release/obj.target/v8_base_without_compiler/deps/v8/src/snapshot/startup-serializer.o
  CXX(target) /Users/ziangwang/Sources/vibeos/target/node-runtime/fresh-57/source/node-v24.14.0/out/Release/obj.target/v8_base_without_compiler/deps/v8/src/strings/string-builder.o
  CXX(target) /Users/ziangwang/Sources/vibeos/target/node-runtime/fresh-57/source/node-v24.14.0/out/Release/obj.target/v8_base_without_compiler/deps/v8/src/strings/string-case.o
  CXX(target) /Users/ziangwang/Sources/vibeos/target/node-runtime/fresh-57/source/node-v24.14.0/out/Release/obj.target/v8_base_without_compiler/deps/v8/src/strings/string-stream.o
  CXX(target) /Users/ziangwang/Sources/vibeos/target/node-runtime/fresh-57/source/node-v24.14.0/out/Release/obj.target/v8_base_without_compiler/deps/v8/src/strings/unicode-decoder.o
  CXX(target) /Users/ziangwang/Sources/vibeos/target/node-runtime/fresh-57/source/node-v24.14.0/out/Release/obj.target/v8_base_without_compiler/deps/v8/src/strings/unicode.o
  CXX(target) /Users/ziangwang/Sources/vibeos/target/node-runtime/fresh-57/source/node-v24.14.0/out/Release/obj.target/v8_base_without_compiler/deps/v8/src/strings/uri.o
  CXX(target) /Users/ziangwang/Sources/vibeos/target/node-runtime/fresh-57/source/node-v24.14.0/out/Release/obj.target/v8_base_without_compiler/deps/v8/src/tasks/cancelable-task.o
  CXX(target) /Users/ziangwang/Sources/vibeos/target/node-runtime/fresh-57/source/node-v24.14.0/out/Release/obj.target/v8_base_without_compiler/deps/v8/src/tasks/operations-barrier.o
  CXX(target) /Users/ziangwang/Sources/vibeos/target/node-runtime/fresh-57/source/node-v24.14.0/out/Release/obj.target/v8_base_without_compiler/deps/v8/src/tasks/task-utils.o
  CXX(target) /Users/ziangwang/Sources/vibeos/target/node-runtime/fresh-57/source/node-v24.14.0/out/Release/obj.target/v8_base_without_compiler/deps/v8/src/temporal/temporal-parser.o
  CXX(target) /Users/ziangwang/Sources/vibeos/target/node-runtime/fresh-57/source/node-v24.14.0/out/Release/obj.target/v8_base_without_compiler/deps/v8/src/tracing/trace-event.o
  CXX(target) /Users/ziangwang/Sources/vibeos/target/node-runtime/fresh-57/source/node-v24.14.0/out/Release/obj.target/v8_base_without_compiler/deps/v8/src/tracing/traced-value.o
  CXX(target) /Users/ziangwang/Sources/vibeos/target/node-runtime/fresh-57/source/node-v24.14.0/out/Release/obj.target/v8_base_without_compiler/deps/v8/src/tracing/tracing-category-observer.o
  CXX(target) /Users/ziangwang/Sources/vibeos/target/node-runtime/fresh-57/source/node-v24.14.0/out/Release/obj.target/v8_base_without_compiler/deps/v8/src/utils/address-map.o
  CXX(target) /Users/ziangwang/Sources/vibeos/target/node-runtime/fresh-57/source/node-v24.14.0/out/Release/obj.target/v8_base_without_compiler/deps/v8/src/utils/allocation.o
  CXX(target) /Users/ziangwang/Sources/vibeos/target/node-runtime/fresh-57/source/node-v24.14.0/out/Release/obj.target/v8_base_without_compiler/deps/v8/src/utils/bit-vector.o
  CXX(target) /Users/ziangwang/Sources/vibeos/target/node-runtime/fresh-57/source/node-v24.14.0/out/Release/obj.target/v8_base_without_compiler/deps/v8/src/utils/detachable-vector.o
  CXX(target) /Users/ziangwang/Sources/vibeos/target/node-runtime/fresh-57/source/node-v24.14.0/out/Release/obj.target/v8_base_without_compiler/deps/v8/src/utils/hex-format.o
  CXX(target) /Users/ziangwang/Sources/vibeos/target/node-runtime/fresh-57/source/node-v24.14.0/out/Release/obj.target/v8_base_without_compiler/deps/v8/src/utils/identity-map.o
  CXX(target) /Users/ziangwang/Sources/vibeos/target/node-runtime/fresh-57/source/node-v24.14.0/out/Release/obj.target/v8_base_without_compiler/deps/v8/src/utils/memcopy.o
  CXX(target) /Users/ziangwang/Sources/vibeos/target/node-runtime/fresh-57/source/node-v24.14.0/out/Release/obj.target/v8_base_without_compiler/deps/v8/src/utils/ostreams.o
  CXX(target) /Users/ziangwang/Sources/vibeos/target/node-runtime/fresh-57/source/node-v24.14.0/out/Release/obj.target/v8_base_without_compiler/deps/v8/src/utils/sha-256.o
  CXX(target) /Users/ziangwang/Sources/vibeos/target/node-runtime/fresh-57/source/node-v24.14.0/out/Release/obj.target/v8_base_without_compiler/deps/v8/src/utils/utils.o
  CXX(target) /Users/ziangwang/Sources/vibeos/target/node-runtime/fresh-57/source/node-v24.14.0/out/Release/obj.target/v8_base_without_compiler/deps/v8/src/utils/version.o
  CXX(target) /Users/ziangwang/Sources/vibeos/target/node-runtime/fresh-57/source/node-v24.14.0/out/Release/obj.target/v8_base_without_compiler/deps/v8/src/zone/accounting-allocator.o
  CXX(target) /Users/ziangwang/Sources/vibeos/target/node-runtime/fresh-57/source/node-v24.14.0/out/Release/obj.target/v8_base_without_compiler/deps/v8/src/zone/type-stats.o
  CXX(target) /Users/ziangwang/Sources/vibeos/target/node-runtime/fresh-57/source/node-v24.14.0/out/Release/obj.target/v8_base_without_compiler/deps/v8/src/zone/zone-segment.o
  CXX(target) /Users/ziangwang/Sources/vibeos/target/node-runtime/fresh-57/source/node-v24.14.0/out/Release/obj.target/v8_base_without_compiler/deps/v8/src/zone/zone.o
  CXX(target) /Users/ziangwang/Sources/vibeos/target/node-runtime/fresh-57/source/node-v24.14.0/out/Release/obj.target/v8_base_without_compiler/deps/v8/third_party/siphash/halfsiphash.o
  CXX(target) /Users/ziangwang/Sources/vibeos/target/node-runtime/fresh-57/source/node-v24.14.0/out/Release/obj.target/v8_base_without_compiler/deps/v8/src/inspector/crc32.o
  CXX(target) /Users/ziangwang/Sources/vibeos/target/node-runtime/fresh-57/source/node-v24.14.0/out/Release/obj.target/v8_base_without_compiler/deps/v8/src/inspector/custom-preview.o
  CXX(target) /Users/ziangwang/Sources/vibeos/target/node-runtime/fresh-57/source/node-v24.14.0/out/Release/obj.target/v8_base_without_compiler/deps/v8/src/inspector/injected-script.o
  CXX(target) /Users/ziangwang/Sources/vibeos/target/node-runtime/fresh-57/source/node-v24.14.0/out/Release/obj.target/v8_base_without_compiler/deps/v8/src/inspector/inspected-context.o
  CXX(target) /Users/ziangwang/Sources/vibeos/target/node-runtime/fresh-57/source/node-v24.14.0/out/Release/obj.target/v8_base_without_compiler/deps/v8/src/inspector/remote-object-id.o
  CXX(target) /Users/ziangwang/Sources/vibeos/target/node-runtime/fresh-57/source/node-v24.14.0/out/Release/obj.target/v8_base_without_compiler/deps/v8/src/inspector/search-util.o
  CXX(target) /Users/ziangwang/Sources/vibeos/target/node-runtime/fresh-57/source/node-v24.14.0/out/Release/obj.target/v8_base_without_compiler/deps/v8/src/inspector/string-16.o
  CXX(target) /Users/ziangwang/Sources/vibeos/target/node-runtime/fresh-57/source/node-v24.14.0/out/Release/obj.target/v8_base_without_compiler/deps/v8/src/inspector/string-util.o
  CXX(target) /Users/ziangwang/Sources/vibeos/target/node-runtime/fresh-57/source/node-v24.14.0/out/Release/obj.target/v8_base_without_compiler/deps/v8/src/inspector/test-interface.o
  CXX(target) /Users/ziangwang/Sources/vibeos/target/node-runtime/fresh-57/source/node-v24.14.0/out/Release/obj.target/v8_base_without_compiler/deps/v8/src/inspector/v8-console-agent-impl.o
  CXX(target) /Users/ziangwang/Sources/vibeos/target/node-runtime/fresh-57/source/node-v24.14.0/out/Release/obj.target/v8_base_without_compiler/deps/v8/src/inspector/v8-console-message.o
  CXX(target) /Users/ziangwang/Sources/vibeos/target/node-runtime/fresh-57/source/node-v24.14.0/out/Release/obj.target/v8_base_without_compiler/deps/v8/src/inspector/v8-console.o
  CXX(target) /Users/ziangwang/Sources/vibeos/target/node-runtime/fresh-57/source/node-v24.14.0/out/Release/obj.target/v8_base_without_compiler/deps/v8/src/inspector/v8-debugger-agent-impl.o
  CXX(target) /Users/ziangwang/Sources/vibeos/target/node-runtime/fresh-57/source/node-v24.14.0/out/Release/obj.target/v8_base_without_compiler/deps/v8/src/inspector/v8-debugger-barrier.o
  CXX(target) /Users/ziangwang/Sources/vibeos/target/node-runtime/fresh-57/source/node-v24.14.0/out/Release/obj.target/v8_base_without_compiler/deps/v8/src/inspector/v8-debugger-id.o
  CXX(target) /Users/ziangwang/Sources/vibeos/target/node-runtime/fresh-57/source/node-v24.14.0/out/Release/obj.target/v8_base_without_compiler/deps/v8/src/inspector/v8-debugger-script.o
  CXX(target) /Users/ziangwang/Sources/vibeos/target/node-runtime/fresh-57/source/node-v24.14.0/out/Release/obj.target/v8_base_without_compiler/deps/v8/src/inspector/v8-debugger.o
  CXX(target) /Users/ziangwang/Sources/vibeos/target/node-runtime/fresh-57/source/node-v24.14.0/out/Release/obj.target/v8_base_without_compiler/deps/v8/src/inspector/v8-deep-serializer.o
  CXX(target) /Users/ziangwang/Sources/vibeos/target/node-runtime/fresh-57/source/node-v24.14.0/out/Release/obj.target/v8_base_without_compiler/deps/v8/src/inspector/v8-heap-profiler-agent-impl.o
  CXX(target) /Users/ziangwang/Sources/vibeos/target/node-runtime/fresh-57/source/node-v24.14.0/out/Release/obj.target/v8_base_without_compiler/deps/v8/src/inspector/v8-inspector-impl.o
  CXX(target) /Users/ziangwang/Sources/vibeos/target/node-runtime/fresh-57/source/node-v24.14.0/out/Release/obj.target/v8_base_without_compiler/deps/v8/src/inspector/v8-inspector-session-impl.o
  CXX(target) /Users/ziangwang/Sources/vibeos/target/node-runtime/fresh-57/source/node-v24.14.0/out/Release/obj.target/v8_base_without_compiler/deps/v8/src/inspector/v8-profiler-agent-impl.o
  CXX(target) /Users/ziangwang/Sources/vibeos/target/node-runtime/fresh-57/source/node-v24.14.0/out/Release/obj.target/v8_base_without_compiler/deps/v8/src/inspector/v8-regex.o
  CXX(target) /Users/ziangwang/Sources/vibeos/target/node-runtime/fresh-57/source/node-v24.14.0/out/Release/obj.target/v8_base_without_compiler/deps/v8/src/inspector/v8-runtime-agent-impl.o
  CXX(target) /Users/ziangwang/Sources/vibeos/target/node-runtime/fresh-57/source/node-v24.14.0/out/Release/obj.target/v8_base_without_compiler/deps/v8/src/inspector/v8-schema-agent-impl.o
  CXX(target) /Users/ziangwang/Sources/vibeos/target/node-runtime/fresh-57/source/node-v24.14.0/out/Release/obj.target/v8_base_without_compiler/deps/v8/src/inspector/v8-serialization-duplicate-tracker.o
  CXX(target) /Users/ziangwang/Sources/vibeos/target/node-runtime/fresh-57/source/node-v24.14.0/out/Release/obj.target/v8_base_without_compiler/deps/v8/src/inspector/v8-stack-trace-impl.o
  CXX(target) /Users/ziangwang/Sources/vibeos/target/node-runtime/fresh-57/source/node-v24.14.0/out/Release/obj.target/v8_base_without_compiler/deps/v8/src/inspector/v8-value-utils.o
  CXX(target) /Users/ziangwang/Sources/vibeos/target/node-runtime/fresh-57/source/node-v24.14.0/out/Release/obj.target/v8_base_without_compiler/deps/v8/src/inspector/value-mirror.o
  CXX(target) /Users/ziangwang/Sources/vibeos/target/node-runtime/fresh-57/source/node-v24.14.0/out/Release/obj.target/v8_base_without_compiler/deps/v8/src/inspector/v8-string-conversions.o
  CXX(target) /Users/ziangwang/Sources/vibeos/target/node-runtime/fresh-57/source/node-v24.14.0/out/Release/obj.target/v8_base_without_compiler/deps/v8/third_party/inspector_protocol/crdtp/json_platform_v8.o
  CXX(target) /Users/ziangwang/Sources/vibeos/target/node-runtime/fresh-57/source/node-v24.14.0/out/Release/obj.target/v8_base_without_compiler/deps/v8/third_party/inspector_protocol/crdtp/cbor.o
  CXX(target) /Users/ziangwang/Sources/vibeos/target/node-runtime/fresh-57/source/node-v24.14.0/out/Release/obj.target/v8_base_without_compiler/deps/v8/third_party/inspector_protocol/crdtp/dispatch.o
  CXX(target) /Users/ziangwang/Sources/vibeos/target/node-runtime/fresh-57/source/node-v24.14.0/out/Release/obj.target/v8_base_without_compiler/deps/v8/third_party/inspector_protocol/crdtp/error_support.o
  CXX(target) /Users/ziangwang/Sources/vibeos/target/node-runtime/fresh-57/source/node-v24.14.0/out/Release/obj.target/v8_base_without_compiler/deps/v8/third_party/inspector_protocol/crdtp/json.o
  CXX(target) /Users/ziangwang/Sources/vibeos/target/node-runtime/fresh-57/source/node-v24.14.0/out/Release/obj.target/v8_base_without_compiler/deps/v8/third_party/inspector_protocol/crdtp/protocol_core.o
  CXX(target) /Users/ziangwang/Sources/vibeos/target/node-runtime/fresh-57/source/node-v24.14.0/out/Release/obj.target/v8_base_without_compiler/deps/v8/third_party/inspector_protocol/crdtp/serializable.o
  CXX(target) /Users/ziangwang/Sources/vibeos/target/node-runtime/fresh-57/source/node-v24.14.0/out/Release/obj.target/v8_base_without_compiler/deps/v8/third_party/inspector_protocol/crdtp/span.o
  CXX(target) /Users/ziangwang/Sources/vibeos/target/node-runtime/fresh-57/source/node-v24.14.0/out/Release/obj.target/v8_base_without_compiler/deps/v8/third_party/inspector_protocol/crdtp/status.o
  CXX(target) /Users/ziangwang/Sources/vibeos/target/node-runtime/fresh-57/source/node-v24.14.0/out/Release/obj.target/v8_base_without_compiler/gen/inspector-generated-output-root/src/inspector/protocol/Protocol.o
  CXX(target) /Users/ziangwang/Sources/vibeos/target/node-runtime/fresh-57/source/node-v24.14.0/out/Release/obj.target/v8_base_without_compiler/gen/inspector-generated-output-root/src/inspector/protocol/Console.o
  CXX(target) /Users/ziangwang/Sources/vibeos/target/node-runtime/fresh-57/source/node-v24.14.0/out/Release/obj.target/v8_base_without_compiler/gen/inspector-generated-output-root/src/inspector/protocol/Debugger.o
  CXX(target) /Users/ziangwang/Sources/vibeos/target/node-runtime/fresh-57/source/node-v24.14.0/out/Release/obj.target/v8_base_without_compiler/gen/inspector-generated-output-root/src/inspector/protocol/HeapProfiler.o
  CXX(target) /Users/ziangwang/Sources/vibeos/target/node-runtime/fresh-57/source/node-v24.14.0/out/Release/obj.target/v8_base_without_compiler/gen/inspector-generated-output-root/src/inspector/protocol/Profiler.o
  CXX(target) /Users/ziangwang/Sources/vibeos/target/node-runtime/fresh-57/source/node-v24.14.0/out/Release/obj.target/v8_base_without_compiler/gen/inspector-generated-output-root/src/inspector/protocol/Runtime.o
  CXX(target) /Users/ziangwang/Sources/vibeos/target/node-runtime/fresh-57/source/node-v24.14.0/out/Release/obj.target/v8_base_without_compiler/gen/inspector-generated-output-root/src/inspector/protocol/Schema.o
  CXX(target) /Users/ziangwang/Sources/vibeos/target/node-runtime/fresh-57/source/node-v24.14.0/out/Release/obj.target/v8_base_without_compiler/deps/v8/src/baseline/baseline-batch-compiler.o
  CXX(target) /Users/ziangwang/Sources/vibeos/target/node-runtime/fresh-57/source/node-v24.14.0/out/Release/obj.target/v8_base_without_compiler/deps/v8/src/baseline/baseline-compiler.o
  CXX(target) /Users/ziangwang/Sources/vibeos/target/node-runtime/fresh-57/source/node-v24.14.0/out/Release/obj.target/v8_base_without_compiler/deps/v8/src/codegen/riscv/assembler-riscv.o
  CXX(target) /Users/ziangwang/Sources/vibeos/target/node-runtime/fresh-57/source/node-v24.14.0/out/Release/obj.target/v8_base_without_compiler/deps/v8/src/codegen/riscv/base-assembler-riscv.o
  CXX(target) /Users/ziangwang/Sources/vibeos/target/node-runtime/fresh-57/source/node-v24.14.0/out/Release/obj.target/v8_base_without_compiler/deps/v8/src/codegen/riscv/base-constants-riscv.o
  CXX(target) /Users/ziangwang/Sources/vibeos/target/node-runtime/fresh-57/source/node-v24.14.0/out/Release/obj.target/v8_base_without_compiler/deps/v8/src/codegen/riscv/base-riscv-i.o
  CXX(target) /Users/ziangwang/Sources/vibeos/target/node-runtime/fresh-57/source/node-v24.14.0/out/Release/obj.target/v8_base_without_compiler/deps/v8/src/codegen/riscv/cpu-riscv.o
  CXX(target) /Users/ziangwang/Sources/vibeos/target/node-runtime/fresh-57/source/node-v24.14.0/out/Release/obj.target/v8_base_without_compiler/deps/v8/src/codegen/riscv/extension-riscv-a.o
  CXX(target) /Users/ziangwang/Sources/vibeos/target/node-runtime/fresh-57/source/node-v24.14.0/out/Release/obj.target/v8_base_without_compiler/deps/v8/src/codegen/riscv/extension-riscv-b.o
  CXX(target) /Users/ziangwang/Sources/vibeos/target/node-runtime/fresh-57/source/node-v24.14.0/out/Release/obj.target/v8_base_without_compiler/deps/v8/src/codegen/riscv/extension-riscv-c.o
  CXX(target) /Users/ziangwang/Sources/vibeos/target/node-runtime/fresh-57/source/node-v24.14.0/out/Release/obj.target/v8_base_without_compiler/deps/v8/src/codegen/riscv/extension-riscv-d.o
  CXX(target) /Users/ziangwang/Sources/vibeos/target/node-runtime/fresh-57/source/node-v24.14.0/out/Release/obj.target/v8_base_without_compiler/deps/v8/src/codegen/riscv/extension-riscv-f.o
  CXX(target) /Users/ziangwang/Sources/vibeos/target/node-runtime/fresh-57/source/node-v24.14.0/out/Release/obj.target/v8_base_without_compiler/deps/v8/src/codegen/riscv/extension-riscv-m.o
  CXX(target) /Users/ziangwang/Sources/vibeos/target/node-runtime/fresh-57/source/node-v24.14.0/out/Release/obj.target/v8_base_without_compiler/deps/v8/src/codegen/riscv/extension-riscv-v.o
  CXX(target) /Users/ziangwang/Sources/vibeos/target/node-runtime/fresh-57/source/node-v24.14.0/out/Release/obj.target/v8_base_without_compiler/deps/v8/src/codegen/riscv/extension-riscv-zicond.o
  CXX(target) /Users/ziangwang/Sources/vibeos/target/node-runtime/fresh-57/source/node-v24.14.0/out/Release/obj.target/v8_base_without_compiler/deps/v8/src/codegen/riscv/extension-riscv-zicsr.o
  CXX(target) /Users/ziangwang/Sources/vibeos/target/node-runtime/fresh-57/source/node-v24.14.0/out/Release/obj.target/v8_base_without_compiler/deps/v8/src/codegen/riscv/extension-riscv-zifencei.o
  CXX(target) /Users/ziangwang/Sources/vibeos/target/node-runtime/fresh-57/source/node-v24.14.0/out/Release/obj.target/v8_base_without_compiler/deps/v8/src/codegen/riscv/macro-assembler-riscv.o
  CXX(target) /Users/ziangwang/Sources/vibeos/target/node-runtime/fresh-57/source/node-v24.14.0/out/Release/obj.target/v8_base_without_compiler/deps/v8/src/deoptimizer/riscv/deoptimizer-riscv.o
  CXX(target) /Users/ziangwang/Sources/vibeos/target/node-runtime/fresh-57/source/node-v24.14.0/out/Release/obj.target/v8_base_without_compiler/deps/v8/src/diagnostics/riscv/disasm-riscv.o
  CXX(target) /Users/ziangwang/Sources/vibeos/target/node-runtime/fresh-57/source/node-v24.14.0/out/Release/obj.target/v8_base_without_compiler/deps/v8/src/diagnostics/riscv/unwinder-riscv.o
  CXX(target) /Users/ziangwang/Sources/vibeos/target/node-runtime/fresh-57/source/node-v24.14.0/out/Release/obj.target/v8_base_without_compiler/deps/v8/src/execution/riscv/frame-constants-riscv.o
  CXX(target) /Users/ziangwang/Sources/vibeos/target/node-runtime/fresh-57/source/node-v24.14.0/out/Release/obj.target/v8_base_without_compiler/deps/v8/src/execution/riscv/simulator-riscv.o
  CXX(target) /Users/ziangwang/Sources/vibeos/target/node-runtime/fresh-57/source/node-v24.14.0/out/Release/obj.target/v8_base_without_compiler/deps/v8/src/regexp/riscv/regexp-macro-assembler-riscv.o
  CXX(target) /Users/ziangwang/Sources/vibeos/target/node-runtime/fresh-57/source/node-v24.14.0/out/Release/obj.target/v8_base_without_compiler/gen/torque-generated/class-verifiers.o
  CXX(target) /Users/ziangwang/Sources/vibeos/target/node-runtime/fresh-57/source/node-v24.14.0/out/Release/obj.target/v8_base_without_compiler/gen/torque-generated/factory.o
  CXX(target) /Users/ziangwang/Sources/vibeos/target/node-runtime/fresh-57/source/node-v24.14.0/out/Release/obj.target/v8_base_without_compiler/gen/torque-generated/objects-printer.o
  CXX(target) /Users/ziangwang/Sources/vibeos/target/node-runtime/fresh-57/source/node-v24.14.0/out/Release/obj.target/v8_base_without_compiler/gen/torque-generated/src/builtins/aggregate-error-tq.o
  CXX(target) /Users/ziangwang/Sources/vibeos/target/node-runtime/fresh-57/source/node-v24.14.0/out/Release/obj.target/v8_base_without_compiler/gen/torque-generated/src/builtins/array-at-tq.o
  CXX(target) /Users/ziangwang/Sources/vibeos/target/node-runtime/fresh-57/source/node-v24.14.0/out/Release/obj.target/v8_base_without_compiler/gen/torque-generated/src/builtins/array-concat-tq.o
  CXX(target) /Users/ziangwang/Sources/vibeos/target/node-runtime/fresh-57/source/node-v24.14.0/out/Release/obj.target/v8_base_without_compiler/gen/torque-generated/src/builtins/array-copywithin-tq.o
  CXX(target) /Users/ziangwang/Sources/vibeos/target/node-runtime/fresh-57/source/node-v24.14.0/out/Release/obj.target/v8_base_without_compiler/gen/torque-generated/src/builtins/array-every-tq.o
  CXX(target) /Users/ziangwang/Sources/vibeos/target/node-runtime/fresh-57/source/node-v24.14.0/out/Release/obj.target/v8_base_without_compiler/gen/torque-generated/src/builtins/array-filter-tq.o
  CXX(target) /Users/ziangwang/Sources/vibeos/target/node-runtime/fresh-57/source/node-v24.14.0/out/Release/obj.target/v8_base_without_compiler/gen/torque-generated/src/builtins/array-find-tq.o
  CXX(target) /Users/ziangwang/Sources/vibeos/target/node-runtime/fresh-57/source/node-v24.14.0/out/Release/obj.target/v8_base_without_compiler/gen/torque-generated/src/builtins/array-findindex-tq.o
  CXX(target) /Users/ziangwang/Sources/vibeos/target/node-runtime/fresh-57/source/node-v24.14.0/out/Release/obj.target/v8_base_without_compiler/gen/torque-generated/src/builtins/array-findlast-tq.o
  CXX(target) /Users/ziangwang/Sources/vibeos/target/node-runtime/fresh-57/source/node-v24.14.0/out/Release/obj.target/v8_base_without_compiler/gen/torque-generated/src/builtins/array-findlastindex-tq.o
  CXX(target) /Users/ziangwang/Sources/vibeos/target/node-runtime/fresh-57/source/node-v24.14.0/out/Release/obj.target/v8_base_without_compiler/gen/torque-generated/src/builtins/array-flat-tq.o
  CXX(target) /Users/ziangwang/Sources/vibeos/target/node-runtime/fresh-57/source/node-v24.14.0/out/Release/obj.target/v8_base_without_compiler/gen/torque-generated/src/builtins/array-foreach-tq.o
  CXX(target) /Users/ziangwang/Sources/vibeos/target/node-runtime/fresh-57/source/node-v24.14.0/out/Release/obj.target/v8_base_without_compiler/gen/torque-generated/src/builtins/array-from-async-tq.o
  CXX(target) /Users/ziangwang/Sources/vibeos/target/node-runtime/fresh-57/source/node-v24.14.0/out/Release/obj.target/v8_base_without_compiler/gen/torque-generated/src/builtins/array-from-tq.o
  CXX(target) /Users/ziangwang/Sources/vibeos/target/node-runtime/fresh-57/source/node-v24.14.0/out/Release/obj.target/v8_base_without_compiler/gen/torque-generated/src/builtins/array-isarray-tq.o
  CXX(target) /Users/ziangwang/Sources/vibeos/target/node-runtime/fresh-57/source/node-v24.14.0/out/Release/obj.target/v8_base_without_compiler/gen/torque-generated/src/builtins/array-join-tq.o
  CXX(target) /Users/ziangwang/Sources/vibeos/target/node-runtime/fresh-57/source/node-v24.14.0/out/Release/obj.target/v8_base_without_compiler/gen/torque-generated/src/builtins/array-lastindexof-tq.o
  CXX(target) /Users/ziangwang/Sources/vibeos/target/node-runtime/fresh-57/source/node-v24.14.0/out/Release/obj.target/v8_base_without_compiler/gen/torque-generated/src/builtins/array-map-tq.o
  CXX(target) /Users/ziangwang/Sources/vibeos/target/node-runtime/fresh-57/source/node-v24.14.0/out/Release/obj.target/v8_base_without_compiler/gen/torque-generated/src/builtins/array-of-tq.o
  CXX(target) /Users/ziangwang/Sources/vibeos/target/node-runtime/fresh-57/source/node-v24.14.0/out/Release/obj.target/v8_base_without_compiler/gen/torque-generated/src/builtins/array-reduce-right-tq.o
  CXX(target) /Users/ziangwang/Sources/vibeos/target/node-runtime/fresh-57/source/node-v24.14.0/out/Release/obj.target/v8_base_without_compiler/gen/torque-generated/src/builtins/array-reduce-tq.o
  CXX(target) /Users/ziangwang/Sources/vibeos/target/node-runtime/fresh-57/source/node-v24.14.0/out/Release/obj.target/v8_base_without_compiler/gen/torque-generated/src/builtins/array-reverse-tq.o
  CXX(target) /Users/ziangwang/Sources/vibeos/target/node-runtime/fresh-57/source/node-v24.14.0/out/Release/obj.target/v8_base_without_compiler/gen/torque-generated/src/builtins/array-shift-tq.o
  CXX(target) /Users/ziangwang/Sources/vibeos/target/node-runtime/fresh-57/source/node-v24.14.0/out/Release/obj.target/v8_base_without_compiler/gen/torque-generated/src/builtins/array-slice-tq.o
  CXX(target) /Users/ziangwang/Sources/vibeos/target/node-runtime/fresh-57/source/node-v24.14.0/out/Release/obj.target/v8_base_without_compiler/gen/torque-generated/src/builtins/array-some-tq.o
  CXX(target) /Users/ziangwang/Sources/vibeos/target/node-runtime/fresh-57/source/node-v24.14.0/out/Release/obj.target/v8_base_without_compiler/gen/torque-generated/src/builtins/array-splice-tq.o
  CXX(target) /Users/ziangwang/Sources/vibeos/target/node-runtime/fresh-57/source/node-v24.14.0/out/Release/obj.target/v8_base_without_compiler/gen/torque-generated/src/builtins/array-to-reversed-tq.o
  CXX(target) /Users/ziangwang/Sources/vibeos/target/node-runtime/fresh-57/source/node-v24.14.0/out/Release/obj.target/v8_base_without_compiler/gen/torque-generated/src/builtins/array-to-sorted-tq.o
  CXX(target) /Users/ziangwang/Sources/vibeos/target/node-runtime/fresh-57/source/node-v24.14.0/out/Release/obj.target/v8_base_without_compiler/gen/torque-generated/src/builtins/array-to-spliced-tq.o
  CXX(target) /Users/ziangwang/Sources/vibeos/target/node-runtime/fresh-57/source/node-v24.14.0/out/Release/obj.target/v8_base_without_compiler/gen/torque-generated/src/builtins/array-unshift-tq.o
  CXX(target) /Users/ziangwang/Sources/vibeos/target/node-runtime/fresh-57/source/node-v24.14.0/out/Release/obj.target/v8_base_without_compiler/gen/torque-generated/src/builtins/array-with-tq.o
  CXX(target) /Users/ziangwang/Sources/vibeos/target/node-runtime/fresh-57/source/node-v24.14.0/out/Release/obj.target/v8_base_without_compiler/gen/torque-generated/src/builtins/array-tq.o
  CXX(target) /Users/ziangwang/Sources/vibeos/target/node-runtime/fresh-57/source/node-v24.14.0/out/Release/obj.target/v8_base_without_compiler/gen/torque-generated/src/builtins/arraybuffer-tq.o
  CXX(target) /Users/ziangwang/Sources/vibeos/target/node-runtime/fresh-57/source/node-v24.14.0/out/Release/obj.target/v8_base_without_compiler/gen/torque-generated/src/builtins/base-tq.o
  CXX(target) /Users/ziangwang/Sources/vibeos/target/node-runtime/fresh-57/source/node-v24.14.0/out/Release/obj.target/v8_base_without_compiler/gen/torque-generated/src/builtins/boolean-tq.o
  CXX(target) /Users/ziangwang/Sources/vibeos/target/node-runtime/fresh-57/source/node-v24.14.0/out/Release/obj.target/v8_base_without_compiler/gen/torque-generated/src/builtins/builtins-bigint-tq.o
  CXX(target) /Users/ziangwang/Sources/vibeos/target/node-runtime/fresh-57/source/node-v24.14.0/out/Release/obj.target/v8_base_without_compiler/gen/torque-generated/src/builtins/builtins-string-tq.o
  CXX(target) /Users/ziangwang/Sources/vibeos/target/node-runtime/fresh-57/source/node-v24.14.0/out/Release/obj.target/v8_base_without_compiler/gen/torque-generated/src/builtins/cast-tq.o
  CXX(target) /Users/ziangwang/Sources/vibeos/target/node-runtime/fresh-57/source/node-v24.14.0/out/Release/obj.target/v8_base_without_compiler/gen/torque-generated/src/builtins/collections-tq.o
  CXX(target) /Users/ziangwang/Sources/vibeos/target/node-runtime/fresh-57/source/node-v24.14.0/out/Release/obj.target/v8_base_without_compiler/gen/torque-generated/src/builtins/constructor-tq.o
  CXX(target) /Users/ziangwang/Sources/vibeos/target/node-runtime/fresh-57/source/node-v24.14.0/out/Release/obj.target/v8_base_without_compiler/gen/torque-generated/src/builtins/conversion-tq.o
  CXX(target) /Users/ziangwang/Sources/vibeos/target/node-runtime/fresh-57/source/node-v24.14.0/out/Release/obj.target/v8_base_without_compiler/gen/torque-generated/src/builtins/convert-tq.o
  CXX(target) /Users/ziangwang/Sources/vibeos/target/node-runtime/fresh-57/source/node-v24.14.0/out/Release/obj.target/v8_base_without_compiler/gen/torque-generated/src/builtins/console-tq.o
  CXX(target) /Users/ziangwang/Sources/vibeos/target/node-runtime/fresh-57/source/node-v24.14.0/out/Release/obj.target/v8_base_without_compiler/gen/torque-generated/src/builtins/data-view-tq.o
  CXX(target) /Users/ziangwang/Sources/vibeos/target/node-runtime/fresh-57/source/node-v24.14.0/out/Release/obj.target/v8_base_without_compiler/gen/torque-generated/src/builtins/finalization-registry-tq.o
  CXX(target) /Users/ziangwang/Sources/vibeos/target/node-runtime/fresh-57/source/node-v24.14.0/out/Release/obj.target/v8_base_without_compiler/gen/torque-generated/src/builtins/frames-tq.o
  CXX(target) /Users/ziangwang/Sources/vibeos/target/node-runtime/fresh-57/source/node-v24.14.0/out/Release/obj.target/v8_base_without_compiler/gen/torque-generated/src/builtins/frame-arguments-tq.o
  CXX(target) /Users/ziangwang/Sources/vibeos/target/node-runtime/fresh-57/source/node-v24.14.0/out/Release/obj.target/v8_base_without_compiler/gen/torque-generated/src/builtins/function-tq.o
  CXX(target) /Users/ziangwang/Sources/vibeos/target/node-runtime/fresh-57/source/node-v24.14.0/out/Release/obj.target/v8_base_without_compiler/gen/torque-generated/src/builtins/growable-fixed-array-tq.o
  CXX(target) /Users/ziangwang/Sources/vibeos/target/node-runtime/fresh-57/source/node-v24.14.0/out/Release/obj.target/v8_base_without_compiler/gen/torque-generated/src/builtins/ic-callable-tq.o
  CXX(target) /Users/ziangwang/Sources/vibeos/target/node-runtime/fresh-57/source/node-v24.14.0/out/Release/obj.target/v8_base_without_compiler/gen/torque-generated/src/builtins/ic-tq.o
  CXX(target) /Users/ziangwang/Sources/vibeos/target/node-runtime/fresh-57/source/node-v24.14.0/out/Release/obj.target/v8_base_without_compiler/gen/torque-generated/src/builtins/internal-coverage-tq.o
  CXX(target) /Users/ziangwang/Sources/vibeos/target/node-runtime/fresh-57/source/node-v24.14.0/out/Release/obj.target/v8_base_without_compiler/gen/torque-generated/src/builtins/internal-tq.o
  CXX(target) /Users/ziangwang/Sources/vibeos/target/node-runtime/fresh-57/source/node-v24.14.0/out/Release/obj.target/v8_base_without_compiler/gen/torque-generated/src/builtins/iterator-tq.o
  CXX(target) /Users/ziangwang/Sources/vibeos/target/node-runtime/fresh-57/source/node-v24.14.0/out/Release/obj.target/v8_base_without_compiler/gen/torque-generated/src/builtins/iterator-from-tq.o
  CXX(target) /Users/ziangwang/Sources/vibeos/target/node-runtime/fresh-57/source/node-v24.14.0/out/Release/obj.target/v8_base_without_compiler/gen/torque-generated/src/builtins/iterator-helpers-tq.o
  CXX(target) /Users/ziangwang/Sources/vibeos/target/node-runtime/fresh-57/source/node-v24.14.0/out/Release/obj.target/v8_base_without_compiler/gen/torque-generated/src/builtins/map-groupby-tq.o
  CXX(target) /Users/ziangwang/Sources/vibeos/target/node-runtime/fresh-57/source/node-v24.14.0/out/Release/obj.target/v8_base_without_compiler/gen/torque-generated/src/builtins/math-tq.o
  CXX(target) /Users/ziangwang/Sources/vibeos/target/node-runtime/fresh-57/source/node-v24.14.0/out/Release/obj.target/v8_base_without_compiler/gen/torque-generated/src/builtins/number-tq.o
  CXX(target) /Users/ziangwang/Sources/vibeos/target/node-runtime/fresh-57/source/node-v24.14.0/out/Release/obj.target/v8_base_without_compiler/gen/torque-generated/src/builtins/object-fromentries-tq.o
  CXX(target) /Users/ziangwang/Sources/vibeos/target/node-runtime/fresh-57/source/node-v24.14.0/out/Release/obj.target/v8_base_without_compiler/gen/torque-generated/src/builtins/object-groupby-tq.o
  CXX(target) /Users/ziangwang/Sources/vibeos/target/node-runtime/fresh-57/source/node-v24.14.0/out/Release/obj.target/v8_base_without_compiler/gen/torque-generated/src/builtins/object-tq.o
  CXX(target) /Users/ziangwang/Sources/vibeos/target/node-runtime/fresh-57/source/node-v24.14.0/out/Release/obj.target/v8_base_without_compiler/gen/torque-generated/src/builtins/promise-abstract-operations-tq.o
  CXX(target) /Users/ziangwang/Sources/vibeos/target/node-runtime/fresh-57/source/node-v24.14.0/out/Release/obj.target/v8_base_without_compiler/gen/torque-generated/src/builtins/promise-all-tq.o
  CXX(target) /Users/ziangwang/Sources/vibeos/target/node-runtime/fresh-57/source/node-v24.14.0/out/Release/obj.target/v8_base_without_compiler/gen/torque-generated/src/builtins/promise-all-element-closure-tq.o
  CXX(target) /Users/ziangwang/Sources/vibeos/target/node-runtime/fresh-57/source/node-v24.14.0/out/Release/obj.target/v8_base_without_compiler/gen/torque-generated/src/builtins/promise-any-tq.o
  CXX(target) /Users/ziangwang/Sources/vibeos/target/node-runtime/fresh-57/source/node-v24.14.0/out/Release/obj.target/v8_base_without_compiler/gen/torque-generated/src/builtins/promise-constructor-tq.o
  CXX(target) /Users/ziangwang/Sources/vibeos/target/node-runtime/fresh-57/source/node-v24.14.0/out/Release/obj.target/v8_base_without_compiler/gen/torque-generated/src/builtins/promise-finally-tq.o
  CXX(target) /Users/ziangwang/Sources/vibeos/target/node-runtime/fresh-57/source/node-v24.14.0/out/Release/obj.target/v8_base_without_compiler/gen/torque-generated/src/builtins/promise-jobs-tq.o
  CXX(target) /Users/ziangwang/Sources/vibeos/target/node-runtime/fresh-57/source/node-v24.14.0/out/Release/obj.target/v8_base_without_compiler/gen/torque-generated/src/builtins/promise-misc-tq.o
  CXX(target) /Users/ziangwang/Sources/vibeos/target/node-runtime/fresh-57/source/node-v24.14.0/out/Release/obj.target/v8_base_without_compiler/gen/torque-generated/src/builtins/promise-race-tq.o
  CXX(target) /Users/ziangwang/Sources/vibeos/target/node-runtime/fresh-57/source/node-v24.14.0/out/Release/obj.target/v8_base_without_compiler/gen/torque-generated/src/builtins/promise-reaction-job-tq.o
  CXX(target) /Users/ziangwang/Sources/vibeos/target/node-runtime/fresh-57/source/node-v24.14.0/out/Release/obj.target/v8_base_without_compiler/gen/torque-generated/src/builtins/promise-resolve-tq.o
  CXX(target) /Users/ziangwang/Sources/vibeos/target/node-runtime/fresh-57/source/node-v24.14.0/out/Release/obj.target/v8_base_without_compiler/gen/torque-generated/src/builtins/promise-then-tq.o
  CXX(target) /Users/ziangwang/Sources/vibeos/target/node-runtime/fresh-57/source/node-v24.14.0/out/Release/obj.target/v8_base_without_compiler/gen/torque-generated/src/builtins/promise-try-tq.o
  CXX(target) /Users/ziangwang/Sources/vibeos/target/node-runtime/fresh-57/source/node-v24.14.0/out/Release/obj.target/v8_base_without_compiler/gen/torque-generated/src/builtins/promise-withresolvers-tq.o
  CXX(target) /Users/ziangwang/Sources/vibeos/target/node-runtime/fresh-57/source/node-v24.14.0/out/Release/obj.target/v8_base_without_compiler/gen/torque-generated/src/builtins/proxy-constructor-tq.o
  CXX(target) /Users/ziangwang/Sources/vibeos/target/node-runtime/fresh-57/source/node-v24.14.0/out/Release/obj.target/v8_base_without_compiler/gen/torque-generated/src/builtins/proxy-delete-property-tq.o
  CXX(target) /Users/ziangwang/Sources/vibeos/target/node-runtime/fresh-57/source/node-v24.14.0/out/Release/obj.target/v8_base_without_compiler/gen/torque-generated/src/builtins/proxy-get-property-tq.o
  CXX(target) /Users/ziangwang/Sources/vibeos/target/node-runtime/fresh-57/source/node-v24.14.0/out/Release/obj.target/v8_base_without_compiler/gen/torque-generated/src/builtins/proxy-get-prototype-of-tq.o
  CXX(target) /Users/ziangwang/Sources/vibeos/target/node-runtime/fresh-57/source/node-v24.14.0/out/Release/obj.target/v8_base_without_compiler/gen/torque-generated/src/builtins/proxy-has-property-tq.o
  CXX(target) /Users/ziangwang/Sources/vibeos/target/node-runtime/fresh-57/source/node-v24.14.0/out/Release/obj.target/v8_base_without_compiler/gen/torque-generated/src/builtins/proxy-is-extensible-tq.o
  CXX(target) /Users/ziangwang/Sources/vibeos/target/node-runtime/fresh-57/source/node-v24.14.0/out/Release/obj.target/v8_base_without_compiler/gen/torque-generated/src/builtins/proxy-prevent-extensions-tq.o
  CXX(target) /Users/ziangwang/Sources/vibeos/target/node-runtime/fresh-57/source/node-v24.14.0/out/Release/obj.target/v8_base_without_compiler/gen/torque-generated/src/builtins/proxy-revocable-tq.o
  CXX(target) /Users/ziangwang/Sources/vibeos/target/node-runtime/fresh-57/source/node-v24.14.0/out/Release/obj.target/v8_base_without_compiler/gen/torque-generated/src/builtins/proxy-revoke-tq.o
  CXX(target) /Users/ziangwang/Sources/vibeos/target/node-runtime/fresh-57/source/node-v24.14.0/out/Release/obj.target/v8_base_without_compiler/gen/torque-generated/src/builtins/proxy-set-property-tq.o
  CXX(target) /Users/ziangwang/Sources/vibeos/target/node-runtime/fresh-57/source/node-v24.14.0/out/Release/obj.target/v8_base_without_compiler/gen/torque-generated/src/builtins/proxy-set-prototype-of-tq.o
  CXX(target) /Users/ziangwang/Sources/vibeos/target/node-runtime/fresh-57/source/node-v24.14.0/out/Release/obj.target/v8_base_without_compiler/gen/torque-generated/src/builtins/proxy-tq.o
  CXX(target) /Users/ziangwang/Sources/vibeos/target/node-runtime/fresh-57/source/node-v24.14.0/out/Release/obj.target/v8_base_without_compiler/gen/torque-generated/src/builtins/reflect-tq.o
  CXX(target) /Users/ziangwang/Sources/vibeos/target/node-runtime/fresh-57/source/node-v24.14.0/out/Release/obj.target/v8_base_without_compiler/gen/torque-generated/src/builtins/regexp-exec-tq.o
  CXX(target) /Users/ziangwang/Sources/vibeos/target/node-runtime/fresh-57/source/node-v24.14.0/out/Release/obj.target/v8_base_without_compiler/gen/torque-generated/src/builtins/regexp-match-all-tq.o
  CXX(target) /Users/ziangwang/Sources/vibeos/target/node-runtime/fresh-57/source/node-v24.14.0/out/Release/obj.target/v8_base_without_compiler/gen/torque-generated/src/builtins/regexp-match-tq.o
  CXX(target) /Users/ziangwang/Sources/vibeos/target/node-runtime/fresh-57/source/node-v24.14.0/out/Release/obj.target/v8_base_without_compiler/gen/torque-generated/src/builtins/regexp-replace-tq.o
  CXX(target) /Users/ziangwang/Sources/vibeos/target/node-runtime/fresh-57/source/node-v24.14.0/out/Release/obj.target/v8_base_without_compiler/gen/torque-generated/src/builtins/regexp-search-tq.o
  CXX(target) /Users/ziangwang/Sources/vibeos/target/node-runtime/fresh-57/source/node-v24.14.0/out/Release/obj.target/v8_base_without_compiler/gen/torque-generated/src/builtins/regexp-source-tq.o
  CXX(target) /Users/ziangwang/Sources/vibeos/target/node-runtime/fresh-57/source/node-v24.14.0/out/Release/obj.target/v8_base_without_compiler/gen/torque-generated/src/builtins/regexp-split-tq.o
  CXX(target) /Users/ziangwang/Sources/vibeos/target/node-runtime/fresh-57/source/node-v24.14.0/out/Release/obj.target/v8_base_without_compiler/gen/torque-generated/src/builtins/regexp-test-tq.o
  CXX(target) /Users/ziangwang/Sources/vibeos/target/node-runtime/fresh-57/source/node-v24.14.0/out/Release/obj.target/v8_base_without_compiler/gen/torque-generated/src/builtins/regexp-tq.o
  CXX(target) /Users/ziangwang/Sources/vibeos/target/node-runtime/fresh-57/source/node-v24.14.0/out/Release/obj.target/v8_base_without_compiler/gen/torque-generated/src/builtins/set-difference-tq.o
  CXX(target) /Users/ziangwang/Sources/vibeos/target/node-runtime/fresh-57/source/node-v24.14.0/out/Release/obj.target/v8_base_without_compiler/gen/torque-generated/src/builtins/set-intersection-tq.o
  CXX(target) /Users/ziangwang/Sources/vibeos/target/node-runtime/fresh-57/source/node-v24.14.0/out/Release/obj.target/v8_base_without_compiler/gen/torque-generated/src/builtins/set-is-disjoint-from-tq.o
  CXX(target) /Users/ziangwang/Sources/vibeos/target/node-runtime/fresh-57/source/node-v24.14.0/out/Release/obj.target/v8_base_without_compiler/gen/torque-generated/src/builtins/set-is-subset-of-tq.o
  CXX(target) /Users/ziangwang/Sources/vibeos/target/node-runtime/fresh-57/source/node-v24.14.0/out/Release/obj.target/v8_base_without_compiler/gen/torque-generated/src/builtins/set-is-superset-of-tq.o
  CXX(target) /Users/ziangwang/Sources/vibeos/target/node-runtime/fresh-57/source/node-v24.14.0/out/Release/obj.target/v8_base_without_compiler/gen/torque-generated/src/builtins/set-symmetric-difference-tq.o
  CXX(target) /Users/ziangwang/Sources/vibeos/target/node-runtime/fresh-57/source/node-v24.14.0/out/Release/obj.target/v8_base_without_compiler/gen/torque-generated/src/builtins/set-union-tq.o
  CXX(target) /Users/ziangwang/Sources/vibeos/target/node-runtime/fresh-57/source/node-v24.14.0/out/Release/obj.target/v8_base_without_compiler/gen/torque-generated/src/builtins/string-at-tq.o
  CXX(target) /Users/ziangwang/Sources/vibeos/target/node-runtime/fresh-57/source/node-v24.14.0/out/Release/obj.target/v8_base_without_compiler/gen/torque-generated/src/builtins/string-endswith-tq.o
  CXX(target) /Users/ziangwang/Sources/vibeos/target/node-runtime/fresh-57/source/node-v24.14.0/out/Release/obj.target/v8_base_without_compiler/gen/torque-generated/src/builtins/string-html-tq.o
  CXX(target) /Users/ziangwang/Sources/vibeos/target/node-runtime/fresh-57/source/node-v24.14.0/out/Release/obj.target/v8_base_without_compiler/gen/torque-generated/src/builtins/string-includes-tq.o
  CXX(target) /Users/ziangwang/Sources/vibeos/target/node-runtime/fresh-57/source/node-v24.14.0/out/Release/obj.target/v8_base_without_compiler/gen/torque-generated/src/builtins/string-indexof-tq.o
  CXX(target) /Users/ziangwang/Sources/vibeos/target/node-runtime/fresh-57/source/node-v24.14.0/out/Release/obj.target/v8_base_without_compiler/gen/torque-generated/src/builtins/string-iswellformed-tq.o
  CXX(target) /Users/ziangwang/Sources/vibeos/target/node-runtime/fresh-57/source/node-v24.14.0/out/Release/obj.target/v8_base_without_compiler/gen/torque-generated/src/builtins/string-iterator-tq.o
  CXX(target) /Users/ziangwang/Sources/vibeos/target/node-runtime/fresh-57/source/node-v24.14.0/out/Release/obj.target/v8_base_without_compiler/gen/torque-generated/src/builtins/string-match-search-tq.o
  CXX(target) /Users/ziangwang/Sources/vibeos/target/node-runtime/fresh-57/source/node-v24.14.0/out/Release/obj.target/v8_base_without_compiler/gen/torque-generated/src/builtins/string-pad-tq.o
  CXX(target) /Users/ziangwang/Sources/vibeos/target/node-runtime/fresh-57/source/node-v24.14.0/out/Release/obj.target/v8_base_without_compiler/gen/torque-generated/src/builtins/string-repeat-tq.o
  CXX(target) /Users/ziangwang/Sources/vibeos/target/node-runtime/fresh-57/source/node-v24.14.0/out/Release/obj.target/v8_base_without_compiler/gen/torque-generated/src/builtins/string-replaceall-tq.o
  CXX(target) /Users/ziangwang/Sources/vibeos/target/node-runtime/fresh-57/source/node-v24.14.0/out/Release/obj.target/v8_base_without_compiler/gen/torque-generated/src/builtins/string-slice-tq.o
  CXX(target) /Users/ziangwang/Sources/vibeos/target/node-runtime/fresh-57/source/node-v24.14.0/out/Release/obj.target/v8_base_without_compiler/gen/torque-generated/src/builtins/string-startswith-tq.o
  CXX(target) /Users/ziangwang/Sources/vibeos/target/node-runtime/fresh-57/source/node-v24.14.0/out/Release/obj.target/v8_base_without_compiler/gen/torque-generated/src/builtins/string-substr-tq.o
  CXX(target) /Users/ziangwang/Sources/vibeos/target/node-runtime/fresh-57/source/node-v24.14.0/out/Release/obj.target/v8_base_without_compiler/gen/torque-generated/src/builtins/string-substring-tq.o
  CXX(target) /Users/ziangwang/Sources/vibeos/target/node-runtime/fresh-57/source/node-v24.14.0/out/Release/obj.target/v8_base_without_compiler/gen/torque-generated/src/builtins/string-towellformed-tq.o
  CXX(target) /Users/ziangwang/Sources/vibeos/target/node-runtime/fresh-57/source/node-v24.14.0/out/Release/obj.target/v8_base_without_compiler/gen/torque-generated/src/builtins/string-trim-tq.o
  CXX(target) /Users/ziangwang/Sources/vibeos/target/node-runtime/fresh-57/source/node-v24.14.0/out/Release/obj.target/v8_base_without_compiler/gen/torque-generated/src/builtins/suppressed-error-tq.o
  CXX(target) /Users/ziangwang/Sources/vibeos/target/node-runtime/fresh-57/source/node-v24.14.0/out/Release/obj.target/v8_base_without_compiler/gen/torque-generated/src/builtins/symbol-tq.o
  CXX(target) /Users/ziangwang/Sources/vibeos/target/node-runtime/fresh-57/source/node-v24.14.0/out/Release/obj.target/v8_base_without_compiler/gen/torque-generated/src/builtins/torque-internal-tq.o
  CXX(target) /Users/ziangwang/Sources/vibeos/target/node-runtime/fresh-57/source/node-v24.14.0/out/Release/obj.target/v8_base_without_compiler/gen/torque-generated/src/builtins/typed-array-at-tq.o
  CXX(target) /Users/ziangwang/Sources/vibeos/target/node-runtime/fresh-57/source/node-v24.14.0/out/Release/obj.target/v8_base_without_compiler/gen/torque-generated/src/builtins/typed-array-createtypedarray-tq.o
  CXX(target) /Users/ziangwang/Sources/vibeos/target/node-runtime/fresh-57/source/node-v24.14.0/out/Release/obj.target/v8_base_without_compiler/gen/torque-generated/src/builtins/typed-array-every-tq.o
  CXX(target) /Users/ziangwang/Sources/vibeos/target/node-runtime/fresh-57/source/node-v24.14.0/out/Release/obj.target/v8_base_without_compiler/gen/torque-generated/src/builtins/typed-array-entries-tq.o
  CXX(target) /Users/ziangwang/Sources/vibeos/target/node-runtime/fresh-57/source/node-v24.14.0/out/Release/obj.target/v8_base_without_compiler/gen/torque-generated/src/builtins/typed-array-filter-tq.o
  CXX(target) /Users/ziangwang/Sources/vibeos/target/node-runtime/fresh-57/source/node-v24.14.0/out/Release/obj.target/v8_base_without_compiler/gen/torque-generated/src/builtins/typed-array-find-tq.o
  CXX(target) /Users/ziangwang/Sources/vibeos/target/node-runtime/fresh-57/source/node-v24.14.0/out/Release/obj.target/v8_base_without_compiler/gen/torque-generated/src/builtins/typed-array-findindex-tq.o
  CXX(target) /Users/ziangwang/Sources/vibeos/target/node-runtime/fresh-57/source/node-v24.14.0/out/Release/obj.target/v8_base_without_compiler/gen/torque-generated/src/builtins/typed-array-findlast-tq.o
  CXX(target) /Users/ziangwang/Sources/vibeos/target/node-runtime/fresh-57/source/node-v24.14.0/out/Release/obj.target/v8_base_without_compiler/gen/torque-generated/src/builtins/typed-array-findlastindex-tq.o
  CXX(target) /Users/ziangwang/Sources/vibeos/target/node-runtime/fresh-57/source/node-v24.14.0/out/Release/obj.target/v8_base_without_compiler/gen/torque-generated/src/builtins/typed-array-foreach-tq.o
  CXX(target) /Users/ziangwang/Sources/vibeos/target/node-runtime/fresh-57/source/node-v24.14.0/out/Release/obj.target/v8_base_without_compiler/gen/torque-generated/src/builtins/typed-array-from-tq.o
  CXX(target) /Users/ziangwang/Sources/vibeos/target/node-runtime/fresh-57/source/node-v24.14.0/out/Release/obj.target/v8_base_without_compiler/gen/torque-generated/src/builtins/typed-array-keys-tq.o
  CXX(target) /Users/ziangwang/Sources/vibeos/target/node-runtime/fresh-57/source/node-v24.14.0/out/Release/obj.target/v8_base_without_compiler/gen/torque-generated/src/builtins/typed-array-of-tq.o
  CXX(target) /Users/ziangwang/Sources/vibeos/target/node-runtime/fresh-57/source/node-v24.14.0/out/Release/obj.target/v8_base_without_compiler/gen/torque-generated/src/builtins/typed-array-reduce-tq.o
  CXX(target) /Users/ziangwang/Sources/vibeos/target/node-runtime/fresh-57/source/node-v24.14.0/out/Release/obj.target/v8_base_without_compiler/gen/torque-generated/src/builtins/typed-array-reduceright-tq.o
  CXX(target) /Users/ziangwang/Sources/vibeos/target/node-runtime/fresh-57/source/node-v24.14.0/out/Release/obj.target/v8_base_without_compiler/gen/torque-generated/src/builtins/typed-array-set-tq.o
  CXX(target) /Users/ziangwang/Sources/vibeos/target/node-runtime/fresh-57/source/node-v24.14.0/out/Release/obj.target/v8_base_without_compiler/gen/torque-generated/src/builtins/typed-array-slice-tq.o
  CXX(target) /Users/ziangwang/Sources/vibeos/target/node-runtime/fresh-57/source/node-v24.14.0/out/Release/obj.target/v8_base_without_compiler/gen/torque-generated/src/builtins/typed-array-some-tq.o
  CXX(target) /Users/ziangwang/Sources/vibeos/target/node-runtime/fresh-57/source/node-v24.14.0/out/Release/obj.target/v8_base_without_compiler/gen/torque-generated/src/builtins/typed-array-sort-tq.o
  CXX(target) /Users/ziangwang/Sources/vibeos/target/node-runtime/fresh-57/source/node-v24.14.0/out/Release/obj.target/v8_base_without_compiler/gen/torque-generated/src/builtins/typed-array-subarray-tq.o
  CXX(target) /Users/ziangwang/Sources/vibeos/target/node-runtime/fresh-57/source/node-v24.14.0/out/Release/obj.target/v8_base_without_compiler/gen/torque-generated/src/builtins/typed-array-to-reversed-tq.o
  CXX(target) /Users/ziangwang/Sources/vibeos/target/node-runtime/fresh-57/source/node-v24.14.0/out/Release/obj.target/v8_base_without_compiler/gen/torque-generated/src/builtins/typed-array-to-sorted-tq.o
  CXX(target) /Users/ziangwang/Sources/vibeos/target/node-runtime/fresh-57/source/node-v24.14.0/out/Release/obj.target/v8_base_without_compiler/gen/torque-generated/src/builtins/typed-array-values-tq.o
  CXX(target) /Users/ziangwang/Sources/vibeos/target/node-runtime/fresh-57/source/node-v24.14.0/out/Release/obj.target/v8_base_without_compiler/gen/torque-generated/src/builtins/typed-array-with-tq.o
  CXX(target) /Users/ziangwang/Sources/vibeos/target/node-runtime/fresh-57/source/node-v24.14.0/out/Release/obj.target/v8_base_without_compiler/gen/torque-generated/src/builtins/typed-array-tq.o
  CXX(target) /Users/ziangwang/Sources/vibeos/target/node-runtime/fresh-57/source/node-v24.14.0/out/Release/obj.target/v8_base_without_compiler/gen/torque-generated/src/builtins/weak-ref-tq.o
  CXX(target) /Users/ziangwang/Sources/vibeos/target/node-runtime/fresh-57/source/node-v24.14.0/out/Release/obj.target/v8_base_without_compiler/gen/torque-generated/src/ic/handler-configuration-tq.o
  CXX(target) /Users/ziangwang/Sources/vibeos/target/node-runtime/fresh-57/source/node-v24.14.0/out/Release/obj.target/v8_base_without_compiler/gen/torque-generated/src/objects/allocation-site-tq.o
  CXX(target) /Users/ziangwang/Sources/vibeos/target/node-runtime/fresh-57/source/node-v24.14.0/out/Release/obj.target/v8_base_without_compiler/gen/torque-generated/src/objects/api-callbacks-tq.o
  CXX(target) /Users/ziangwang/Sources/vibeos/target/node-runtime/fresh-57/source/node-v24.14.0/out/Release/obj.target/v8_base_without_compiler/gen/torque-generated/src/objects/arguments-tq.o
  CXX(target) /Users/ziangwang/Sources/vibeos/target/node-runtime/fresh-57/source/node-v24.14.0/out/Release/obj.target/v8_base_without_compiler/gen/torque-generated/src/objects/bigint-tq.o
  CXX(target) /Users/ziangwang/Sources/vibeos/target/node-runtime/fresh-57/source/node-v24.14.0/out/Release/obj.target/v8_base_without_compiler/gen/torque-generated/src/objects/call-site-info-tq.o
  CXX(target) /Users/ziangwang/Sources/vibeos/target/node-runtime/fresh-57/source/node-v24.14.0/out/Release/obj.target/v8_base_without_compiler/gen/torque-generated/src/objects/cell-tq.o
  CXX(target) /Users/ziangwang/Sources/vibeos/target/node-runtime/fresh-57/source/node-v24.14.0/out/Release/obj.target/v8_base_without_compiler/gen/torque-generated/src/objects/bytecode-array-tq.o
  CXX(target) /Users/ziangwang/Sources/vibeos/target/node-runtime/fresh-57/source/node-v24.14.0/out/Release/obj.target/v8_base_without_compiler/gen/torque-generated/src/objects/contexts-tq.o
  CXX(target) /Users/ziangwang/Sources/vibeos/target/node-runtime/fresh-57/source/node-v24.14.0/out/Release/obj.target/v8_base_without_compiler/gen/torque-generated/src/objects/data-handler-tq.o
  CXX(target) /Users/ziangwang/Sources/vibeos/target/node-runtime/fresh-57/source/node-v24.14.0/out/Release/obj.target/v8_base_without_compiler/gen/torque-generated/src/objects/debug-objects-tq.o
  CXX(target) /Users/ziangwang/Sources/vibeos/target/node-runtime/fresh-57/source/node-v24.14.0/out/Release/obj.target/v8_base_without_compiler/gen/torque-generated/src/objects/descriptor-array-tq.o
  CXX(target) /Users/ziangwang/Sources/vibeos/target/node-runtime/fresh-57/source/node-v24.14.0/out/Release/obj.target/v8_base_without_compiler/gen/torque-generated/src/objects/embedder-data-array-tq.o
  CXX(target) /Users/ziangwang/Sources/vibeos/target/node-runtime/fresh-57/source/node-v24.14.0/out/Release/obj.target/v8_base_without_compiler/gen/torque-generated/src/objects/feedback-cell-tq.o
  CXX(target) /Users/ziangwang/Sources/vibeos/target/node-runtime/fresh-57/source/node-v24.14.0/out/Release/obj.target/v8_base_without_compiler/gen/torque-generated/src/objects/feedback-vector-tq.o
  CXX(target) /Users/ziangwang/Sources/vibeos/target/node-runtime/fresh-57/source/node-v24.14.0/out/Release/obj.target/v8_base_without_compiler/gen/torque-generated/src/objects/fixed-array-tq.o
  CXX(target) /Users/ziangwang/Sources/vibeos/target/node-runtime/fresh-57/source/node-v24.14.0/out/Release/obj.target/v8_base_without_compiler/gen/torque-generated/src/objects/foreign-tq.o
  CXX(target) /Users/ziangwang/Sources/vibeos/target/node-runtime/fresh-57/source/node-v24.14.0/out/Release/obj.target/v8_base_without_compiler/gen/torque-generated/src/objects/free-space-tq.o
  CXX(target) /Users/ziangwang/Sources/vibeos/target/node-runtime/fresh-57/source/node-v24.14.0/out/Release/obj.target/v8_base_without_compiler/gen/torque-generated/src/objects/heap-number-tq.o
  CXX(target) /Users/ziangwang/Sources/vibeos/target/node-runtime/fresh-57/source/node-v24.14.0/out/Release/obj.target/v8_base_without_compiler/gen/torque-generated/src/objects/heap-object-tq.o
  CXX(target) /Users/ziangwang/Sources/vibeos/target/node-runtime/fresh-57/source/node-v24.14.0/out/Release/obj.target/v8_base_without_compiler/gen/torque-generated/src/objects/js-array-buffer-tq.o
  CXX(target) /Users/ziangwang/Sources/vibeos/target/node-runtime/fresh-57/source/node-v24.14.0/out/Release/obj.target/v8_base_without_compiler/gen/torque-generated/src/objects/js-array-tq.o
  CXX(target) /Users/ziangwang/Sources/vibeos/target/node-runtime/fresh-57/source/node-v24.14.0/out/Release/obj.target/v8_base_without_compiler/gen/torque-generated/src/objects/js-atomics-synchronization-tq.o
  CXX(target) /Users/ziangwang/Sources/vibeos/target/node-runtime/fresh-57/source/node-v24.14.0/out/Release/obj.target/v8_base_without_compiler/gen/torque-generated/src/objects/js-collection-iterator-tq.o
  CXX(target) /Users/ziangwang/Sources/vibeos/target/node-runtime/fresh-57/source/node-v24.14.0/out/Release/obj.target/v8_base_without_compiler/gen/torque-generated/src/objects/js-collection-tq.o
  CXX(target) /Users/ziangwang/Sources/vibeos/target/node-runtime/fresh-57/source/node-v24.14.0/out/Release/obj.target/v8_base_without_compiler/gen/torque-generated/src/objects/js-disposable-stack-tq.o
  CXX(target) /Users/ziangwang/Sources/vibeos/target/node-runtime/fresh-57/source/node-v24.14.0/out/Release/obj.target/v8_base_without_compiler/gen/torque-generated/src/objects/js-function-tq.o
  CXX(target) /Users/ziangwang/Sources/vibeos/target/node-runtime/fresh-57/source/node-v24.14.0/out/Release/obj.target/v8_base_without_compiler/gen/torque-generated/src/objects/js-generator-tq.o
  CXX(target) /Users/ziangwang/Sources/vibeos/target/node-runtime/fresh-57/source/node-v24.14.0/out/Release/obj.target/v8_base_without_compiler/gen/torque-generated/src/objects/js-iterator-helpers-tq.o
  CXX(target) /Users/ziangwang/Sources/vibeos/target/node-runtime/fresh-57/source/node-v24.14.0/out/Release/obj.target/v8_base_without_compiler/gen/torque-generated/src/objects/js-objects-tq.o
  CXX(target) /Users/ziangwang/Sources/vibeos/target/node-runtime/fresh-57/source/node-v24.14.0/out/Release/obj.target/v8_base_without_compiler/gen/torque-generated/src/objects/js-promise-tq.o
  CXX(target) /Users/ziangwang/Sources/vibeos/target/node-runtime/fresh-57/source/node-v24.14.0/out/Release/obj.target/v8_base_without_compiler/gen/torque-generated/src/objects/js-proxy-tq.o
  CXX(target) /Users/ziangwang/Sources/vibeos/target/node-runtime/fresh-57/source/node-v24.14.0/out/Release/obj.target/v8_base_without_compiler/gen/torque-generated/src/objects/js-raw-json-tq.o
  CXX(target) /Users/ziangwang/Sources/vibeos/target/node-runtime/fresh-57/source/node-v24.14.0/out/Release/obj.target/v8_base_without_compiler/gen/torque-generated/src/objects/js-regexp-string-iterator-tq.o
  CXX(target) /Users/ziangwang/Sources/vibeos/target/node-runtime/fresh-57/source/node-v24.14.0/out/Release/obj.target/v8_base_without_compiler/gen/torque-generated/src/objects/js-regexp-tq.o
  CXX(target) /Users/ziangwang/Sources/vibeos/target/node-runtime/fresh-57/source/node-v24.14.0/out/Release/obj.target/v8_base_without_compiler/gen/torque-generated/src/objects/js-shadow-realm-tq.o
  CXX(target) /Users/ziangwang/Sources/vibeos/target/node-runtime/fresh-57/source/node-v24.14.0/out/Release/obj.target/v8_base_without_compiler/gen/torque-generated/src/objects/js-shared-array-tq.o
  CXX(target) /Users/ziangwang/Sources/vibeos/target/node-runtime/fresh-57/source/node-v24.14.0/out/Release/obj.target/v8_base_without_compiler/gen/torque-generated/src/objects/js-struct-tq.o
  CXX(target) /Users/ziangwang/Sources/vibeos/target/node-runtime/fresh-57/source/node-v24.14.0/out/Release/obj.target/v8_base_without_compiler/gen/torque-generated/src/objects/js-temporal-objects-tq.o
  CXX(target) /Users/ziangwang/Sources/vibeos/target/node-runtime/fresh-57/source/node-v24.14.0/out/Release/obj.target/v8_base_without_compiler/gen/torque-generated/src/objects/js-weak-refs-tq.o
  CXX(target) /Users/ziangwang/Sources/vibeos/target/node-runtime/fresh-57/source/node-v24.14.0/out/Release/obj.target/v8_base_without_compiler/gen/torque-generated/src/objects/literal-objects-tq.o
  CXX(target) /Users/ziangwang/Sources/vibeos/target/node-runtime/fresh-57/source/node-v24.14.0/out/Release/obj.target/v8_base_without_compiler/gen/torque-generated/src/objects/map-tq.o
  CXX(target) /Users/ziangwang/Sources/vibeos/target/node-runtime/fresh-57/source/node-v24.14.0/out/Release/obj.target/v8_base_without_compiler/gen/torque-generated/src/objects/megadom-handler-tq.o
  CXX(target) /Users/ziangwang/Sources/vibeos/target/node-runtime/fresh-57/source/node-v24.14.0/out/Release/obj.target/v8_base_without_compiler/gen/torque-generated/src/objects/microtask-tq.o
  CXX(target) /Users/ziangwang/Sources/vibeos/target/node-runtime/fresh-57/source/node-v24.14.0/out/Release/obj.target/v8_base_without_compiler/gen/torque-generated/src/objects/module-tq.o
  CXX(target) /Users/ziangwang/Sources/vibeos/target/node-runtime/fresh-57/source/node-v24.14.0/out/Release/obj.target/v8_base_without_compiler/gen/torque-generated/src/objects/name-tq.o
  CXX(target) /Users/ziangwang/Sources/vibeos/target/node-runtime/fresh-57/source/node-v24.14.0/out/Release/obj.target/v8_base_without_compiler/gen/torque-generated/src/objects/oddball-tq.o
  CXX(target) /Users/ziangwang/Sources/vibeos/target/node-runtime/fresh-57/source/node-v24.14.0/out/Release/obj.target/v8_base_without_compiler/gen/torque-generated/src/objects/hole-tq.o
  CXX(target) /Users/ziangwang/Sources/vibeos/target/node-runtime/fresh-57/source/node-v24.14.0/out/Release/obj.target/v8_base_without_compiler/gen/torque-generated/src/objects/trusted-object-tq.o
  CXX(target) /Users/ziangwang/Sources/vibeos/target/node-runtime/fresh-57/source/node-v24.14.0/out/Release/obj.target/v8_base_without_compiler/gen/torque-generated/src/objects/ordered-hash-table-tq.o
  CXX(target) /Users/ziangwang/Sources/vibeos/target/node-runtime/fresh-57/source/node-v24.14.0/out/Release/obj.target/v8_base_without_compiler/gen/torque-generated/src/objects/primitive-heap-object-tq.o
  CXX(target) /Users/ziangwang/Sources/vibeos/target/node-runtime/fresh-57/source/node-v24.14.0/out/Release/obj.target/v8_base_without_compiler/gen/torque-generated/src/objects/promise-tq.o
  CXX(target) /Users/ziangwang/Sources/vibeos/target/node-runtime/fresh-57/source/node-v24.14.0/out/Release/obj.target/v8_base_without_compiler/gen/torque-generated/src/objects/property-array-tq.o
  CXX(target) /Users/ziangwang/Sources/vibeos/target/node-runtime/fresh-57/source/node-v24.14.0/out/Release/obj.target/v8_base_without_compiler/gen/torque-generated/src/objects/property-cell-tq.o
  CXX(target) /Users/ziangwang/Sources/vibeos/target/node-runtime/fresh-57/source/node-v24.14.0/out/Release/obj.target/v8_base_without_compiler/gen/torque-generated/src/objects/property-descriptor-object-tq.o
  CXX(target) /Users/ziangwang/Sources/vibeos/target/node-runtime/fresh-57/source/node-v24.14.0/out/Release/obj.target/v8_base_without_compiler/gen/torque-generated/src/objects/prototype-info-tq.o
  CXX(target) /Users/ziangwang/Sources/vibeos/target/node-runtime/fresh-57/source/node-v24.14.0/out/Release/obj.target/v8_base_without_compiler/gen/torque-generated/src/objects/regexp-match-info-tq.o
  CXX(target) /Users/ziangwang/Sources/vibeos/target/node-runtime/fresh-57/source/node-v24.14.0/out/Release/obj.target/v8_base_without_compiler/gen/torque-generated/src/objects/scope-info-tq.o
  CXX(target) /Users/ziangwang/Sources/vibeos/target/node-runtime/fresh-57/source/node-v24.14.0/out/Release/obj.target/v8_base_without_compiler/gen/torque-generated/src/objects/script-tq.o
  CXX(target) /Users/ziangwang/Sources/vibeos/target/node-runtime/fresh-57/source/node-v24.14.0/out/Release/obj.target/v8_base_without_compiler/gen/torque-generated/src/objects/shared-function-info-tq.o
  CXX(target) /Users/ziangwang/Sources/vibeos/target/node-runtime/fresh-57/source/node-v24.14.0/out/Release/obj.target/v8_base_without_compiler/gen/torque-generated/src/objects/source-text-module-tq.o
  CXX(target) /Users/ziangwang/Sources/vibeos/target/node-runtime/fresh-57/source/node-v24.14.0/out/Release/obj.target/v8_base_without_compiler/gen/torque-generated/src/objects/string-tq.o
  CXX(target) /Users/ziangwang/Sources/vibeos/target/node-runtime/fresh-57/source/node-v24.14.0/out/Release/obj.target/v8_base_without_compiler/gen/torque-generated/src/objects/struct-tq.o
  CXX(target) /Users/ziangwang/Sources/vibeos/target/node-runtime/fresh-57/source/node-v24.14.0/out/Release/obj.target/v8_base_without_compiler/gen/torque-generated/src/objects/swiss-hash-table-helpers-tq.o
  CXX(target) /Users/ziangwang/Sources/vibeos/target/node-runtime/fresh-57/source/node-v24.14.0/out/Release/obj.target/v8_base_without_compiler/gen/torque-generated/src/objects/swiss-name-dictionary-tq.o
  CXX(target) /Users/ziangwang/Sources/vibeos/target/node-runtime/fresh-57/source/node-v24.14.0/out/Release/obj.target/v8_base_without_compiler/gen/torque-generated/src/objects/synthetic-module-tq.o
  CXX(target) /Users/ziangwang/Sources/vibeos/target/node-runtime/fresh-57/source/node-v24.14.0/out/Release/obj.target/v8_base_without_compiler/gen/torque-generated/src/objects/template-objects-tq.o
  CXX(target) /Users/ziangwang/Sources/vibeos/target/node-runtime/fresh-57/source/node-v24.14.0/out/Release/obj.target/v8_base_without_compiler/gen/torque-generated/src/objects/templates-tq.o
  CXX(target) /Users/ziangwang/Sources/vibeos/target/node-runtime/fresh-57/source/node-v24.14.0/out/Release/obj.target/v8_base_without_compiler/gen/torque-generated/src/objects/torque-defined-classes-tq.o
  CXX(target) /Users/ziangwang/Sources/vibeos/target/node-runtime/fresh-57/source/node-v24.14.0/out/Release/obj.target/v8_base_without_compiler/gen/torque-generated/src/objects/turbofan-types-tq.o
  CXX(target) /Users/ziangwang/Sources/vibeos/target/node-runtime/fresh-57/source/node-v24.14.0/out/Release/obj.target/v8_base_without_compiler/gen/torque-generated/src/objects/turboshaft-types-tq.o
  CXX(target) /Users/ziangwang/Sources/vibeos/target/node-runtime/fresh-57/source/node-v24.14.0/out/Release/obj.target/v8_base_without_compiler/gen/torque-generated/test/torque/test-torque-tq.o
  CXX(target) /Users/ziangwang/Sources/vibeos/target/node-runtime/fresh-57/source/node-v24.14.0/out/Release/obj.target/v8_base_without_compiler/gen/torque-generated/third_party/v8/builtins/array-sort-tq.o
  CXX(target) /Users/ziangwang/Sources/vibeos/target/node-runtime/fresh-57/source/node-v24.14.0/out/Release/obj.target/v8_base_without_compiler/deps/v8/src/bigint/bigint-internal.o
  CXX(target) /Users/ziangwang/Sources/vibeos/target/node-runtime/fresh-57/source/node-v24.14.0/out/Release/obj.target/v8_base_without_compiler/deps/v8/src/bigint/bitwise.o
  CXX(target) /Users/ziangwang/Sources/vibeos/target/node-runtime/fresh-57/source/node-v24.14.0/out/Release/obj.target/v8_base_without_compiler/deps/v8/src/bigint/div-burnikel.o
  CXX(target) /Users/ziangwang/Sources/vibeos/target/node-runtime/fresh-57/source/node-v24.14.0/out/Release/obj.target/v8_base_without_compiler/deps/v8/src/bigint/div-helpers.o
  CXX(target) /Users/ziangwang/Sources/vibeos/target/node-runtime/fresh-57/source/node-v24.14.0/out/Release/obj.target/v8_base_without_compiler/deps/v8/src/bigint/div-schoolbook.o
  CXX(target) /Users/ziangwang/Sources/vibeos/target/node-runtime/fresh-57/source/node-v24.14.0/out/Release/obj.target/v8_base_without_compiler/deps/v8/src/bigint/fromstring.o
  CXX(target) /Users/ziangwang/Sources/vibeos/target/node-runtime/fresh-57/source/node-v24.14.0/out/Release/obj.target/v8_base_without_compiler/deps/v8/src/bigint/mul-karatsuba.o
  CXX(target) /Users/ziangwang/Sources/vibeos/target/node-runtime/fresh-57/source/node-v24.14.0/out/Release/obj.target/v8_base_without_compiler/deps/v8/src/bigint/mul-schoolbook.o
  CXX(target) /Users/ziangwang/Sources/vibeos/target/node-runtime/fresh-57/source/node-v24.14.0/out/Release/obj.target/v8_base_without_compiler/deps/v8/src/bigint/tostring.o
  CXX(target) /Users/ziangwang/Sources/vibeos/target/node-runtime/fresh-57/source/node-v24.14.0/out/Release/obj.target/v8_base_without_compiler/deps/v8/src/bigint/vector-arithmetic.o
  CXX(target) /Users/ziangwang/Sources/vibeos/target/node-runtime/fresh-57/source/node-v24.14.0/out/Release/obj.target/v8_base_without_compiler/deps/v8/src/bigint/div-barrett.o
  CXX(target) /Users/ziangwang/Sources/vibeos/target/node-runtime/fresh-57/source/node-v24.14.0/out/Release/obj.target/v8_base_without_compiler/deps/v8/src/bigint/mul-fft.o
  CXX(target) /Users/ziangwang/Sources/vibeos/target/node-runtime/fresh-57/source/node-v24.14.0/out/Release/obj.target/v8_base_without_compiler/deps/v8/src/bigint/mul-toom.o
  CXX(target) /Users/ziangwang/Sources/vibeos/target/node-runtime/fresh-57/source/node-v24.14.0/out/Release/obj.target/v8_base_without_compiler/deps/v8/src/heap/base/active-system-pages.o
  CXX(target) /Users/ziangwang/Sources/vibeos/target/node-runtime/fresh-57/source/node-v24.14.0/out/Release/obj.target/v8_base_without_compiler/deps/v8/src/heap/base/incremental-marking-schedule.o
  CXX(target) /Users/ziangwang/Sources/vibeos/target/node-runtime/fresh-57/source/node-v24.14.0/out/Release/obj.target/v8_base_without_compiler/deps/v8/src/heap/base/memory-tagging.o
  CXX(target) /Users/ziangwang/Sources/vibeos/target/node-runtime/fresh-57/source/node-v24.14.0/out/Release/obj.target/v8_base_without_compiler/deps/v8/src/heap/base/stack.o
  CXX(target) /Users/ziangwang/Sources/vibeos/target/node-runtime/fresh-57/source/node-v24.14.0/out/Release/obj.target/v8_base_without_compiler/deps/v8/src/heap/base/worklist.o
  CXX(target) /Users/ziangwang/Sources/vibeos/target/node-runtime/fresh-57/source/node-v24.14.0/out/Release/obj.target/v8_base_without_compiler/deps/v8/src/heap/base/asm/riscv/push_registers_asm.o
  CXX(target) /Users/ziangwang/Sources/vibeos/target/node-runtime/fresh-57/source/node-v24.14.0/out/Release/obj.target/v8_base_without_compiler/deps/v8/src/heap/cppgc/allocation.o
  CXX(target) /Users/ziangwang/Sources/vibeos/target/node-runtime/fresh-57/source/node-v24.14.0/out/Release/obj.target/v8_base_without_compiler/deps/v8/src/heap/cppgc/compaction-worklists.o
  CXX(target) /Users/ziangwang/Sources/vibeos/target/node-runtime/fresh-57/source/node-v24.14.0/out/Release/obj.target/v8_base_without_compiler/deps/v8/src/heap/cppgc/compactor.o
  CXX(target) /Users/ziangwang/Sources/vibeos/target/node-runtime/fresh-57/source/node-v24.14.0/out/Release/obj.target/v8_base_without_compiler/deps/v8/src/heap/cppgc/concurrent-marker.o
  CXX(target) /Users/ziangwang/Sources/vibeos/target/node-runtime/fresh-57/source/node-v24.14.0/out/Release/obj.target/v8_base_without_compiler/deps/v8/src/heap/cppgc/explicit-management.o
  CXX(target) /Users/ziangwang/Sources/vibeos/target/node-runtime/fresh-57/source/node-v24.14.0/out/Release/obj.target/v8_base_without_compiler/deps/v8/src/heap/cppgc/free-list.o
  CXX(target) /Users/ziangwang/Sources/vibeos/target/node-runtime/fresh-57/source/node-v24.14.0/out/Release/obj.target/v8_base_without_compiler/deps/v8/src/heap/cppgc/gc-info-table.o
  CXX(target) /Users/ziangwang/Sources/vibeos/target/node-runtime/fresh-57/source/node-v24.14.0/out/Release/obj.target/v8_base_without_compiler/deps/v8/src/heap/cppgc/gc-info.o
  CXX(target) /Users/ziangwang/Sources/vibeos/target/node-runtime/fresh-57/source/node-v24.14.0/out/Release/obj.target/v8_base_without_compiler/deps/v8/src/heap/cppgc/gc-invoker.o
  CXX(target) /Users/ziangwang/Sources/vibeos/target/node-runtime/fresh-57/source/node-v24.14.0/out/Release/obj.target/v8_base_without_compiler/deps/v8/src/heap/cppgc/heap-base.o
  CXX(target) /Users/ziangwang/Sources/vibeos/target/node-runtime/fresh-57/source/node-v24.14.0/out/Release/obj.target/v8_base_without_compiler/deps/v8/src/heap/cppgc/heap-consistency.o
  CXX(target) /Users/ziangwang/Sources/vibeos/target/node-runtime/fresh-57/source/node-v24.14.0/out/Release/obj.target/v8_base_without_compiler/deps/v8/src/heap/cppgc/heap-growing.o
  CXX(target) /Users/ziangwang/Sources/vibeos/target/node-runtime/fresh-57/source/node-v24.14.0/out/Release/obj.target/v8_base_without_compiler/deps/v8/src/heap/cppgc/heap-object-header.o
  CXX(target) /Users/ziangwang/Sources/vibeos/target/node-runtime/fresh-57/source/node-v24.14.0/out/Release/obj.target/v8_base_without_compiler/deps/v8/src/heap/cppgc/heap-page.o
  CXX(target) /Users/ziangwang/Sources/vibeos/target/node-runtime/fresh-57/source/node-v24.14.0/out/Release/obj.target/v8_base_without_compiler/deps/v8/src/heap/cppgc/heap-space.o
  CXX(target) /Users/ziangwang/Sources/vibeos/target/node-runtime/fresh-57/source/node-v24.14.0/out/Release/obj.target/v8_base_without_compiler/deps/v8/src/heap/cppgc/heap-state.o
  CXX(target) /Users/ziangwang/Sources/vibeos/target/node-runtime/fresh-57/source/node-v24.14.0/out/Release/obj.target/v8_base_without_compiler/deps/v8/src/heap/cppgc/heap-statistics-collector.o
  CXX(target) /Users/ziangwang/Sources/vibeos/target/node-runtime/fresh-57/source/node-v24.14.0/out/Release/obj.target/v8_base_without_compiler/deps/v8/src/heap/cppgc/heap.o
  CXX(target) /Users/ziangwang/Sources/vibeos/target/node-runtime/fresh-57/source/node-v24.14.0/out/Release/obj.target/v8_base_without_compiler/deps/v8/src/heap/cppgc/liveness-broker.o
  CXX(target) /Users/ziangwang/Sources/vibeos/target/node-runtime/fresh-57/source/node-v24.14.0/out/Release/obj.target/v8_base_without_compiler/deps/v8/src/heap/cppgc/logging.o
  CXX(target) /Users/ziangwang/Sources/vibeos/target/node-runtime/fresh-57/source/node-v24.14.0/out/Release/obj.target/v8_base_without_compiler/deps/v8/src/heap/cppgc/marker.o
  CXX(target) /Users/ziangwang/Sources/vibeos/target/node-runtime/fresh-57/source/node-v24.14.0/out/Release/obj.target/v8_base_without_compiler/deps/v8/src/heap/cppgc/marking-state.o
  CXX(target) /Users/ziangwang/Sources/vibeos/target/node-runtime/fresh-57/source/node-v24.14.0/out/Release/obj.target/v8_base_without_compiler/deps/v8/src/heap/cppgc/marking-verifier.o
  CXX(target) /Users/ziangwang/Sources/vibeos/target/node-runtime/fresh-57/source/node-v24.14.0/out/Release/obj.target/v8_base_without_compiler/deps/v8/src/heap/cppgc/marking-visitor.o
  CXX(target) /Users/ziangwang/Sources/vibeos/target/node-runtime/fresh-57/source/node-v24.14.0/out/Release/obj.target/v8_base_without_compiler/deps/v8/src/heap/cppgc/marking-worklists.o
  CXX(target) /Users/ziangwang/Sources/vibeos/target/node-runtime/fresh-57/source/node-v24.14.0/out/Release/obj.target/v8_base_without_compiler/deps/v8/src/heap/cppgc/member-storage.o
  CXX(target) /Users/ziangwang/Sources/vibeos/target/node-runtime/fresh-57/source/node-v24.14.0/out/Release/obj.target/v8_base_without_compiler/deps/v8/src/heap/cppgc/memory.o
  CXX(target) /Users/ziangwang/Sources/vibeos/target/node-runtime/fresh-57/source/node-v24.14.0/out/Release/obj.target/v8_base_without_compiler/deps/v8/src/heap/cppgc/name-trait.o
  CXX(target) /Users/ziangwang/Sources/vibeos/target/node-runtime/fresh-57/source/node-v24.14.0/out/Release/obj.target/v8_base_without_compiler/deps/v8/src/heap/cppgc/object-allocator.o
  CXX(target) /Users/ziangwang/Sources/vibeos/target/node-runtime/fresh-57/source/node-v24.14.0/out/Release/obj.target/v8_base_without_compiler/deps/v8/src/heap/cppgc/object-size-trait.o
  CXX(target) /Users/ziangwang/Sources/vibeos/target/node-runtime/fresh-57/source/node-v24.14.0/out/Release/obj.target/v8_base_without_compiler/deps/v8/src/heap/cppgc/page-memory.o
  CXX(target) /Users/ziangwang/Sources/vibeos/target/node-runtime/fresh-57/source/node-v24.14.0/out/Release/obj.target/v8_base_without_compiler/deps/v8/src/heap/cppgc/persistent-node.o
  CXX(target) /Users/ziangwang/Sources/vibeos/target/node-runtime/fresh-57/source/node-v24.14.0/out/Release/obj.target/v8_base_without_compiler/deps/v8/src/heap/cppgc/platform.o
  CXX(target) /Users/ziangwang/Sources/vibeos/target/node-runtime/fresh-57/source/node-v24.14.0/out/Release/obj.target/v8_base_without_compiler/deps/v8/src/heap/cppgc/pointer-policies.o
  CXX(target) /Users/ziangwang/Sources/vibeos/target/node-runtime/fresh-57/source/node-v24.14.0/out/Release/obj.target/v8_base_without_compiler/deps/v8/src/heap/cppgc/prefinalizer-handler.o
  CXX(target) /Users/ziangwang/Sources/vibeos/target/node-runtime/fresh-57/source/node-v24.14.0/out/Release/obj.target/v8_base_without_compiler/deps/v8/src/heap/cppgc/process-heap-statistics.o
  CXX(target) /Users/ziangwang/Sources/vibeos/target/node-runtime/fresh-57/source/node-v24.14.0/out/Release/obj.target/v8_base_without_compiler/deps/v8/src/heap/cppgc/process-heap.o
  CXX(target) /Users/ziangwang/Sources/vibeos/target/node-runtime/fresh-57/source/node-v24.14.0/out/Release/obj.target/v8_base_without_compiler/deps/v8/src/heap/cppgc/raw-heap.o
  CXX(target) /Users/ziangwang/Sources/vibeos/target/node-runtime/fresh-57/source/node-v24.14.0/out/Release/obj.target/v8_base_without_compiler/deps/v8/src/heap/cppgc/remembered-set.o
  CXX(target) /Users/ziangwang/Sources/vibeos/target/node-runtime/fresh-57/source/node-v24.14.0/out/Release/obj.target/v8_base_without_compiler/deps/v8/src/heap/cppgc/stats-collector.o
  CXX(target) /Users/ziangwang/Sources/vibeos/target/node-runtime/fresh-57/source/node-v24.14.0/out/Release/obj.target/v8_base_without_compiler/deps/v8/src/heap/cppgc/sweeper.o
  CXX(target) /Users/ziangwang/Sources/vibeos/target/node-runtime/fresh-57/source/node-v24.14.0/out/Release/obj.target/v8_base_without_compiler/deps/v8/src/heap/cppgc/testing.o
  CXX(target) /Users/ziangwang/Sources/vibeos/target/node-runtime/fresh-57/source/node-v24.14.0/out/Release/obj.target/v8_base_without_compiler/deps/v8/src/heap/cppgc/trace-trait.o
  CXX(target) /Users/ziangwang/Sources/vibeos/target/node-runtime/fresh-57/source/node-v24.14.0/out/Release/obj.target/v8_base_without_compiler/deps/v8/src/heap/cppgc/virtual-memory.o
  CXX(target) /Users/ziangwang/Sources/vibeos/target/node-runtime/fresh-57/source/node-v24.14.0/out/Release/obj.target/v8_base_without_compiler/deps/v8/src/heap/cppgc/visitor.o
  CXX(target) /Users/ziangwang/Sources/vibeos/target/node-runtime/fresh-57/source/node-v24.14.0/out/Release/obj.target/v8_base_without_compiler/deps/v8/src/heap/cppgc/write-barrier.o
  CXX(target) /Users/ziangwang/Sources/vibeos/target/node-runtime/fresh-57/source/node-v24.14.0/out/Release/obj.target/v8_base_without_compiler/gen/debug-support.o
  CXX(host) /Users/ziangwang/Sources/vibeos/target/node-runtime/fresh-57/source/node-v24.14.0/out/Release/obj.host/v8_base_without_compiler/deps/v8/src/api/api-arguments.o
  CXX(host) /Users/ziangwang/Sources/vibeos/target/node-runtime/fresh-57/source/node-v24.14.0/out/Release/obj.host/v8_base_without_compiler/deps/v8/src/api/api-natives.o
  CXX(host) /Users/ziangwang/Sources/vibeos/target/node-runtime/fresh-57/source/node-v24.14.0/out/Release/obj.host/v8_base_without_compiler/deps/v8/src/api/api.o
  CXX(host) /Users/ziangwang/Sources/vibeos/target/node-runtime/fresh-57/source/node-v24.14.0/out/Release/obj.host/v8_base_without_compiler/deps/v8/src/ast/ast-function-literal-id-reindexer.o
  CXX(host) /Users/ziangwang/Sources/vibeos/target/node-runtime/fresh-57/source/node-v24.14.0/out/Release/obj.host/v8_base_without_compiler/deps/v8/src/ast/ast-value-factory.o
  CXX(host) /Users/ziangwang/Sources/vibeos/target/node-runtime/fresh-57/source/node-v24.14.0/out/Release/obj.host/v8_base_without_compiler/deps/v8/src/ast/ast.o
  CXX(host) /Users/ziangwang/Sources/vibeos/target/node-runtime/fresh-57/source/node-v24.14.0/out/Release/obj.host/v8_base_without_compiler/deps/v8/src/ast/modules.o
  CXX(host) /Users/ziangwang/Sources/vibeos/target/node-runtime/fresh-57/source/node-v24.14.0/out/Release/obj.host/v8_base_without_compiler/deps/v8/src/ast/prettyprinter.o
  CXX(host) /Users/ziangwang/Sources/vibeos/target/node-runtime/fresh-57/source/node-v24.14.0/out/Release/obj.host/v8_base_without_compiler/deps/v8/src/ast/scopes.o
  CXX(host) /Users/ziangwang/Sources/vibeos/target/node-runtime/fresh-57/source/node-v24.14.0/out/Release/obj.host/v8_base_without_compiler/deps/v8/src/ast/source-range-ast-visitor.o
  CXX(host) /Users/ziangwang/Sources/vibeos/target/node-runtime/fresh-57/source/node-v24.14.0/out/Release/obj.host/v8_base_without_compiler/deps/v8/src/ast/variables.o
  CXX(host) /Users/ziangwang/Sources/vibeos/target/node-runtime/fresh-57/source/node-v24.14.0/out/Release/obj.host/v8_base_without_compiler/deps/v8/src/baseline/baseline.o
  CXX(host) /Users/ziangwang/Sources/vibeos/target/node-runtime/fresh-57/source/node-v24.14.0/out/Release/obj.host/v8_base_without_compiler/deps/v8/src/baseline/bytecode-offset-iterator.o
  CXX(host) /Users/ziangwang/Sources/vibeos/target/node-runtime/fresh-57/source/node-v24.14.0/out/Release/obj.host/v8_base_without_compiler/deps/v8/src/builtins/accessors.o
  CXX(host) /Users/ziangwang/Sources/vibeos/target/node-runtime/fresh-57/source/node-v24.14.0/out/Release/obj.host/v8_base_without_compiler/deps/v8/src/builtins/builtins-abstract-module-source.o
  CXX(host) /Users/ziangwang/Sources/vibeos/target/node-runtime/fresh-57/source/node-v24.14.0/out/Release/obj.host/v8_base_without_compiler/deps/v8/src/builtins/builtins-api.o
  CXX(host) /Users/ziangwang/Sources/vibeos/target/node-runtime/fresh-57/source/node-v24.14.0/out/Release/obj.host/v8_base_without_compiler/deps/v8/src/builtins/builtins-array.o
  CXX(host) /Users/ziangwang/Sources/vibeos/target/node-runtime/fresh-57/source/node-v24.14.0/out/Release/obj.host/v8_base_without_compiler/deps/v8/src/builtins/builtins-arraybuffer.o
  CXX(host) /Users/ziangwang/Sources/vibeos/target/node-runtime/fresh-57/source/node-v24.14.0/out/Release/obj.host/v8_base_without_compiler/deps/v8/src/builtins/builtins-async-disposable-stack.o
  CXX(host) /Users/ziangwang/Sources/vibeos/target/node-runtime/fresh-57/source/node-v24.14.0/out/Release/obj.host/v8_base_without_compiler/deps/v8/src/builtins/builtins-async-module.o
  CXX(host) /Users/ziangwang/Sources/vibeos/target/node-runtime/fresh-57/source/node-v24.14.0/out/Release/obj.host/v8_base_without_compiler/deps/v8/src/builtins/builtins-atomics-synchronization.o
  CXX(host) /Users/ziangwang/Sources/vibeos/target/node-runtime/fresh-57/source/node-v24.14.0/out/Release/obj.host/v8_base_without_compiler/deps/v8/src/builtins/builtins-bigint.o
  CXX(host) /Users/ziangwang/Sources/vibeos/target/node-runtime/fresh-57/source/node-v24.14.0/out/Release/obj.host/v8_base_without_compiler/deps/v8/src/builtins/builtins-callsite.o
  CXX(host) /Users/ziangwang/Sources/vibeos/target/node-runtime/fresh-57/source/node-v24.14.0/out/Release/obj.host/v8_base_without_compiler/deps/v8/src/builtins/builtins-collections.o
  CXX(host) /Users/ziangwang/Sources/vibeos/target/node-runtime/fresh-57/source/node-v24.14.0/out/Release/obj.host/v8_base_without_compiler/deps/v8/src/builtins/builtins-console.o
  CXX(host) /Users/ziangwang/Sources/vibeos/target/node-runtime/fresh-57/source/node-v24.14.0/out/Release/obj.host/v8_base_without_compiler/deps/v8/src/builtins/builtins-dataview.o
  CXX(host) /Users/ziangwang/Sources/vibeos/target/node-runtime/fresh-57/source/node-v24.14.0/out/Release/obj.host/v8_base_without_compiler/deps/v8/src/builtins/builtins-date.o
  CXX(host) /Users/ziangwang/Sources/vibeos/target/node-runtime/fresh-57/source/node-v24.14.0/out/Release/obj.host/v8_base_without_compiler/deps/v8/src/builtins/builtins-disposable-stack.o
  CXX(host) /Users/ziangwang/Sources/vibeos/target/node-runtime/fresh-57/source/node-v24.14.0/out/Release/obj.host/v8_base_without_compiler/deps/v8/src/builtins/builtins-error.o
  CXX(host) /Users/ziangwang/Sources/vibeos/target/node-runtime/fresh-57/source/node-v24.14.0/out/Release/obj.host/v8_base_without_compiler/deps/v8/src/builtins/builtins-function.o
  CXX(host) /Users/ziangwang/Sources/vibeos/target/node-runtime/fresh-57/source/node-v24.14.0/out/Release/obj.host/v8_base_without_compiler/deps/v8/src/builtins/builtins-global.o
  CXX(host) /Users/ziangwang/Sources/vibeos/target/node-runtime/fresh-57/source/node-v24.14.0/out/Release/obj.host/v8_base_without_compiler/deps/v8/src/builtins/builtins-internal.o
  CXX(host) /Users/ziangwang/Sources/vibeos/target/node-runtime/fresh-57/source/node-v24.14.0/out/Release/obj.host/v8_base_without_compiler/deps/v8/src/builtins/builtins-json.o
  CXX(host) /Users/ziangwang/Sources/vibeos/target/node-runtime/fresh-57/source/node-v24.14.0/out/Release/obj.host/v8_base_without_compiler/deps/v8/src/builtins/builtins-number.o
  CXX(host) /Users/ziangwang/Sources/vibeos/target/node-runtime/fresh-57/source/node-v24.14.0/out/Release/obj.host/v8_base_without_compiler/deps/v8/src/builtins/builtins-object.o
  CXX(host) /Users/ziangwang/Sources/vibeos/target/node-runtime/fresh-57/source/node-v24.14.0/out/Release/obj.host/v8_base_without_compiler/deps/v8/src/builtins/builtins-reflect.o
  CXX(host) /Users/ziangwang/Sources/vibeos/target/node-runtime/fresh-57/source/node-v24.14.0/out/Release/obj.host/v8_base_without_compiler/deps/v8/src/builtins/builtins-regexp.o
  CXX(host) /Users/ziangwang/Sources/vibeos/target/node-runtime/fresh-57/source/node-v24.14.0/out/Release/obj.host/v8_base_without_compiler/deps/v8/src/builtins/builtins-shadow-realm.o
  CXX(host) /Users/ziangwang/Sources/vibeos/target/node-runtime/fresh-57/source/node-v24.14.0/out/Release/obj.host/v8_base_without_compiler/deps/v8/src/builtins/builtins-shared-array.o
  CXX(host) /Users/ziangwang/Sources/vibeos/target/node-runtime/fresh-57/source/node-v24.14.0/out/Release/obj.host/v8_base_without_compiler/deps/v8/src/builtins/builtins-sharedarraybuffer.o
  CXX(host) /Users/ziangwang/Sources/vibeos/target/node-runtime/fresh-57/source/node-v24.14.0/out/Release/obj.host/v8_base_without_compiler/deps/v8/src/builtins/builtins-string.o
  CXX(host) /Users/ziangwang/Sources/vibeos/target/node-runtime/fresh-57/source/node-v24.14.0/out/Release/obj.host/v8_base_without_compiler/deps/v8/src/builtins/builtins-struct.o
  CXX(host) /Users/ziangwang/Sources/vibeos/target/node-runtime/fresh-57/source/node-v24.14.0/out/Release/obj.host/v8_base_without_compiler/deps/v8/src/builtins/builtins-symbol.o
  CXX(host) /Users/ziangwang/Sources/vibeos/target/node-runtime/fresh-57/source/node-v24.14.0/out/Release/obj.host/v8_base_without_compiler/deps/v8/src/builtins/builtins-temporal.o
  CXX(host) /Users/ziangwang/Sources/vibeos/target/node-runtime/fresh-57/source/node-v24.14.0/out/Release/obj.host/v8_base_without_compiler/deps/v8/src/builtins/builtins-trace.o
  CXX(host) /Users/ziangwang/Sources/vibeos/target/node-runtime/fresh-57/source/node-v24.14.0/out/Release/obj.host/v8_base_without_compiler/deps/v8/src/builtins/builtins-typed-array.o
  CXX(host) /Users/ziangwang/Sources/vibeos/target/node-runtime/fresh-57/source/node-v24.14.0/out/Release/obj.host/v8_base_without_compiler/deps/v8/src/builtins/builtins-weak-refs.o
  CXX(host) /Users/ziangwang/Sources/vibeos/target/node-runtime/fresh-57/source/node-v24.14.0/out/Release/obj.host/v8_base_without_compiler/deps/v8/src/builtins/builtins.o
  CXX(host) /Users/ziangwang/Sources/vibeos/target/node-runtime/fresh-57/source/node-v24.14.0/out/Release/obj.host/v8_base_without_compiler/deps/v8/src/builtins/constants-table-builder.o
  CXX(host) /Users/ziangwang/Sources/vibeos/target/node-runtime/fresh-57/source/node-v24.14.0/out/Release/obj.host/v8_base_without_compiler/deps/v8/src/codegen/aligned-slot-allocator.o
  CXX(host) /Users/ziangwang/Sources/vibeos/target/node-runtime/fresh-57/source/node-v24.14.0/out/Release/obj.host/v8_base_without_compiler/deps/v8/src/codegen/assembler.o
  CXX(host) /Users/ziangwang/Sources/vibeos/target/node-runtime/fresh-57/source/node-v24.14.0/out/Release/obj.host/v8_base_without_compiler/deps/v8/src/codegen/bailout-reason.o
  CXX(host) /Users/ziangwang/Sources/vibeos/target/node-runtime/fresh-57/source/node-v24.14.0/out/Release/obj.host/v8_base_without_compiler/deps/v8/src/codegen/code-comments.o
  CXX(host) /Users/ziangwang/Sources/vibeos/target/node-runtime/fresh-57/source/node-v24.14.0/out/Release/obj.host/v8_base_without_compiler/deps/v8/src/codegen/code-desc.o
  CXX(host) /Users/ziangwang/Sources/vibeos/target/node-runtime/fresh-57/source/node-v24.14.0/out/Release/obj.host/v8_base_without_compiler/deps/v8/src/codegen/code-factory.o
  CXX(host) /Users/ziangwang/Sources/vibeos/target/node-runtime/fresh-57/source/node-v24.14.0/out/Release/obj.host/v8_base_without_compiler/deps/v8/src/codegen/code-reference.o
  CXX(host) /Users/ziangwang/Sources/vibeos/target/node-runtime/fresh-57/source/node-v24.14.0/out/Release/obj.host/v8_base_without_compiler/deps/v8/src/codegen/compilation-cache.o
  CXX(host) /Users/ziangwang/Sources/vibeos/target/node-runtime/fresh-57/source/node-v24.14.0/out/Release/obj.host/v8_base_without_compiler/deps/v8/src/codegen/compiler.o
  CXX(host) /Users/ziangwang/Sources/vibeos/target/node-runtime/fresh-57/source/node-v24.14.0/out/Release/obj.host/v8_base_without_compiler/deps/v8/src/codegen/constant-pool.o
  CXX(host) /Users/ziangwang/Sources/vibeos/target/node-runtime/fresh-57/source/node-v24.14.0/out/Release/obj.host/v8_base_without_compiler/deps/v8/src/codegen/external-reference-encoder.o
  CXX(host) /Users/ziangwang/Sources/vibeos/target/node-runtime/fresh-57/source/node-v24.14.0/out/Release/obj.host/v8_base_without_compiler/deps/v8/src/codegen/external-reference-table.o
  CXX(host) /Users/ziangwang/Sources/vibeos/target/node-runtime/fresh-57/source/node-v24.14.0/out/Release/obj.host/v8_base_without_compiler/deps/v8/src/codegen/external-reference.o
  CXX(host) /Users/ziangwang/Sources/vibeos/target/node-runtime/fresh-57/source/node-v24.14.0/out/Release/obj.host/v8_base_without_compiler/deps/v8/src/codegen/flush-instruction-cache.o
  CXX(host) /Users/ziangwang/Sources/vibeos/target/node-runtime/fresh-57/source/node-v24.14.0/out/Release/obj.host/v8_base_without_compiler/deps/v8/src/codegen/handler-table.o
  CXX(host) /Users/ziangwang/Sources/vibeos/target/node-runtime/fresh-57/source/node-v24.14.0/out/Release/obj.host/v8_base_without_compiler/deps/v8/src/codegen/interface-descriptors.o
  CXX(host) /Users/ziangwang/Sources/vibeos/target/node-runtime/fresh-57/source/node-v24.14.0/out/Release/obj.host/v8_base_without_compiler/deps/v8/src/codegen/machine-type.o
  CXX(host) /Users/ziangwang/Sources/vibeos/target/node-runtime/fresh-57/source/node-v24.14.0/out/Release/obj.host/v8_base_without_compiler/deps/v8/src/codegen/macro-assembler-base.o
  CXX(host) /Users/ziangwang/Sources/vibeos/target/node-runtime/fresh-57/source/node-v24.14.0/out/Release/obj.host/v8_base_without_compiler/deps/v8/src/codegen/maglev-safepoint-table.o
  CXX(host) /Users/ziangwang/Sources/vibeos/target/node-runtime/fresh-57/source/node-v24.14.0/out/Release/obj.host/v8_base_without_compiler/deps/v8/src/codegen/optimized-compilation-info.o
  CXX(host) /Users/ziangwang/Sources/vibeos/target/node-runtime/fresh-57/source/node-v24.14.0/out/Release/obj.host/v8_base_without_compiler/deps/v8/src/codegen/pending-optimization-table.o
  CXX(host) /Users/ziangwang/Sources/vibeos/target/node-runtime/fresh-57/source/node-v24.14.0/out/Release/obj.host/v8_base_without_compiler/deps/v8/src/codegen/register-configuration.o
  CXX(host) /Users/ziangwang/Sources/vibeos/target/node-runtime/fresh-57/source/node-v24.14.0/out/Release/obj.host/v8_base_without_compiler/deps/v8/src/codegen/reloc-info.o
  CXX(host) /Users/ziangwang/Sources/vibeos/target/node-runtime/fresh-57/source/node-v24.14.0/out/Release/obj.host/v8_base_without_compiler/deps/v8/src/codegen/safepoint-table.o
  CXX(host) /Users/ziangwang/Sources/vibeos/target/node-runtime/fresh-57/source/node-v24.14.0/out/Release/obj.host/v8_base_without_compiler/deps/v8/src/codegen/source-position-table.o
  CXX(host) /Users/ziangwang/Sources/vibeos/target/node-runtime/fresh-57/source/node-v24.14.0/out/Release/obj.host/v8_base_without_compiler/deps/v8/src/codegen/source-position.o
  CXX(host) /Users/ziangwang/Sources/vibeos/target/node-runtime/fresh-57/source/node-v24.14.0/out/Release/obj.host/v8_base_without_compiler/deps/v8/src/codegen/tick-counter.o
  CXX(host) /Users/ziangwang/Sources/vibeos/target/node-runtime/fresh-57/source/node-v24.14.0/out/Release/obj.host/v8_base_without_compiler/deps/v8/src/codegen/tnode.o
  CXX(host) /Users/ziangwang/Sources/vibeos/target/node-runtime/fresh-57/source/node-v24.14.0/out/Release/obj.host/v8_base_without_compiler/deps/v8/src/codegen/unoptimized-compilation-info.o
  CXX(host) /Users/ziangwang/Sources/vibeos/target/node-runtime/fresh-57/source/node-v24.14.0/out/Release/obj.host/v8_base_without_compiler/deps/v8/src/common/assert-scope.o
  CXX(host) /Users/ziangwang/Sources/vibeos/target/node-runtime/fresh-57/source/node-v24.14.0/out/Release/obj.host/v8_base_without_compiler/deps/v8/src/common/code-memory-access.o
  CXX(host) /Users/ziangwang/Sources/vibeos/target/node-runtime/fresh-57/source/node-v24.14.0/out/Release/obj.host/v8_base_without_compiler/deps/v8/src/common/ptr-compr.o
  CXX(host) /Users/ziangwang/Sources/vibeos/target/node-runtime/fresh-57/source/node-v24.14.0/out/Release/obj.host/v8_base_without_compiler/deps/v8/src/compiler-dispatcher/lazy-compile-dispatcher.o
  CXX(host) /Users/ziangwang/Sources/vibeos/target/node-runtime/fresh-57/source/node-v24.14.0/out/Release/obj.host/v8_base_without_compiler/deps/v8/src/compiler-dispatcher/optimizing-compile-dispatcher.o
  CXX(host) /Users/ziangwang/Sources/vibeos/target/node-runtime/fresh-57/source/node-v24.14.0/out/Release/obj.host/v8_base_without_compiler/deps/v8/src/date/date.o
  CXX(host) /Users/ziangwang/Sources/vibeos/target/node-runtime/fresh-57/source/node-v24.14.0/out/Release/obj.host/v8_base_without_compiler/deps/v8/src/date/dateparser.o
  CXX(host) /Users/ziangwang/Sources/vibeos/target/node-runtime/fresh-57/source/node-v24.14.0/out/Release/obj.host/v8_base_without_compiler/deps/v8/src/debug/debug-coverage.o
  CXX(host) /Users/ziangwang/Sources/vibeos/target/node-runtime/fresh-57/source/node-v24.14.0/out/Release/obj.host/v8_base_without_compiler/deps/v8/src/debug/debug-evaluate.o
  CXX(host) /Users/ziangwang/Sources/vibeos/target/node-runtime/fresh-57/source/node-v24.14.0/out/Release/obj.host/v8_base_without_compiler/deps/v8/src/debug/debug-frames.o
  CXX(host) /Users/ziangwang/Sources/vibeos/target/node-runtime/fresh-57/source/node-v24.14.0/out/Release/obj.host/v8_base_without_compiler/deps/v8/src/debug/debug-interface.o
  CXX(host) /Users/ziangwang/Sources/vibeos/target/node-runtime/fresh-57/source/node-v24.14.0/out/Release/obj.host/v8_base_without_compiler/deps/v8/src/debug/debug-property-iterator.o
  CXX(host) /Users/ziangwang/Sources/vibeos/target/node-runtime/fresh-57/source/node-v24.14.0/out/Release/obj.host/v8_base_without_compiler/deps/v8/src/debug/debug-scope-iterator.o
  CXX(host) /Users/ziangwang/Sources/vibeos/target/node-runtime/fresh-57/source/node-v24.14.0/out/Release/obj.host/v8_base_without_compiler/deps/v8/src/debug/debug-scopes.o
  CXX(host) /Users/ziangwang/Sources/vibeos/target/node-runtime/fresh-57/source/node-v24.14.0/out/Release/obj.host/v8_base_without_compiler/deps/v8/src/debug/debug-stack-trace-iterator.o
  CXX(host) /Users/ziangwang/Sources/vibeos/target/node-runtime/fresh-57/source/node-v24.14.0/out/Release/obj.host/v8_base_without_compiler/deps/v8/src/debug/debug.o
  CXX(host) /Users/ziangwang/Sources/vibeos/target/node-runtime/fresh-57/source/node-v24.14.0/out/Release/obj.host/v8_base_without_compiler/deps/v8/src/debug/liveedit-diff.o
  CXX(host) /Users/ziangwang/Sources/vibeos/target/node-runtime/fresh-57/source/node-v24.14.0/out/Release/obj.host/v8_base_without_compiler/deps/v8/src/debug/liveedit.o
  CXX(host) /Users/ziangwang/Sources/vibeos/target/node-runtime/fresh-57/source/node-v24.14.0/out/Release/obj.host/v8_base_without_compiler/deps/v8/src/deoptimizer/deoptimize-reason.o
  CXX(host) /Users/ziangwang/Sources/vibeos/target/node-runtime/fresh-57/source/node-v24.14.0/out/Release/obj.host/v8_base_without_compiler/deps/v8/src/deoptimizer/deoptimized-frame-info.o
  CXX(host) /Users/ziangwang/Sources/vibeos/target/node-runtime/fresh-57/source/node-v24.14.0/out/Release/obj.host/v8_base_without_compiler/deps/v8/src/deoptimizer/deoptimizer.o
  CXX(host) /Users/ziangwang/Sources/vibeos/target/node-runtime/fresh-57/source/node-v24.14.0/out/Release/obj.host/v8_base_without_compiler/deps/v8/src/deoptimizer/frame-translation-builder.o
  CXX(host) /Users/ziangwang/Sources/vibeos/target/node-runtime/fresh-57/source/node-v24.14.0/out/Release/obj.host/v8_base_without_compiler/deps/v8/src/deoptimizer/materialized-object-store.o
  CXX(host) /Users/ziangwang/Sources/vibeos/target/node-runtime/fresh-57/source/node-v24.14.0/out/Release/obj.host/v8_base_without_compiler/deps/v8/src/deoptimizer/translated-state.o
  CXX(host) /Users/ziangwang/Sources/vibeos/target/node-runtime/fresh-57/source/node-v24.14.0/out/Release/obj.host/v8_base_without_compiler/deps/v8/src/diagnostics/basic-block-profiler.o
  CXX(host) /Users/ziangwang/Sources/vibeos/target/node-runtime/fresh-57/source/node-v24.14.0/out/Release/obj.host/v8_base_without_compiler/deps/v8/src/diagnostics/compilation-statistics.o
  CXX(host) /Users/ziangwang/Sources/vibeos/target/node-runtime/fresh-57/source/node-v24.14.0/out/Release/obj.host/v8_base_without_compiler/deps/v8/src/diagnostics/disassembler.o
  CXX(host) /Users/ziangwang/Sources/vibeos/target/node-runtime/fresh-57/source/node-v24.14.0/out/Release/obj.host/v8_base_without_compiler/deps/v8/src/diagnostics/eh-frame.o
  CXX(host) /Users/ziangwang/Sources/vibeos/target/node-runtime/fresh-57/source/node-v24.14.0/out/Release/obj.host/v8_base_without_compiler/deps/v8/src/diagnostics/gdb-jit.o
  CXX(host) /Users/ziangwang/Sources/vibeos/target/node-runtime/fresh-57/source/node-v24.14.0/out/Release/obj.host/v8_base_without_compiler/deps/v8/src/diagnostics/objects-debug.o
  CXX(host) /Users/ziangwang/Sources/vibeos/target/node-runtime/fresh-57/source/node-v24.14.0/out/Release/obj.host/v8_base_without_compiler/deps/v8/src/diagnostics/objects-printer.o
  CXX(host) /Users/ziangwang/Sources/vibeos/target/node-runtime/fresh-57/source/node-v24.14.0/out/Release/obj.host/v8_base_without_compiler/deps/v8/src/diagnostics/perf-jit.o
  CXX(host) /Users/ziangwang/Sources/vibeos/target/node-runtime/fresh-57/source/node-v24.14.0/out/Release/obj.host/v8_base_without_compiler/deps/v8/src/diagnostics/unwinder.o
  CXX(host) /Users/ziangwang/Sources/vibeos/target/node-runtime/fresh-57/source/node-v24.14.0/out/Release/obj.host/v8_base_without_compiler/deps/v8/src/execution/arguments.o
  CXX(host) /Users/ziangwang/Sources/vibeos/target/node-runtime/fresh-57/source/node-v24.14.0/out/Release/obj.host/v8_base_without_compiler/deps/v8/src/execution/clobber-registers.o
  CXX(host) /Users/ziangwang/Sources/vibeos/target/node-runtime/fresh-57/source/node-v24.14.0/out/Release/obj.host/v8_base_without_compiler/deps/v8/src/execution/embedder-state.o
  CXX(host) /Users/ziangwang/Sources/vibeos/target/node-runtime/fresh-57/source/node-v24.14.0/out/Release/obj.host/v8_base_without_compiler/deps/v8/src/execution/encoded-c-signature.o
  CXX(host) /Users/ziangwang/Sources/vibeos/target/node-runtime/fresh-57/source/node-v24.14.0/out/Release/obj.host/v8_base_without_compiler/deps/v8/src/execution/execution.o
  CXX(host) /Users/ziangwang/Sources/vibeos/target/node-runtime/fresh-57/source/node-v24.14.0/out/Release/obj.host/v8_base_without_compiler/deps/v8/src/execution/frames.o
  CXX(host) /Users/ziangwang/Sources/vibeos/target/node-runtime/fresh-57/source/node-v24.14.0/out/Release/obj.host/v8_base_without_compiler/deps/v8/src/execution/futex-emulation.o
  CXX(host) /Users/ziangwang/Sources/vibeos/target/node-runtime/fresh-57/source/node-v24.14.0/out/Release/obj.host/v8_base_without_compiler/deps/v8/src/execution/interrupts-scope.o
  CXX(host) /Users/ziangwang/Sources/vibeos/target/node-runtime/fresh-57/source/node-v24.14.0/out/Release/obj.host/v8_base_without_compiler/deps/v8/src/execution/isolate.o
  CXX(host) /Users/ziangwang/Sources/vibeos/target/node-runtime/fresh-57/source/node-v24.14.0/out/Release/obj.host/v8_base_without_compiler/deps/v8/src/execution/local-isolate.o
  CXX(host) /Users/ziangwang/Sources/vibeos/target/node-runtime/fresh-57/source/node-v24.14.0/out/Release/obj.host/v8_base_without_compiler/deps/v8/src/execution/messages.o
  CXX(host) /Users/ziangwang/Sources/vibeos/target/node-runtime/fresh-57/source/node-v24.14.0/out/Release/obj.host/v8_base_without_compiler/deps/v8/src/execution/microtask-queue.o
  CXX(host) /Users/ziangwang/Sources/vibeos/target/node-runtime/fresh-57/source/node-v24.14.0/out/Release/obj.host/v8_base_without_compiler/deps/v8/src/execution/protectors.o
  CXX(host) /Users/ziangwang/Sources/vibeos/target/node-runtime/fresh-57/source/node-v24.14.0/out/Release/obj.host/v8_base_without_compiler/deps/v8/src/execution/simulator-base.o
  CXX(host) /Users/ziangwang/Sources/vibeos/target/node-runtime/fresh-57/source/node-v24.14.0/out/Release/obj.host/v8_base_without_compiler/deps/v8/src/execution/stack-guard.o
  CXX(host) /Users/ziangwang/Sources/vibeos/target/node-runtime/fresh-57/source/node-v24.14.0/out/Release/obj.host/v8_base_without_compiler/deps/v8/src/execution/thread-id.o
  CXX(host) /Users/ziangwang/Sources/vibeos/target/node-runtime/fresh-57/source/node-v24.14.0/out/Release/obj.host/v8_base_without_compiler/deps/v8/src/execution/thread-local-top.o
  CXX(host) /Users/ziangwang/Sources/vibeos/target/node-runtime/fresh-57/source/node-v24.14.0/out/Release/obj.host/v8_base_without_compiler/deps/v8/src/execution/tiering-manager.o
  CXX(host) /Users/ziangwang/Sources/vibeos/target/node-runtime/fresh-57/source/node-v24.14.0/out/Release/obj.host/v8_base_without_compiler/deps/v8/src/execution/v8threads.o
  CXX(host) /Users/ziangwang/Sources/vibeos/target/node-runtime/fresh-57/source/node-v24.14.0/out/Release/obj.host/v8_base_without_compiler/deps/v8/src/extensions/cputracemark-extension.o
  CXX(host) /Users/ziangwang/Sources/vibeos/target/node-runtime/fresh-57/source/node-v24.14.0/out/Release/obj.host/v8_base_without_compiler/deps/v8/src/extensions/externalize-string-extension.o
  CXX(host) /Users/ziangwang/Sources/vibeos/target/node-runtime/fresh-57/source/node-v24.14.0/out/Release/obj.host/v8_base_without_compiler/deps/v8/src/extensions/gc-extension.o
  CXX(host) /Users/ziangwang/Sources/vibeos/target/node-runtime/fresh-57/source/node-v24.14.0/out/Release/obj.host/v8_base_without_compiler/deps/v8/src/extensions/ignition-statistics-extension.o
  CXX(host) /Users/ziangwang/Sources/vibeos/target/node-runtime/fresh-57/source/node-v24.14.0/out/Release/obj.host/v8_base_without_compiler/deps/v8/src/extensions/statistics-extension.o
  CXX(host) /Users/ziangwang/Sources/vibeos/target/node-runtime/fresh-57/source/node-v24.14.0/out/Release/obj.host/v8_base_without_compiler/deps/v8/src/extensions/trigger-failure-extension.o
  CXX(host) /Users/ziangwang/Sources/vibeos/target/node-runtime/fresh-57/source/node-v24.14.0/out/Release/obj.host/v8_base_without_compiler/deps/v8/src/flags/flags.o
  CXX(host) /Users/ziangwang/Sources/vibeos/target/node-runtime/fresh-57/source/node-v24.14.0/out/Release/obj.host/v8_base_without_compiler/deps/v8/src/handles/global-handles.o
  CXX(host) /Users/ziangwang/Sources/vibeos/target/node-runtime/fresh-57/source/node-v24.14.0/out/Release/obj.host/v8_base_without_compiler/deps/v8/src/handles/handles.o
  CXX(host) /Users/ziangwang/Sources/vibeos/target/node-runtime/fresh-57/source/node-v24.14.0/out/Release/obj.host/v8_base_without_compiler/deps/v8/src/handles/local-handles.o
  CXX(host) /Users/ziangwang/Sources/vibeos/target/node-runtime/fresh-57/source/node-v24.14.0/out/Release/obj.host/v8_base_without_compiler/deps/v8/src/handles/persistent-handles.o
  CXX(host) /Users/ziangwang/Sources/vibeos/target/node-runtime/fresh-57/source/node-v24.14.0/out/Release/obj.host/v8_base_without_compiler/deps/v8/src/handles/shared-object-conveyor-handles.o
  CXX(host) /Users/ziangwang/Sources/vibeos/target/node-runtime/fresh-57/source/node-v24.14.0/out/Release/obj.host/v8_base_without_compiler/deps/v8/src/handles/traced-handles.o
  CXX(host) /Users/ziangwang/Sources/vibeos/target/node-runtime/fresh-57/source/node-v24.14.0/out/Release/obj.host/v8_base_without_compiler/deps/v8/src/heap/allocation-observer.o
  CXX(host) /Users/ziangwang/Sources/vibeos/target/node-runtime/fresh-57/source/node-v24.14.0/out/Release/obj.host/v8_base_without_compiler/deps/v8/src/heap/array-buffer-sweeper.o
  CXX(host) /Users/ziangwang/Sources/vibeos/target/node-runtime/fresh-57/source/node-v24.14.0/out/Release/obj.host/v8_base_without_compiler/deps/v8/src/heap/code-range.o
  CXX(host) /Users/ziangwang/Sources/vibeos/target/node-runtime/fresh-57/source/node-v24.14.0/out/Release/obj.host/v8_base_without_compiler/deps/v8/src/heap/code-stats.o
  CXX(host) /Users/ziangwang/Sources/vibeos/target/node-runtime/fresh-57/source/node-v24.14.0/out/Release/obj.host/v8_base_without_compiler/deps/v8/src/heap/collection-barrier.o
  CXX(host) /Users/ziangwang/Sources/vibeos/target/node-runtime/fresh-57/source/node-v24.14.0/out/Release/obj.host/v8_base_without_compiler/deps/v8/src/heap/combined-heap.o
  CXX(host) /Users/ziangwang/Sources/vibeos/target/node-runtime/fresh-57/source/node-v24.14.0/out/Release/obj.host/v8_base_without_compiler/deps/v8/src/heap/concurrent-marking.o
  CXX(host) /Users/ziangwang/Sources/vibeos/target/node-runtime/fresh-57/source/node-v24.14.0/out/Release/obj.host/v8_base_without_compiler/deps/v8/src/heap/cppgc-js/cpp-heap.o
  CXX(host) /Users/ziangwang/Sources/vibeos/target/node-runtime/fresh-57/source/node-v24.14.0/out/Release/obj.host/v8_base_without_compiler/deps/v8/src/heap/cppgc-js/cpp-snapshot.o
  CXX(host) /Users/ziangwang/Sources/vibeos/target/node-runtime/fresh-57/source/node-v24.14.0/out/Release/obj.host/v8_base_without_compiler/deps/v8/src/heap/cppgc-js/cross-heap-remembered-set.o
  CXX(host) /Users/ziangwang/Sources/vibeos/target/node-runtime/fresh-57/source/node-v24.14.0/out/Release/obj.host/v8_base_without_compiler/deps/v8/src/heap/cppgc-js/unified-heap-marking-state.o
  CXX(host) /Users/ziangwang/Sources/vibeos/target/node-runtime/fresh-57/source/node-v24.14.0/out/Release/obj.host/v8_base_without_compiler/deps/v8/src/heap/cppgc-js/unified-heap-marking-verifier.o
  CXX(host) /Users/ziangwang/Sources/vibeos/target/node-runtime/fresh-57/source/node-v24.14.0/out/Release/obj.host/v8_base_without_compiler/deps/v8/src/heap/cppgc-js/unified-heap-marking-visitor.o
  CXX(host) /Users/ziangwang/Sources/vibeos/target/node-runtime/fresh-57/source/node-v24.14.0/out/Release/obj.host/v8_base_without_compiler/deps/v8/src/heap/ephemeron-remembered-set.o
  CXX(host) /Users/ziangwang/Sources/vibeos/target/node-runtime/fresh-57/source/node-v24.14.0/out/Release/obj.host/v8_base_without_compiler/deps/v8/src/heap/evacuation-allocator.o
  CXX(host) /Users/ziangwang/Sources/vibeos/target/node-runtime/fresh-57/source/node-v24.14.0/out/Release/obj.host/v8_base_without_compiler/deps/v8/src/heap/evacuation-verifier.o
  CXX(host) /Users/ziangwang/Sources/vibeos/target/node-runtime/fresh-57/source/node-v24.14.0/out/Release/obj.host/v8_base_without_compiler/deps/v8/src/heap/factory-base.o
  CXX(host) /Users/ziangwang/Sources/vibeos/target/node-runtime/fresh-57/source/node-v24.14.0/out/Release/obj.host/v8_base_without_compiler/deps/v8/src/heap/factory.o
  CXX(host) /Users/ziangwang/Sources/vibeos/target/node-runtime/fresh-57/source/node-v24.14.0/out/Release/obj.host/v8_base_without_compiler/deps/v8/src/heap/finalization-registry-cleanup-task.o
  CXX(host) /Users/ziangwang/Sources/vibeos/target/node-runtime/fresh-57/source/node-v24.14.0/out/Release/obj.host/v8_base_without_compiler/deps/v8/src/heap/free-list.o
  CXX(host) /Users/ziangwang/Sources/vibeos/target/node-runtime/fresh-57/source/node-v24.14.0/out/Release/obj.host/v8_base_without_compiler/deps/v8/src/heap/gc-tracer.o
  CXX(host) /Users/ziangwang/Sources/vibeos/target/node-runtime/fresh-57/source/node-v24.14.0/out/Release/obj.host/v8_base_without_compiler/deps/v8/src/heap/heap-allocator.o
  CXX(host) /Users/ziangwang/Sources/vibeos/target/node-runtime/fresh-57/source/node-v24.14.0/out/Release/obj.host/v8_base_without_compiler/deps/v8/src/heap/heap-controller.o
  CXX(host) /Users/ziangwang/Sources/vibeos/target/node-runtime/fresh-57/source/node-v24.14.0/out/Release/obj.host/v8_base_without_compiler/deps/v8/src/heap/heap-layout-tracer.o
  CXX(host) /Users/ziangwang/Sources/vibeos/target/node-runtime/fresh-57/source/node-v24.14.0/out/Release/obj.host/v8_base_without_compiler/deps/v8/src/heap/heap-layout.o
  CXX(host) /Users/ziangwang/Sources/vibeos/target/node-runtime/fresh-57/source/node-v24.14.0/out/Release/obj.host/v8_base_without_compiler/deps/v8/src/heap/heap-verifier.o
  CXX(host) /Users/ziangwang/Sources/vibeos/target/node-runtime/fresh-57/source/node-v24.14.0/out/Release/obj.host/v8_base_without_compiler/deps/v8/src/heap/heap-visitor.o
  CXX(host) /Users/ziangwang/Sources/vibeos/target/node-runtime/fresh-57/source/node-v24.14.0/out/Release/obj.host/v8_base_without_compiler/deps/v8/src/heap/heap-write-barrier.o
  CXX(host) /Users/ziangwang/Sources/vibeos/target/node-runtime/fresh-57/source/node-v24.14.0/out/Release/obj.host/v8_base_without_compiler/deps/v8/src/heap/heap.o
  CXX(host) /Users/ziangwang/Sources/vibeos/target/node-runtime/fresh-57/source/node-v24.14.0/out/Release/obj.host/v8_base_without_compiler/deps/v8/src/heap/incremental-marking-job.o
  CXX(host) /Users/ziangwang/Sources/vibeos/target/node-runtime/fresh-57/source/node-v24.14.0/out/Release/obj.host/v8_base_without_compiler/deps/v8/src/heap/incremental-marking.o
  CXX(host) /Users/ziangwang/Sources/vibeos/target/node-runtime/fresh-57/source/node-v24.14.0/out/Release/obj.host/v8_base_without_compiler/deps/v8/src/heap/index-generator.o
  CXX(host) /Users/ziangwang/Sources/vibeos/target/node-runtime/fresh-57/source/node-v24.14.0/out/Release/obj.host/v8_base_without_compiler/deps/v8/src/heap/large-page-metadata.o
  CXX(host) /Users/ziangwang/Sources/vibeos/target/node-runtime/fresh-57/source/node-v24.14.0/out/Release/obj.host/v8_base_without_compiler/deps/v8/src/heap/large-spaces.o
  CXX(host) /Users/ziangwang/Sources/vibeos/target/node-runtime/fresh-57/source/node-v24.14.0/out/Release/obj.host/v8_base_without_compiler/deps/v8/src/heap/local-factory.o
  CXX(host) /Users/ziangwang/Sources/vibeos/target/node-runtime/fresh-57/source/node-v24.14.0/out/Release/obj.host/v8_base_without_compiler/deps/v8/src/heap/local-heap.o
  CXX(host) /Users/ziangwang/Sources/vibeos/target/node-runtime/fresh-57/source/node-v24.14.0/out/Release/obj.host/v8_base_without_compiler/deps/v8/src/heap/main-allocator.o
  CXX(host) /Users/ziangwang/Sources/vibeos/target/node-runtime/fresh-57/source/node-v24.14.0/out/Release/obj.host/v8_base_without_compiler/deps/v8/src/heap/mark-compact.o
  CXX(host) /Users/ziangwang/Sources/vibeos/target/node-runtime/fresh-57/source/node-v24.14.0/out/Release/obj.host/v8_base_without_compiler/deps/v8/src/heap/mark-sweep-utilities.o
  CXX(host) /Users/ziangwang/Sources/vibeos/target/node-runtime/fresh-57/source/node-v24.14.0/out/Release/obj.host/v8_base_without_compiler/deps/v8/src/heap/marking-barrier.o
  CXX(host) /Users/ziangwang/Sources/vibeos/target/node-runtime/fresh-57/source/node-v24.14.0/out/Release/obj.host/v8_base_without_compiler/deps/v8/src/heap/marking-worklist.o
  CXX(host) /Users/ziangwang/Sources/vibeos/target/node-runtime/fresh-57/source/node-v24.14.0/out/Release/obj.host/v8_base_without_compiler/deps/v8/src/heap/marking.o
  CXX(host) /Users/ziangwang/Sources/vibeos/target/node-runtime/fresh-57/source/node-v24.14.0/out/Release/obj.host/v8_base_without_compiler/deps/v8/src/heap/memory-allocator.o
  CXX(host) /Users/ziangwang/Sources/vibeos/target/node-runtime/fresh-57/source/node-v24.14.0/out/Release/obj.host/v8_base_without_compiler/deps/v8/src/heap/memory-balancer.o
  CXX(host) /Users/ziangwang/Sources/vibeos/target/node-runtime/fresh-57/source/node-v24.14.0/out/Release/obj.host/v8_base_without_compiler/deps/v8/src/heap/memory-chunk-metadata.o
  CXX(host) /Users/ziangwang/Sources/vibeos/target/node-runtime/fresh-57/source/node-v24.14.0/out/Release/obj.host/v8_base_without_compiler/deps/v8/src/heap/memory-chunk.o
  CXX(host) /Users/ziangwang/Sources/vibeos/target/node-runtime/fresh-57/source/node-v24.14.0/out/Release/obj.host/v8_base_without_compiler/deps/v8/src/heap/memory-measurement.o
  CXX(host) /Users/ziangwang/Sources/vibeos/target/node-runtime/fresh-57/source/node-v24.14.0/out/Release/obj.host/v8_base_without_compiler/deps/v8/src/heap/memory-reducer.o
  CXX(host) /Users/ziangwang/Sources/vibeos/target/node-runtime/fresh-57/source/node-v24.14.0/out/Release/obj.host/v8_base_without_compiler/deps/v8/src/heap/minor-gc-job.o
  CXX(host) /Users/ziangwang/Sources/vibeos/target/node-runtime/fresh-57/source/node-v24.14.0/out/Release/obj.host/v8_base_without_compiler/deps/v8/src/heap/minor-mark-sweep.o
  CXX(host) /Users/ziangwang/Sources/vibeos/target/node-runtime/fresh-57/source/node-v24.14.0/out/Release/obj.host/v8_base_without_compiler/deps/v8/src/heap/mutable-page-metadata.o
  CXX(host) /Users/ziangwang/Sources/vibeos/target/node-runtime/fresh-57/source/node-v24.14.0/out/Release/obj.host/v8_base_without_compiler/deps/v8/src/heap/new-spaces.o
  CXX(host) /Users/ziangwang/Sources/vibeos/target/node-runtime/fresh-57/source/node-v24.14.0/out/Release/obj.host/v8_base_without_compiler/deps/v8/src/heap/object-stats.o
  CXX(host) /Users/ziangwang/Sources/vibeos/target/node-runtime/fresh-57/source/node-v24.14.0/out/Release/obj.host/v8_base_without_compiler/deps/v8/src/heap/page-metadata.o
  CXX(host) /Users/ziangwang/Sources/vibeos/target/node-runtime/fresh-57/source/node-v24.14.0/out/Release/obj.host/v8_base_without_compiler/deps/v8/src/heap/page-pool.o
  CXX(host) /Users/ziangwang/Sources/vibeos/target/node-runtime/fresh-57/source/node-v24.14.0/out/Release/obj.host/v8_base_without_compiler/deps/v8/src/heap/paged-spaces.o
  CXX(host) /Users/ziangwang/Sources/vibeos/target/node-runtime/fresh-57/source/node-v24.14.0/out/Release/obj.host/v8_base_without_compiler/deps/v8/src/heap/pretenuring-handler.o
  CXX(host) /Users/ziangwang/Sources/vibeos/target/node-runtime/fresh-57/source/node-v24.14.0/out/Release/obj.host/v8_base_without_compiler/deps/v8/src/heap/read-only-heap.o
  CXX(host) /Users/ziangwang/Sources/vibeos/target/node-runtime/fresh-57/source/node-v24.14.0/out/Release/obj.host/v8_base_without_compiler/deps/v8/src/heap/read-only-promotion.o
  CXX(host) /Users/ziangwang/Sources/vibeos/target/node-runtime/fresh-57/source/node-v24.14.0/out/Release/obj.host/v8_base_without_compiler/deps/v8/src/heap/read-only-spaces.o
  CXX(host) /Users/ziangwang/Sources/vibeos/target/node-runtime/fresh-57/source/node-v24.14.0/out/Release/obj.host/v8_base_without_compiler/deps/v8/src/heap/safepoint.o
  CXX(host) /Users/ziangwang/Sources/vibeos/target/node-runtime/fresh-57/source/node-v24.14.0/out/Release/obj.host/v8_base_without_compiler/deps/v8/src/heap/scavenger.o
  CXX(host) /Users/ziangwang/Sources/vibeos/target/node-runtime/fresh-57/source/node-v24.14.0/out/Release/obj.host/v8_base_without_compiler/deps/v8/src/heap/slot-set.o
  CXX(host) /Users/ziangwang/Sources/vibeos/target/node-runtime/fresh-57/source/node-v24.14.0/out/Release/obj.host/v8_base_without_compiler/deps/v8/src/heap/spaces.o
  CXX(host) /Users/ziangwang/Sources/vibeos/target/node-runtime/fresh-57/source/node-v24.14.0/out/Release/obj.host/v8_base_without_compiler/deps/v8/src/heap/stress-scavenge-observer.o
  CXX(host) /Users/ziangwang/Sources/vibeos/target/node-runtime/fresh-57/source/node-v24.14.0/out/Release/obj.host/v8_base_without_compiler/deps/v8/src/heap/sweeper.o
  CXX(host) /Users/ziangwang/Sources/vibeos/target/node-runtime/fresh-57/source/node-v24.14.0/out/Release/obj.host/v8_base_without_compiler/deps/v8/src/heap/traced-handles-marking-visitor.o
  CXX(host) /Users/ziangwang/Sources/vibeos/target/node-runtime/fresh-57/source/node-v24.14.0/out/Release/obj.host/v8_base_without_compiler/deps/v8/src/heap/trusted-range.o
  CXX(host) /Users/ziangwang/Sources/vibeos/target/node-runtime/fresh-57/source/node-v24.14.0/out/Release/obj.host/v8_base_without_compiler/deps/v8/src/heap/visit-object.o
  CXX(host) /Users/ziangwang/Sources/vibeos/target/node-runtime/fresh-57/source/node-v24.14.0/out/Release/obj.host/v8_base_without_compiler/deps/v8/src/heap/weak-object-worklists.o
  CXX(host) /Users/ziangwang/Sources/vibeos/target/node-runtime/fresh-57/source/node-v24.14.0/out/Release/obj.host/v8_base_without_compiler/deps/v8/src/heap/zapping.o
  CXX(host) /Users/ziangwang/Sources/vibeos/target/node-runtime/fresh-57/source/node-v24.14.0/out/Release/obj.host/v8_base_without_compiler/deps/v8/src/ic/call-optimization.o
  CXX(host) /Users/ziangwang/Sources/vibeos/target/node-runtime/fresh-57/source/node-v24.14.0/out/Release/obj.host/v8_base_without_compiler/deps/v8/src/ic/handler-configuration.o
  CXX(host) /Users/ziangwang/Sources/vibeos/target/node-runtime/fresh-57/source/node-v24.14.0/out/Release/obj.host/v8_base_without_compiler/deps/v8/src/ic/ic-stats.o
  CXX(host) /Users/ziangwang/Sources/vibeos/target/node-runtime/fresh-57/source/node-v24.14.0/out/Release/obj.host/v8_base_without_compiler/deps/v8/src/ic/ic.o
  CXX(host) /Users/ziangwang/Sources/vibeos/target/node-runtime/fresh-57/source/node-v24.14.0/out/Release/obj.host/v8_base_without_compiler/deps/v8/src/ic/stub-cache.o
  CXX(host) /Users/ziangwang/Sources/vibeos/target/node-runtime/fresh-57/source/node-v24.14.0/out/Release/obj.host/v8_base_without_compiler/deps/v8/src/init/bootstrapper.o
  CXX(host) /Users/ziangwang/Sources/vibeos/target/node-runtime/fresh-57/source/node-v24.14.0/out/Release/obj.host/v8_base_without_compiler/deps/v8/src/init/icu_util.o
  CXX(host) /Users/ziangwang/Sources/vibeos/target/node-runtime/fresh-57/source/node-v24.14.0/out/Release/obj.host/v8_base_without_compiler/deps/v8/src/init/isolate-group.o
  CXX(host) /Users/ziangwang/Sources/vibeos/target/node-runtime/fresh-57/source/node-v24.14.0/out/Release/obj.host/v8_base_without_compiler/deps/v8/src/init/startup-data-util.o
  CXX(host) /Users/ziangwang/Sources/vibeos/target/node-runtime/fresh-57/source/node-v24.14.0/out/Release/obj.host/v8_base_without_compiler/deps/v8/src/init/v8.o
  CXX(host) /Users/ziangwang/Sources/vibeos/target/node-runtime/fresh-57/source/node-v24.14.0/out/Release/obj.host/v8_base_without_compiler/deps/v8/src/interpreter/bytecode-array-builder.o
  CXX(host) /Users/ziangwang/Sources/vibeos/target/node-runtime/fresh-57/source/node-v24.14.0/out/Release/obj.host/v8_base_without_compiler/deps/v8/src/interpreter/bytecode-array-iterator.o
  CXX(host) /Users/ziangwang/Sources/vibeos/target/node-runtime/fresh-57/source/node-v24.14.0/out/Release/obj.host/v8_base_without_compiler/deps/v8/src/interpreter/bytecode-array-random-iterator.o
  CXX(host) /Users/ziangwang/Sources/vibeos/target/node-runtime/fresh-57/source/node-v24.14.0/out/Release/obj.host/v8_base_without_compiler/deps/v8/src/interpreter/bytecode-array-writer.o
  CXX(host) /Users/ziangwang/Sources/vibeos/target/node-runtime/fresh-57/source/node-v24.14.0/out/Release/obj.host/v8_base_without_compiler/deps/v8/src/interpreter/bytecode-decoder.o
  CXX(host) /Users/ziangwang/Sources/vibeos/target/node-runtime/fresh-57/source/node-v24.14.0/out/Release/obj.host/v8_base_without_compiler/deps/v8/src/interpreter/bytecode-flags-and-tokens.o
  CXX(host) /Users/ziangwang/Sources/vibeos/target/node-runtime/fresh-57/source/node-v24.14.0/out/Release/obj.host/v8_base_without_compiler/deps/v8/src/interpreter/bytecode-generator.o
  CXX(host) /Users/ziangwang/Sources/vibeos/target/node-runtime/fresh-57/source/node-v24.14.0/out/Release/obj.host/v8_base_without_compiler/deps/v8/src/interpreter/bytecode-label.o
  CXX(host) /Users/ziangwang/Sources/vibeos/target/node-runtime/fresh-57/source/node-v24.14.0/out/Release/obj.host/v8_base_without_compiler/deps/v8/src/interpreter/bytecode-node.o
  CXX(host) /Users/ziangwang/Sources/vibeos/target/node-runtime/fresh-57/source/node-v24.14.0/out/Release/obj.host/v8_base_without_compiler/deps/v8/src/interpreter/bytecode-operands.o
  CXX(host) /Users/ziangwang/Sources/vibeos/target/node-runtime/fresh-57/source/node-v24.14.0/out/Release/obj.host/v8_base_without_compiler/deps/v8/src/interpreter/bytecode-register-optimizer.o
  CXX(host) /Users/ziangwang/Sources/vibeos/target/node-runtime/fresh-57/source/node-v24.14.0/out/Release/obj.host/v8_base_without_compiler/deps/v8/src/interpreter/bytecode-register.o
  CXX(host) /Users/ziangwang/Sources/vibeos/target/node-runtime/fresh-57/source/node-v24.14.0/out/Release/obj.host/v8_base_without_compiler/deps/v8/src/interpreter/bytecode-source-info.o
  CXX(host) /Users/ziangwang/Sources/vibeos/target/node-runtime/fresh-57/source/node-v24.14.0/out/Release/obj.host/v8_base_without_compiler/deps/v8/src/interpreter/bytecodes.o
  CXX(host) /Users/ziangwang/Sources/vibeos/target/node-runtime/fresh-57/source/node-v24.14.0/out/Release/obj.host/v8_base_without_compiler/deps/v8/src/interpreter/constant-array-builder.o
  CXX(host) /Users/ziangwang/Sources/vibeos/target/node-runtime/fresh-57/source/node-v24.14.0/out/Release/obj.host/v8_base_without_compiler/deps/v8/src/interpreter/control-flow-builders.o
  CXX(host) /Users/ziangwang/Sources/vibeos/target/node-runtime/fresh-57/source/node-v24.14.0/out/Release/obj.host/v8_base_without_compiler/deps/v8/src/interpreter/handler-table-builder.o
  CXX(host) /Users/ziangwang/Sources/vibeos/target/node-runtime/fresh-57/source/node-v24.14.0/out/Release/obj.host/v8_base_without_compiler/deps/v8/src/interpreter/interpreter-intrinsics.o
  CXX(host) /Users/ziangwang/Sources/vibeos/target/node-runtime/fresh-57/source/node-v24.14.0/out/Release/obj.host/v8_base_without_compiler/deps/v8/src/interpreter/interpreter.o
  CXX(host) /Users/ziangwang/Sources/vibeos/target/node-runtime/fresh-57/source/node-v24.14.0/out/Release/obj.host/v8_base_without_compiler/deps/v8/src/json/json-parser.o
  CXX(host) /Users/ziangwang/Sources/vibeos/target/node-runtime/fresh-57/source/node-v24.14.0/out/Release/obj.host/v8_base_without_compiler/deps/v8/src/json/json-stringifier.o
  CXX(host) /Users/ziangwang/Sources/vibeos/target/node-runtime/fresh-57/source/node-v24.14.0/out/Release/obj.host/v8_base_without_compiler/deps/v8/src/libsampler/sampler.o
  CXX(host) /Users/ziangwang/Sources/vibeos/target/node-runtime/fresh-57/source/node-v24.14.0/out/Release/obj.host/v8_base_without_compiler/deps/v8/src/logging/counters.o
  CXX(host) /Users/ziangwang/Sources/vibeos/target/node-runtime/fresh-57/source/node-v24.14.0/out/Release/obj.host/v8_base_without_compiler/deps/v8/src/logging/local-logger.o
  CXX(host) /Users/ziangwang/Sources/vibeos/target/node-runtime/fresh-57/source/node-v24.14.0/out/Release/obj.host/v8_base_without_compiler/deps/v8/src/logging/log-file.o
  CXX(host) /Users/ziangwang/Sources/vibeos/target/node-runtime/fresh-57/source/node-v24.14.0/out/Release/obj.host/v8_base_without_compiler/deps/v8/src/logging/log.o
  CXX(host) /Users/ziangwang/Sources/vibeos/target/node-runtime/fresh-57/source/node-v24.14.0/out/Release/obj.host/v8_base_without_compiler/deps/v8/src/logging/metrics.o
  CXX(host) /Users/ziangwang/Sources/vibeos/target/node-runtime/fresh-57/source/node-v24.14.0/out/Release/obj.host/v8_base_without_compiler/deps/v8/src/logging/runtime-call-stats.o
  CXX(host) /Users/ziangwang/Sources/vibeos/target/node-runtime/fresh-57/source/node-v24.14.0/out/Release/obj.host/v8_base_without_compiler/deps/v8/src/logging/tracing-flags.o
  CXX(host) /Users/ziangwang/Sources/vibeos/target/node-runtime/fresh-57/source/node-v24.14.0/out/Release/obj.host/v8_base_without_compiler/deps/v8/src/numbers/conversions.o
  CXX(host) /Users/ziangwang/Sources/vibeos/target/node-runtime/fresh-57/source/node-v24.14.0/out/Release/obj.host/v8_base_without_compiler/deps/v8/src/numbers/ieee754.o
  CXX(host) /Users/ziangwang/Sources/vibeos/target/node-runtime/fresh-57/source/node-v24.14.0/out/Release/obj.host/v8_base_without_compiler/deps/v8/src/numbers/math-random.o
  CXX(host) /Users/ziangwang/Sources/vibeos/target/node-runtime/fresh-57/source/node-v24.14.0/out/Release/obj.host/v8_base_without_compiler/deps/v8/src/objects/abstract-code.o
  CXX(host) /Users/ziangwang/Sources/vibeos/target/node-runtime/fresh-57/source/node-v24.14.0/out/Release/obj.host/v8_base_without_compiler/deps/v8/src/objects/backing-store.o
  CXX(host) /Users/ziangwang/Sources/vibeos/target/node-runtime/fresh-57/source/node-v24.14.0/out/Release/obj.host/v8_base_without_compiler/deps/v8/src/objects/bigint.o
  CXX(host) /Users/ziangwang/Sources/vibeos/target/node-runtime/fresh-57/source/node-v24.14.0/out/Release/obj.host/v8_base_without_compiler/deps/v8/src/objects/bytecode-array.o
  CXX(host) /Users/ziangwang/Sources/vibeos/target/node-runtime/fresh-57/source/node-v24.14.0/out/Release/obj.host/v8_base_without_compiler/deps/v8/src/objects/call-site-info.o
  CXX(host) /Users/ziangwang/Sources/vibeos/target/node-runtime/fresh-57/source/node-v24.14.0/out/Release/obj.host/v8_base_without_compiler/deps/v8/src/objects/code-kind.o
  CXX(host) /Users/ziangwang/Sources/vibeos/target/node-runtime/fresh-57/source/node-v24.14.0/out/Release/obj.host/v8_base_without_compiler/deps/v8/src/objects/code.o
  CXX(host) /Users/ziangwang/Sources/vibeos/target/node-runtime/fresh-57/source/node-v24.14.0/out/Release/obj.host/v8_base_without_compiler/deps/v8/src/objects/compilation-cache-table.o
  CXX(host) /Users/ziangwang/Sources/vibeos/target/node-runtime/fresh-57/source/node-v24.14.0/out/Release/obj.host/v8_base_without_compiler/deps/v8/src/objects/contexts.o
  CXX(host) /Users/ziangwang/Sources/vibeos/target/node-runtime/fresh-57/source/node-v24.14.0/out/Release/obj.host/v8_base_without_compiler/deps/v8/src/objects/debug-objects.o
  CXX(host) /Users/ziangwang/Sources/vibeos/target/node-runtime/fresh-57/source/node-v24.14.0/out/Release/obj.host/v8_base_without_compiler/deps/v8/src/objects/deoptimization-data.o
  CXX(host) /Users/ziangwang/Sources/vibeos/target/node-runtime/fresh-57/source/node-v24.14.0/out/Release/obj.host/v8_base_without_compiler/deps/v8/src/objects/dependent-code.o
  CXX(host) /Users/ziangwang/Sources/vibeos/target/node-runtime/fresh-57/source/node-v24.14.0/out/Release/obj.host/v8_base_without_compiler/deps/v8/src/objects/elements-kind.o
  CXX(host) /Users/ziangwang/Sources/vibeos/target/node-runtime/fresh-57/source/node-v24.14.0/out/Release/obj.host/v8_base_without_compiler/deps/v8/src/objects/elements.o
  CXX(host) /Users/ziangwang/Sources/vibeos/target/node-runtime/fresh-57/source/node-v24.14.0/out/Release/obj.host/v8_base_without_compiler/deps/v8/src/objects/embedder-data-array.o
  CXX(host) /Users/ziangwang/Sources/vibeos/target/node-runtime/fresh-57/source/node-v24.14.0/out/Release/obj.host/v8_base_without_compiler/deps/v8/src/objects/feedback-vector.o
  CXX(host) /Users/ziangwang/Sources/vibeos/target/node-runtime/fresh-57/source/node-v24.14.0/out/Release/obj.host/v8_base_without_compiler/deps/v8/src/objects/field-type.o
  CXX(host) /Users/ziangwang/Sources/vibeos/target/node-runtime/fresh-57/source/node-v24.14.0/out/Release/obj.host/v8_base_without_compiler/deps/v8/src/objects/fixed-array.o
  CXX(host) /Users/ziangwang/Sources/vibeos/target/node-runtime/fresh-57/source/node-v24.14.0/out/Release/obj.host/v8_base_without_compiler/deps/v8/src/objects/instruction-stream.o
  CXX(host) /Users/ziangwang/Sources/vibeos/target/node-runtime/fresh-57/source/node-v24.14.0/out/Release/obj.host/v8_base_without_compiler/deps/v8/src/objects/js-array-buffer.o
  CXX(host) /Users/ziangwang/Sources/vibeos/target/node-runtime/fresh-57/source/node-v24.14.0/out/Release/obj.host/v8_base_without_compiler/deps/v8/src/objects/js-atomics-synchronization.o
  CXX(host) /Users/ziangwang/Sources/vibeos/target/node-runtime/fresh-57/source/node-v24.14.0/out/Release/obj.host/v8_base_without_compiler/deps/v8/src/objects/js-disposable-stack.o
  CXX(host) /Users/ziangwang/Sources/vibeos/target/node-runtime/fresh-57/source/node-v24.14.0/out/Release/obj.host/v8_base_without_compiler/deps/v8/src/objects/js-function.o
  CXX(host) /Users/ziangwang/Sources/vibeos/target/node-runtime/fresh-57/source/node-v24.14.0/out/Release/obj.host/v8_base_without_compiler/deps/v8/src/objects/js-objects.o
  CXX(host) /Users/ziangwang/Sources/vibeos/target/node-runtime/fresh-57/source/node-v24.14.0/out/Release/obj.host/v8_base_without_compiler/deps/v8/src/objects/js-raw-json.o
  CXX(host) /Users/ziangwang/Sources/vibeos/target/node-runtime/fresh-57/source/node-v24.14.0/out/Release/obj.host/v8_base_without_compiler/deps/v8/src/objects/js-regexp.o
  CXX(host) /Users/ziangwang/Sources/vibeos/target/node-runtime/fresh-57/source/node-v24.14.0/out/Release/obj.host/v8_base_without_compiler/deps/v8/src/objects/js-struct.o
  CXX(host) /Users/ziangwang/Sources/vibeos/target/node-runtime/fresh-57/source/node-v24.14.0/out/Release/obj.host/v8_base_without_compiler/deps/v8/src/objects/js-temporal-objects.o
  CXX(host) /Users/ziangwang/Sources/vibeos/target/node-runtime/fresh-57/source/node-v24.14.0/out/Release/obj.host/v8_base_without_compiler/deps/v8/src/objects/js-weak-refs.o
  CXX(host) /Users/ziangwang/Sources/vibeos/target/node-runtime/fresh-57/source/node-v24.14.0/out/Release/obj.host/v8_base_without_compiler/deps/v8/src/objects/keys.o
  CXX(host) /Users/ziangwang/Sources/vibeos/target/node-runtime/fresh-57/source/node-v24.14.0/out/Release/obj.host/v8_base_without_compiler/deps/v8/src/objects/literal-objects.o
  CXX(host) /Users/ziangwang/Sources/vibeos/target/node-runtime/fresh-57/source/node-v24.14.0/out/Release/obj.host/v8_base_without_compiler/deps/v8/src/objects/lookup-cache.o
  CXX(host) /Users/ziangwang/Sources/vibeos/target/node-runtime/fresh-57/source/node-v24.14.0/out/Release/obj.host/v8_base_without_compiler/deps/v8/src/objects/lookup.o
  CXX(host) /Users/ziangwang/Sources/vibeos/target/node-runtime/fresh-57/source/node-v24.14.0/out/Release/obj.host/v8_base_without_compiler/deps/v8/src/objects/managed.o
  CXX(host) /Users/ziangwang/Sources/vibeos/target/node-runtime/fresh-57/source/node-v24.14.0/out/Release/obj.host/v8_base_without_compiler/deps/v8/src/objects/map-updater.o
  CXX(host) /Users/ziangwang/Sources/vibeos/target/node-runtime/fresh-57/source/node-v24.14.0/out/Release/obj.host/v8_base_without_compiler/deps/v8/src/objects/map.o
  CXX(host) /Users/ziangwang/Sources/vibeos/target/node-runtime/fresh-57/source/node-v24.14.0/out/Release/obj.host/v8_base_without_compiler/deps/v8/src/objects/module.o
  CXX(host) /Users/ziangwang/Sources/vibeos/target/node-runtime/fresh-57/source/node-v24.14.0/out/Release/obj.host/v8_base_without_compiler/deps/v8/src/objects/object-type.o
  CXX(host) /Users/ziangwang/Sources/vibeos/target/node-runtime/fresh-57/source/node-v24.14.0/out/Release/obj.host/v8_base_without_compiler/deps/v8/src/objects/objects.o
  CXX(host) /Users/ziangwang/Sources/vibeos/target/node-runtime/fresh-57/source/node-v24.14.0/out/Release/obj.host/v8_base_without_compiler/deps/v8/src/objects/option-utils.o
  CXX(host) /Users/ziangwang/Sources/vibeos/target/node-runtime/fresh-57/source/node-v24.14.0/out/Release/obj.host/v8_base_without_compiler/deps/v8/src/objects/ordered-hash-table.o
  CXX(host) /Users/ziangwang/Sources/vibeos/target/node-runtime/fresh-57/source/node-v24.14.0/out/Release/obj.host/v8_base_without_compiler/deps/v8/src/objects/property-descriptor.o
  CXX(host) /Users/ziangwang/Sources/vibeos/target/node-runtime/fresh-57/source/node-v24.14.0/out/Release/obj.host/v8_base_without_compiler/deps/v8/src/objects/property.o
  CXX(host) /Users/ziangwang/Sources/vibeos/target/node-runtime/fresh-57/source/node-v24.14.0/out/Release/obj.host/v8_base_without_compiler/deps/v8/src/objects/regexp-match-info.o
  CXX(host) /Users/ziangwang/Sources/vibeos/target/node-runtime/fresh-57/source/node-v24.14.0/out/Release/obj.host/v8_base_without_compiler/deps/v8/src/objects/scope-info.o
  CXX(host) /Users/ziangwang/Sources/vibeos/target/node-runtime/fresh-57/source/node-v24.14.0/out/Release/obj.host/v8_base_without_compiler/deps/v8/src/objects/shared-function-info.o
  CXX(host) /Users/ziangwang/Sources/vibeos/target/node-runtime/fresh-57/source/node-v24.14.0/out/Release/obj.host/v8_base_without_compiler/deps/v8/src/objects/simd.o
  CXX(host) /Users/ziangwang/Sources/vibeos/target/node-runtime/fresh-57/source/node-v24.14.0/out/Release/obj.host/v8_base_without_compiler/deps/v8/src/objects/source-text-module.o
  CXX(host) /Users/ziangwang/Sources/vibeos/target/node-runtime/fresh-57/source/node-v24.14.0/out/Release/obj.host/v8_base_without_compiler/deps/v8/src/objects/string-comparator.o
  CXX(host) /Users/ziangwang/Sources/vibeos/target/node-runtime/fresh-57/source/node-v24.14.0/out/Release/obj.host/v8_base_without_compiler/deps/v8/src/objects/string-forwarding-table.o
  CXX(host) /Users/ziangwang/Sources/vibeos/target/node-runtime/fresh-57/source/node-v24.14.0/out/Release/obj.host/v8_base_without_compiler/deps/v8/src/objects/string-table.o
  CXX(host) /Users/ziangwang/Sources/vibeos/target/node-runtime/fresh-57/source/node-v24.14.0/out/Release/obj.host/v8_base_without_compiler/deps/v8/src/objects/string.o
  CXX(host) /Users/ziangwang/Sources/vibeos/target/node-runtime/fresh-57/source/node-v24.14.0/out/Release/obj.host/v8_base_without_compiler/deps/v8/src/objects/swiss-name-dictionary.o
  CXX(host) /Users/ziangwang/Sources/vibeos/target/node-runtime/fresh-57/source/node-v24.14.0/out/Release/obj.host/v8_base_without_compiler/deps/v8/src/objects/symbol-table.o
  CXX(host) /Users/ziangwang/Sources/vibeos/target/node-runtime/fresh-57/source/node-v24.14.0/out/Release/obj.host/v8_base_without_compiler/deps/v8/src/objects/synthetic-module.o
  CXX(host) /Users/ziangwang/Sources/vibeos/target/node-runtime/fresh-57/source/node-v24.14.0/out/Release/obj.host/v8_base_without_compiler/deps/v8/src/objects/tagged-impl.o
  CXX(host) /Users/ziangwang/Sources/vibeos/target/node-runtime/fresh-57/source/node-v24.14.0/out/Release/obj.host/v8_base_without_compiler/deps/v8/src/objects/template-objects.o
  CXX(host) /Users/ziangwang/Sources/vibeos/target/node-runtime/fresh-57/source/node-v24.14.0/out/Release/obj.host/v8_base_without_compiler/deps/v8/src/objects/templates.o
  CXX(host) /Users/ziangwang/Sources/vibeos/target/node-runtime/fresh-57/source/node-v24.14.0/out/Release/obj.host/v8_base_without_compiler/deps/v8/src/objects/transitions.o
  CXX(host) /Users/ziangwang/Sources/vibeos/target/node-runtime/fresh-57/source/node-v24.14.0/out/Release/obj.host/v8_base_without_compiler/deps/v8/src/objects/type-hints.o
  CXX(host) /Users/ziangwang/Sources/vibeos/target/node-runtime/fresh-57/source/node-v24.14.0/out/Release/obj.host/v8_base_without_compiler/deps/v8/src/objects/value-serializer.o
  CXX(host) /Users/ziangwang/Sources/vibeos/target/node-runtime/fresh-57/source/node-v24.14.0/out/Release/obj.host/v8_base_without_compiler/deps/v8/src/objects/visitors.o
  CXX(host) /Users/ziangwang/Sources/vibeos/target/node-runtime/fresh-57/source/node-v24.14.0/out/Release/obj.host/v8_base_without_compiler/deps/v8/src/objects/waiter-queue-node.o
  CXX(host) /Users/ziangwang/Sources/vibeos/target/node-runtime/fresh-57/source/node-v24.14.0/out/Release/obj.host/v8_base_without_compiler/deps/v8/src/parsing/func-name-inferrer.o
  CXX(host) /Users/ziangwang/Sources/vibeos/target/node-runtime/fresh-57/source/node-v24.14.0/out/Release/obj.host/v8_base_without_compiler/deps/v8/src/parsing/import-attributes.o
  CXX(host) /Users/ziangwang/Sources/vibeos/target/node-runtime/fresh-57/source/node-v24.14.0/out/Release/obj.host/v8_base_without_compiler/deps/v8/src/parsing/literal-buffer.o
  CXX(host) /Users/ziangwang/Sources/vibeos/target/node-runtime/fresh-57/source/node-v24.14.0/out/Release/obj.host/v8_base_without_compiler/deps/v8/src/parsing/parse-info.o
  CXX(host) /Users/ziangwang/Sources/vibeos/target/node-runtime/fresh-57/source/node-v24.14.0/out/Release/obj.host/v8_base_without_compiler/deps/v8/src/parsing/parser.o
  CXX(host) /Users/ziangwang/Sources/vibeos/target/node-runtime/fresh-57/source/node-v24.14.0/out/Release/obj.host/v8_base_without_compiler/deps/v8/src/parsing/parsing.o
  CXX(host) /Users/ziangwang/Sources/vibeos/target/node-runtime/fresh-57/source/node-v24.14.0/out/Release/obj.host/v8_base_without_compiler/deps/v8/src/parsing/pending-compilation-error-handler.o
  CXX(host) /Users/ziangwang/Sources/vibeos/target/node-runtime/fresh-57/source/node-v24.14.0/out/Release/obj.host/v8_base_without_compiler/deps/v8/src/parsing/preparse-data.o
  CXX(host) /Users/ziangwang/Sources/vibeos/target/node-runtime/fresh-57/source/node-v24.14.0/out/Release/obj.host/v8_base_without_compiler/deps/v8/src/parsing/preparser.o
  CXX(host) /Users/ziangwang/Sources/vibeos/target/node-runtime/fresh-57/source/node-v24.14.0/out/Release/obj.host/v8_base_without_compiler/deps/v8/src/parsing/rewriter.o
  CXX(host) /Users/ziangwang/Sources/vibeos/target/node-runtime/fresh-57/source/node-v24.14.0/out/Release/obj.host/v8_base_without_compiler/deps/v8/src/parsing/scanner-character-streams.o
  CXX(host) /Users/ziangwang/Sources/vibeos/target/node-runtime/fresh-57/source/node-v24.14.0/out/Release/obj.host/v8_base_without_compiler/deps/v8/src/parsing/scanner.o
  CXX(host) /Users/ziangwang/Sources/vibeos/target/node-runtime/fresh-57/source/node-v24.14.0/out/Release/obj.host/v8_base_without_compiler/deps/v8/src/parsing/token.o
  CXX(host) /Users/ziangwang/Sources/vibeos/target/node-runtime/fresh-57/source/node-v24.14.0/out/Release/obj.host/v8_base_without_compiler/deps/v8/src/profiler/allocation-tracker.o
  CXX(host) /Users/ziangwang/Sources/vibeos/target/node-runtime/fresh-57/source/node-v24.14.0/out/Release/obj.host/v8_base_without_compiler/deps/v8/src/profiler/cpu-profiler.o
  CXX(host) /Users/ziangwang/Sources/vibeos/target/node-runtime/fresh-57/source/node-v24.14.0/out/Release/obj.host/v8_base_without_compiler/deps/v8/src/profiler/heap-profiler.o
  CXX(host) /Users/ziangwang/Sources/vibeos/target/node-runtime/fresh-57/source/node-v24.14.0/out/Release/obj.host/v8_base_without_compiler/deps/v8/src/profiler/heap-snapshot-generator.o
  CXX(host) /Users/ziangwang/Sources/vibeos/target/node-runtime/fresh-57/source/node-v24.14.0/out/Release/obj.host/v8_base_without_compiler/deps/v8/src/profiler/profile-generator.o
  CXX(host) /Users/ziangwang/Sources/vibeos/target/node-runtime/fresh-57/source/node-v24.14.0/out/Release/obj.host/v8_base_without_compiler/deps/v8/src/profiler/profiler-listener.o
  CXX(host) /Users/ziangwang/Sources/vibeos/target/node-runtime/fresh-57/source/node-v24.14.0/out/Release/obj.host/v8_base_without_compiler/deps/v8/src/profiler/profiler-stats.o
  CXX(host) /Users/ziangwang/Sources/vibeos/target/node-runtime/fresh-57/source/node-v24.14.0/out/Release/obj.host/v8_base_without_compiler/deps/v8/src/profiler/sampling-heap-profiler.o
  CXX(host) /Users/ziangwang/Sources/vibeos/target/node-runtime/fresh-57/source/node-v24.14.0/out/Release/obj.host/v8_base_without_compiler/deps/v8/src/profiler/strings-storage.o
  CXX(host) /Users/ziangwang/Sources/vibeos/target/node-runtime/fresh-57/source/node-v24.14.0/out/Release/obj.host/v8_base_without_compiler/deps/v8/src/profiler/symbolizer.o
  CXX(host) /Users/ziangwang/Sources/vibeos/target/node-runtime/fresh-57/source/node-v24.14.0/out/Release/obj.host/v8_base_without_compiler/deps/v8/src/profiler/tick-sample.o
  CXX(host) /Users/ziangwang/Sources/vibeos/target/node-runtime/fresh-57/source/node-v24.14.0/out/Release/obj.host/v8_base_without_compiler/deps/v8/src/profiler/tracing-cpu-profiler.o
  CXX(host) /Users/ziangwang/Sources/vibeos/target/node-runtime/fresh-57/source/node-v24.14.0/out/Release/obj.host/v8_base_without_compiler/deps/v8/src/profiler/weak-code-registry.o
  CXX(host) /Users/ziangwang/Sources/vibeos/target/node-runtime/fresh-57/source/node-v24.14.0/out/Release/obj.host/v8_base_without_compiler/deps/v8/src/regexp/experimental/experimental-bytecode.o
  CXX(host) /Users/ziangwang/Sources/vibeos/target/node-runtime/fresh-57/source/node-v24.14.0/out/Release/obj.host/v8_base_without_compiler/deps/v8/src/regexp/experimental/experimental-compiler.o
  CXX(host) /Users/ziangwang/Sources/vibeos/target/node-runtime/fresh-57/source/node-v24.14.0/out/Release/obj.host/v8_base_without_compiler/deps/v8/src/regexp/experimental/experimental-interpreter.o
  CXX(host) /Users/ziangwang/Sources/vibeos/target/node-runtime/fresh-57/source/node-v24.14.0/out/Release/obj.host/v8_base_without_compiler/deps/v8/src/regexp/experimental/experimental.o
  CXX(host) /Users/ziangwang/Sources/vibeos/target/node-runtime/fresh-57/source/node-v24.14.0/out/Release/obj.host/v8_base_without_compiler/deps/v8/src/regexp/regexp-ast.o
  CXX(host) /Users/ziangwang/Sources/vibeos/target/node-runtime/fresh-57/source/node-v24.14.0/out/Release/obj.host/v8_base_without_compiler/deps/v8/src/regexp/regexp-bytecode-generator.o
  CXX(host) /Users/ziangwang/Sources/vibeos/target/node-runtime/fresh-57/source/node-v24.14.0/out/Release/obj.host/v8_base_without_compiler/deps/v8/src/regexp/regexp-bytecode-peephole.o
  CXX(host) /Users/ziangwang/Sources/vibeos/target/node-runtime/fresh-57/source/node-v24.14.0/out/Release/obj.host/v8_base_without_compiler/deps/v8/src/regexp/regexp-bytecodes.o
  CXX(host) /Users/ziangwang/Sources/vibeos/target/node-runtime/fresh-57/source/node-v24.14.0/out/Release/obj.host/v8_base_without_compiler/deps/v8/src/regexp/regexp-compiler-tonode.o
  CXX(host) /Users/ziangwang/Sources/vibeos/target/node-runtime/fresh-57/source/node-v24.14.0/out/Release/obj.host/v8_base_without_compiler/deps/v8/src/regexp/regexp-compiler.o
  CXX(host) /Users/ziangwang/Sources/vibeos/target/node-runtime/fresh-57/source/node-v24.14.0/out/Release/obj.host/v8_base_without_compiler/deps/v8/src/regexp/regexp-dotprinter.o
  CXX(host) /Users/ziangwang/Sources/vibeos/target/node-runtime/fresh-57/source/node-v24.14.0/out/Release/obj.host/v8_base_without_compiler/deps/v8/src/regexp/regexp-error.o
  CXX(host) /Users/ziangwang/Sources/vibeos/target/node-runtime/fresh-57/source/node-v24.14.0/out/Release/obj.host/v8_base_without_compiler/deps/v8/src/regexp/regexp-interpreter.o
  CXX(host) /Users/ziangwang/Sources/vibeos/target/node-runtime/fresh-57/source/node-v24.14.0/out/Release/obj.host/v8_base_without_compiler/deps/v8/src/regexp/regexp-macro-assembler-tracer.o
  CXX(host) /Users/ziangwang/Sources/vibeos/target/node-runtime/fresh-57/source/node-v24.14.0/out/Release/obj.host/v8_base_without_compiler/deps/v8/src/regexp/regexp-macro-assembler.o
  CXX(host) /Users/ziangwang/Sources/vibeos/target/node-runtime/fresh-57/source/node-v24.14.0/out/Release/obj.host/v8_base_without_compiler/deps/v8/src/regexp/regexp-parser.o
  CXX(host) /Users/ziangwang/Sources/vibeos/target/node-runtime/fresh-57/source/node-v24.14.0/out/Release/obj.host/v8_base_without_compiler/deps/v8/src/regexp/regexp-result-vector.o
  CXX(host) /Users/ziangwang/Sources/vibeos/target/node-runtime/fresh-57/source/node-v24.14.0/out/Release/obj.host/v8_base_without_compiler/deps/v8/src/regexp/regexp-stack.o
  CXX(host) /Users/ziangwang/Sources/vibeos/target/node-runtime/fresh-57/source/node-v24.14.0/out/Release/obj.host/v8_base_without_compiler/deps/v8/src/regexp/regexp-utils.o
  CXX(host) /Users/ziangwang/Sources/vibeos/target/node-runtime/fresh-57/source/node-v24.14.0/out/Release/obj.host/v8_base_without_compiler/deps/v8/src/regexp/regexp.o
  CXX(host) /Users/ziangwang/Sources/vibeos/target/node-runtime/fresh-57/source/node-v24.14.0/out/Release/obj.host/v8_base_without_compiler/deps/v8/src/roots/roots.o
  CXX(host) /Users/ziangwang/Sources/vibeos/target/node-runtime/fresh-57/source/node-v24.14.0/out/Release/obj.host/v8_base_without_compiler/deps/v8/src/runtime/runtime-array.o
  CXX(host) /Users/ziangwang/Sources/vibeos/target/node-runtime/fresh-57/source/node-v24.14.0/out/Release/obj.host/v8_base_without_compiler/deps/v8/src/runtime/runtime-atomics.o
  CXX(host) /Users/ziangwang/Sources/vibeos/target/node-runtime/fresh-57/source/node-v24.14.0/out/Release/obj.host/v8_base_without_compiler/deps/v8/src/runtime/runtime-bigint.o
  CXX(host) /Users/ziangwang/Sources/vibeos/target/node-runtime/fresh-57/source/node-v24.14.0/out/Release/obj.host/v8_base_without_compiler/deps/v8/src/runtime/runtime-classes.o
  CXX(host) /Users/ziangwang/Sources/vibeos/target/node-runtime/fresh-57/source/node-v24.14.0/out/Release/obj.host/v8_base_without_compiler/deps/v8/src/runtime/runtime-collections.o
  CXX(host) /Users/ziangwang/Sources/vibeos/target/node-runtime/fresh-57/source/node-v24.14.0/out/Release/obj.host/v8_base_without_compiler/deps/v8/src/runtime/runtime-compiler.o
  CXX(host) /Users/ziangwang/Sources/vibeos/target/node-runtime/fresh-57/source/node-v24.14.0/out/Release/obj.host/v8_base_without_compiler/deps/v8/src/runtime/runtime-date.o
  CXX(host) /Users/ziangwang/Sources/vibeos/target/node-runtime/fresh-57/source/node-v24.14.0/out/Release/obj.host/v8_base_without_compiler/deps/v8/src/runtime/runtime-debug.o
  CXX(host) /Users/ziangwang/Sources/vibeos/target/node-runtime/fresh-57/source/node-v24.14.0/out/Release/obj.host/v8_base_without_compiler/deps/v8/src/runtime/runtime-forin.o
  CXX(host) /Users/ziangwang/Sources/vibeos/target/node-runtime/fresh-57/source/node-v24.14.0/out/Release/obj.host/v8_base_without_compiler/deps/v8/src/runtime/runtime-function.o
  CXX(host) /Users/ziangwang/Sources/vibeos/target/node-runtime/fresh-57/source/node-v24.14.0/out/Release/obj.host/v8_base_without_compiler/deps/v8/src/runtime/runtime-futex.o
  CXX(host) /Users/ziangwang/Sources/vibeos/target/node-runtime/fresh-57/source/node-v24.14.0/out/Release/obj.host/v8_base_without_compiler/deps/v8/src/runtime/runtime-generator.o
  CXX(host) /Users/ziangwang/Sources/vibeos/target/node-runtime/fresh-57/source/node-v24.14.0/out/Release/obj.host/v8_base_without_compiler/deps/v8/src/runtime/runtime-internal.o
  CXX(host) /Users/ziangwang/Sources/vibeos/target/node-runtime/fresh-57/source/node-v24.14.0/out/Release/obj.host/v8_base_without_compiler/deps/v8/src/runtime/runtime-literals.o
  CXX(host) /Users/ziangwang/Sources/vibeos/target/node-runtime/fresh-57/source/node-v24.14.0/out/Release/obj.host/v8_base_without_compiler/deps/v8/src/runtime/runtime-module.o
  CXX(host) /Users/ziangwang/Sources/vibeos/target/node-runtime/fresh-57/source/node-v24.14.0/out/Release/obj.host/v8_base_without_compiler/deps/v8/src/runtime/runtime-numbers.o
  CXX(host) /Users/ziangwang/Sources/vibeos/target/node-runtime/fresh-57/source/node-v24.14.0/out/Release/obj.host/v8_base_without_compiler/deps/v8/src/runtime/runtime-object.o
  CXX(host) /Users/ziangwang/Sources/vibeos/target/node-runtime/fresh-57/source/node-v24.14.0/out/Release/obj.host/v8_base_without_compiler/deps/v8/src/runtime/runtime-operators.o
  CXX(host) /Users/ziangwang/Sources/vibeos/target/node-runtime/fresh-57/source/node-v24.14.0/out/Release/obj.host/v8_base_without_compiler/deps/v8/src/runtime/runtime-promise.o
  CXX(host) /Users/ziangwang/Sources/vibeos/target/node-runtime/fresh-57/source/node-v24.14.0/out/Release/obj.host/v8_base_without_compiler/deps/v8/src/runtime/runtime-proxy.o
  CXX(host) /Users/ziangwang/Sources/vibeos/target/node-runtime/fresh-57/source/node-v24.14.0/out/Release/obj.host/v8_base_without_compiler/deps/v8/src/runtime/runtime-regexp.o
  CXX(host) /Users/ziangwang/Sources/vibeos/target/node-runtime/fresh-57/source/node-v24.14.0/out/Release/obj.host/v8_base_without_compiler/deps/v8/src/runtime/runtime-scopes.o
  CXX(host) /Users/ziangwang/Sources/vibeos/target/node-runtime/fresh-57/source/node-v24.14.0/out/Release/obj.host/v8_base_without_compiler/deps/v8/src/runtime/runtime-shadow-realm.o
  CXX(host) /Users/ziangwang/Sources/vibeos/target/node-runtime/fresh-57/source/node-v24.14.0/out/Release/obj.host/v8_base_without_compiler/deps/v8/src/runtime/runtime-strings.o
  CXX(host) /Users/ziangwang/Sources/vibeos/target/node-runtime/fresh-57/source/node-v24.14.0/out/Release/obj.host/v8_base_without_compiler/deps/v8/src/runtime/runtime-symbol.o
  CXX(host) /Users/ziangwang/Sources/vibeos/target/node-runtime/fresh-57/source/node-v24.14.0/out/Release/obj.host/v8_base_without_compiler/deps/v8/src/runtime/runtime-temporal.o
  CXX(host) /Users/ziangwang/Sources/vibeos/target/node-runtime/fresh-57/source/node-v24.14.0/out/Release/obj.host/v8_base_without_compiler/deps/v8/src/runtime/runtime-test.o
  CXX(host) /Users/ziangwang/Sources/vibeos/target/node-runtime/fresh-57/source/node-v24.14.0/out/Release/obj.host/v8_base_without_compiler/deps/v8/src/runtime/runtime-trace.o
  CXX(host) /Users/ziangwang/Sources/vibeos/target/node-runtime/fresh-57/source/node-v24.14.0/out/Release/obj.host/v8_base_without_compiler/deps/v8/src/runtime/runtime-typedarray.o
  CXX(host) /Users/ziangwang/Sources/vibeos/target/node-runtime/fresh-57/source/node-v24.14.0/out/Release/obj.host/v8_base_without_compiler/deps/v8/src/runtime/runtime-utils.o
  CXX(host) /Users/ziangwang/Sources/vibeos/target/node-runtime/fresh-57/source/node-v24.14.0/out/Release/obj.host/v8_base_without_compiler/deps/v8/src/runtime/runtime-weak-refs.o
  CXX(host) /Users/ziangwang/Sources/vibeos/target/node-runtime/fresh-57/source/node-v24.14.0/out/Release/obj.host/v8_base_without_compiler/deps/v8/src/runtime/runtime.o
  CXX(host) /Users/ziangwang/Sources/vibeos/target/node-runtime/fresh-57/source/node-v24.14.0/out/Release/obj.host/v8_base_without_compiler/deps/v8/src/sandbox/code-pointer-table.o
  CXX(host) /Users/ziangwang/Sources/vibeos/target/node-runtime/fresh-57/source/node-v24.14.0/out/Release/obj.host/v8_base_without_compiler/deps/v8/src/sandbox/cppheap-pointer-table.o
  CXX(host) /Users/ziangwang/Sources/vibeos/target/node-runtime/fresh-57/source/node-v24.14.0/out/Release/obj.host/v8_base_without_compiler/deps/v8/src/sandbox/external-pointer-table.o
  CXX(host) /Users/ziangwang/Sources/vibeos/target/node-runtime/fresh-57/source/node-v24.14.0/out/Release/obj.host/v8_base_without_compiler/deps/v8/src/sandbox/hardware-support.o
  CXX(host) /Users/ziangwang/Sources/vibeos/target/node-runtime/fresh-57/source/node-v24.14.0/out/Release/obj.host/v8_base_without_compiler/deps/v8/src/sandbox/js-dispatch-table.o
  CXX(host) /Users/ziangwang/Sources/vibeos/target/node-runtime/fresh-57/source/node-v24.14.0/out/Release/obj.host/v8_base_without_compiler/deps/v8/src/sandbox/sandbox.o
  CXX(host) /Users/ziangwang/Sources/vibeos/target/node-runtime/fresh-57/source/node-v24.14.0/out/Release/obj.host/v8_base_without_compiler/deps/v8/src/sandbox/testing.o
  CXX(host) /Users/ziangwang/Sources/vibeos/target/node-runtime/fresh-57/source/node-v24.14.0/out/Release/obj.host/v8_base_without_compiler/deps/v8/src/sandbox/trusted-pointer-scope.o
  CXX(host) /Users/ziangwang/Sources/vibeos/target/node-runtime/fresh-57/source/node-v24.14.0/out/Release/obj.host/v8_base_without_compiler/deps/v8/src/sandbox/trusted-pointer-table.o
  CXX(host) /Users/ziangwang/Sources/vibeos/target/node-runtime/fresh-57/source/node-v24.14.0/out/Release/obj.host/v8_base_without_compiler/deps/v8/src/snapshot/code-serializer.o
  CXX(host) /Users/ziangwang/Sources/vibeos/target/node-runtime/fresh-57/source/node-v24.14.0/out/Release/obj.host/v8_base_without_compiler/deps/v8/src/snapshot/context-deserializer.o
  CXX(host) /Users/ziangwang/Sources/vibeos/target/node-runtime/fresh-57/source/node-v24.14.0/out/Release/obj.host/v8_base_without_compiler/deps/v8/src/snapshot/context-serializer.o
  CXX(host) /Users/ziangwang/Sources/vibeos/target/node-runtime/fresh-57/source/node-v24.14.0/out/Release/obj.host/v8_base_without_compiler/deps/v8/src/snapshot/deserializer.o
  CXX(host) /Users/ziangwang/Sources/vibeos/target/node-runtime/fresh-57/source/node-v24.14.0/out/Release/obj.host/v8_base_without_compiler/deps/v8/src/snapshot/embedded/embedded-data.o
  CXX(host) /Users/ziangwang/Sources/vibeos/target/node-runtime/fresh-57/source/node-v24.14.0/out/Release/obj.host/v8_base_without_compiler/deps/v8/src/snapshot/object-deserializer.o
  CXX(host) /Users/ziangwang/Sources/vibeos/target/node-runtime/fresh-57/source/node-v24.14.0/out/Release/obj.host/v8_base_without_compiler/deps/v8/src/snapshot/read-only-deserializer.o
  CXX(host) /Users/ziangwang/Sources/vibeos/target/node-runtime/fresh-57/source/node-v24.14.0/out/Release/obj.host/v8_base_without_compiler/deps/v8/src/snapshot/read-only-serializer.o
  CXX(host) /Users/ziangwang/Sources/vibeos/target/node-runtime/fresh-57/source/node-v24.14.0/out/Release/obj.host/v8_base_without_compiler/deps/v8/src/snapshot/roots-serializer.o
  CXX(host) /Users/ziangwang/Sources/vibeos/target/node-runtime/fresh-57/source/node-v24.14.0/out/Release/obj.host/v8_base_without_compiler/deps/v8/src/snapshot/serializer-deserializer.o
  CXX(host) /Users/ziangwang/Sources/vibeos/target/node-runtime/fresh-57/source/node-v24.14.0/out/Release/obj.host/v8_base_without_compiler/deps/v8/src/snapshot/serializer.o
  CXX(host) /Users/ziangwang/Sources/vibeos/target/node-runtime/fresh-57/source/node-v24.14.0/out/Release/obj.host/v8_base_without_compiler/deps/v8/src/snapshot/shared-heap-deserializer.o
  CXX(host) /Users/ziangwang/Sources/vibeos/target/node-runtime/fresh-57/source/node-v24.14.0/out/Release/obj.host/v8_base_without_compiler/deps/v8/src/snapshot/shared-heap-serializer.o
  CXX(host) /Users/ziangwang/Sources/vibeos/target/node-runtime/fresh-57/source/node-v24.14.0/out/Release/obj.host/v8_base_without_compiler/deps/v8/src/snapshot/snapshot-data.o
  CXX(host) /Users/ziangwang/Sources/vibeos/target/node-runtime/fresh-57/source/node-v24.14.0/out/Release/obj.host/v8_base_without_compiler/deps/v8/src/snapshot/snapshot-source-sink.o
  CXX(host) /Users/ziangwang/Sources/vibeos/target/node-runtime/fresh-57/source/node-v24.14.0/out/Release/obj.host/v8_base_without_compiler/deps/v8/src/snapshot/snapshot-utils.o
  CXX(host) /Users/ziangwang/Sources/vibeos/target/node-runtime/fresh-57/source/node-v24.14.0/out/Release/obj.host/v8_base_without_compiler/deps/v8/src/snapshot/snapshot.o
  CXX(host) /Users/ziangwang/Sources/vibeos/target/node-runtime/fresh-57/source/node-v24.14.0/out/Release/obj.host/v8_base_without_compiler/deps/v8/src/snapshot/sort-builtins.o
  CXX(host) /Users/ziangwang/Sources/vibeos/target/node-runtime/fresh-57/source/node-v24.14.0/out/Release/obj.host/v8_base_without_compiler/deps/v8/src/snapshot/startup-deserializer.o
  CXX(host) /Users/ziangwang/Sources/vibeos/target/node-runtime/fresh-57/source/node-v24.14.0/out/Release/obj.host/v8_base_without_compiler/deps/v8/src/snapshot/startup-serializer.o
  CXX(host) /Users/ziangwang/Sources/vibeos/target/node-runtime/fresh-57/source/node-v24.14.0/out/Release/obj.host/v8_base_without_compiler/deps/v8/src/strings/string-builder.o
  CXX(host) /Users/ziangwang/Sources/vibeos/target/node-runtime/fresh-57/source/node-v24.14.0/out/Release/obj.host/v8_base_without_compiler/deps/v8/src/strings/string-case.o
  CXX(host) /Users/ziangwang/Sources/vibeos/target/node-runtime/fresh-57/source/node-v24.14.0/out/Release/obj.host/v8_base_without_compiler/deps/v8/src/strings/string-stream.o
  CXX(host) /Users/ziangwang/Sources/vibeos/target/node-runtime/fresh-57/source/node-v24.14.0/out/Release/obj.host/v8_base_without_compiler/deps/v8/src/strings/unicode-decoder.o
  CXX(host) /Users/ziangwang/Sources/vibeos/target/node-runtime/fresh-57/source/node-v24.14.0/out/Release/obj.host/v8_base_without_compiler/deps/v8/src/strings/unicode.o
  CXX(host) /Users/ziangwang/Sources/vibeos/target/node-runtime/fresh-57/source/node-v24.14.0/out/Release/obj.host/v8_base_without_compiler/deps/v8/src/strings/uri.o
  CXX(host) /Users/ziangwang/Sources/vibeos/target/node-runtime/fresh-57/source/node-v24.14.0/out/Release/obj.host/v8_base_without_compiler/deps/v8/src/tasks/cancelable-task.o
  CXX(host) /Users/ziangwang/Sources/vibeos/target/node-runtime/fresh-57/source/node-v24.14.0/out/Release/obj.host/v8_base_without_compiler/deps/v8/src/tasks/operations-barrier.o
  CXX(host) /Users/ziangwang/Sources/vibeos/target/node-runtime/fresh-57/source/node-v24.14.0/out/Release/obj.host/v8_base_without_compiler/deps/v8/src/tasks/task-utils.o
  CXX(host) /Users/ziangwang/Sources/vibeos/target/node-runtime/fresh-57/source/node-v24.14.0/out/Release/obj.host/v8_base_without_compiler/deps/v8/src/temporal/temporal-parser.o
  CXX(host) /Users/ziangwang/Sources/vibeos/target/node-runtime/fresh-57/source/node-v24.14.0/out/Release/obj.host/v8_base_without_compiler/deps/v8/src/tracing/trace-event.o
  CXX(host) /Users/ziangwang/Sources/vibeos/target/node-runtime/fresh-57/source/node-v24.14.0/out/Release/obj.host/v8_base_without_compiler/deps/v8/src/tracing/traced-value.o
  CXX(host) /Users/ziangwang/Sources/vibeos/target/node-runtime/fresh-57/source/node-v24.14.0/out/Release/obj.host/v8_base_without_compiler/deps/v8/src/tracing/tracing-category-observer.o
  CXX(host) /Users/ziangwang/Sources/vibeos/target/node-runtime/fresh-57/source/node-v24.14.0/out/Release/obj.host/v8_base_without_compiler/deps/v8/src/utils/address-map.o
  CXX(host) /Users/ziangwang/Sources/vibeos/target/node-runtime/fresh-57/source/node-v24.14.0/out/Release/obj.host/v8_base_without_compiler/deps/v8/src/utils/allocation.o
  CXX(host) /Users/ziangwang/Sources/vibeos/target/node-runtime/fresh-57/source/node-v24.14.0/out/Release/obj.host/v8_base_without_compiler/deps/v8/src/utils/bit-vector.o
  CXX(host) /Users/ziangwang/Sources/vibeos/target/node-runtime/fresh-57/source/node-v24.14.0/out/Release/obj.host/v8_base_without_compiler/deps/v8/src/utils/detachable-vector.o
  CXX(host) /Users/ziangwang/Sources/vibeos/target/node-runtime/fresh-57/source/node-v24.14.0/out/Release/obj.host/v8_base_without_compiler/deps/v8/src/utils/hex-format.o
  CXX(host) /Users/ziangwang/Sources/vibeos/target/node-runtime/fresh-57/source/node-v24.14.0/out/Release/obj.host/v8_base_without_compiler/deps/v8/src/utils/identity-map.o
  CXX(host) /Users/ziangwang/Sources/vibeos/target/node-runtime/fresh-57/source/node-v24.14.0/out/Release/obj.host/v8_base_without_compiler/deps/v8/src/utils/memcopy.o
  CXX(host) /Users/ziangwang/Sources/vibeos/target/node-runtime/fresh-57/source/node-v24.14.0/out/Release/obj.host/v8_base_without_compiler/deps/v8/src/utils/ostreams.o
  CXX(host) /Users/ziangwang/Sources/vibeos/target/node-runtime/fresh-57/source/node-v24.14.0/out/Release/obj.host/v8_base_without_compiler/deps/v8/src/utils/sha-256.o
  CXX(host) /Users/ziangwang/Sources/vibeos/target/node-runtime/fresh-57/source/node-v24.14.0/out/Release/obj.host/v8_base_without_compiler/deps/v8/src/utils/utils.o
  CXX(host) /Users/ziangwang/Sources/vibeos/target/node-runtime/fresh-57/source/node-v24.14.0/out/Release/obj.host/v8_base_without_compiler/deps/v8/src/utils/version.o
  CXX(host) /Users/ziangwang/Sources/vibeos/target/node-runtime/fresh-57/source/node-v24.14.0/out/Release/obj.host/v8_base_without_compiler/deps/v8/src/zone/accounting-allocator.o
  CXX(host) /Users/ziangwang/Sources/vibeos/target/node-runtime/fresh-57/source/node-v24.14.0/out/Release/obj.host/v8_base_without_compiler/deps/v8/src/zone/type-stats.o
  CXX(host) /Users/ziangwang/Sources/vibeos/target/node-runtime/fresh-57/source/node-v24.14.0/out/Release/obj.host/v8_base_without_compiler/deps/v8/src/zone/zone-segment.o
  CXX(host) /Users/ziangwang/Sources/vibeos/target/node-runtime/fresh-57/source/node-v24.14.0/out/Release/obj.host/v8_base_without_compiler/deps/v8/src/zone/zone.o
  CXX(host) /Users/ziangwang/Sources/vibeos/target/node-runtime/fresh-57/source/node-v24.14.0/out/Release/obj.host/v8_base_without_compiler/deps/v8/third_party/siphash/halfsiphash.o
  CXX(host) /Users/ziangwang/Sources/vibeos/target/node-runtime/fresh-57/source/node-v24.14.0/out/Release/obj.host/v8_base_without_compiler/deps/v8/src/inspector/crc32.o
  CXX(host) /Users/ziangwang/Sources/vibeos/target/node-runtime/fresh-57/source/node-v24.14.0/out/Release/obj.host/v8_base_without_compiler/deps/v8/src/inspector/custom-preview.o
  CXX(host) /Users/ziangwang/Sources/vibeos/target/node-runtime/fresh-57/source/node-v24.14.0/out/Release/obj.host/v8_base_without_compiler/deps/v8/src/inspector/injected-script.o
  CXX(host) /Users/ziangwang/Sources/vibeos/target/node-runtime/fresh-57/source/node-v24.14.0/out/Release/obj.host/v8_base_without_compiler/deps/v8/src/inspector/inspected-context.o
  CXX(host) /Users/ziangwang/Sources/vibeos/target/node-runtime/fresh-57/source/node-v24.14.0/out/Release/obj.host/v8_base_without_compiler/deps/v8/src/inspector/remote-object-id.o
  CXX(host) /Users/ziangwang/Sources/vibeos/target/node-runtime/fresh-57/source/node-v24.14.0/out/Release/obj.host/v8_base_without_compiler/deps/v8/src/inspector/search-util.o
  CXX(host) /Users/ziangwang/Sources/vibeos/target/node-runtime/fresh-57/source/node-v24.14.0/out/Release/obj.host/v8_base_without_compiler/deps/v8/src/inspector/string-16.o
  CXX(host) /Users/ziangwang/Sources/vibeos/target/node-runtime/fresh-57/source/node-v24.14.0/out/Release/obj.host/v8_base_without_compiler/deps/v8/src/inspector/string-util.o
  CXX(host) /Users/ziangwang/Sources/vibeos/target/node-runtime/fresh-57/source/node-v24.14.0/out/Release/obj.host/v8_base_without_compiler/deps/v8/src/inspector/test-interface.o
  CXX(host) /Users/ziangwang/Sources/vibeos/target/node-runtime/fresh-57/source/node-v24.14.0/out/Release/obj.host/v8_base_without_compiler/deps/v8/src/inspector/v8-console-agent-impl.o
  CXX(host) /Users/ziangwang/Sources/vibeos/target/node-runtime/fresh-57/source/node-v24.14.0/out/Release/obj.host/v8_base_without_compiler/deps/v8/src/inspector/v8-console-message.o
  CXX(host) /Users/ziangwang/Sources/vibeos/target/node-runtime/fresh-57/source/node-v24.14.0/out/Release/obj.host/v8_base_without_compiler/deps/v8/src/inspector/v8-console.o
  CXX(host) /Users/ziangwang/Sources/vibeos/target/node-runtime/fresh-57/source/node-v24.14.0/out/Release/obj.host/v8_base_without_compiler/deps/v8/src/inspector/v8-debugger-agent-impl.o
  CXX(host) /Users/ziangwang/Sources/vibeos/target/node-runtime/fresh-57/source/node-v24.14.0/out/Release/obj.host/v8_base_without_compiler/deps/v8/src/inspector/v8-debugger-barrier.o
  CXX(host) /Users/ziangwang/Sources/vibeos/target/node-runtime/fresh-57/source/node-v24.14.0/out/Release/obj.host/v8_base_without_compiler/deps/v8/src/inspector/v8-debugger-id.o
  CXX(host) /Users/ziangwang/Sources/vibeos/target/node-runtime/fresh-57/source/node-v24.14.0/out/Release/obj.host/v8_base_without_compiler/deps/v8/src/inspector/v8-debugger-script.o
  CXX(host) /Users/ziangwang/Sources/vibeos/target/node-runtime/fresh-57/source/node-v24.14.0/out/Release/obj.host/v8_base_without_compiler/deps/v8/src/inspector/v8-debugger.o
  CXX(host) /Users/ziangwang/Sources/vibeos/target/node-runtime/fresh-57/source/node-v24.14.0/out/Release/obj.host/v8_base_without_compiler/deps/v8/src/inspector/v8-deep-serializer.o
  CXX(host) /Users/ziangwang/Sources/vibeos/target/node-runtime/fresh-57/source/node-v24.14.0/out/Release/obj.host/v8_base_without_compiler/deps/v8/src/inspector/v8-heap-profiler-agent-impl.o
  CXX(host) /Users/ziangwang/Sources/vibeos/target/node-runtime/fresh-57/source/node-v24.14.0/out/Release/obj.host/v8_base_without_compiler/deps/v8/src/inspector/v8-inspector-impl.o
  CXX(host) /Users/ziangwang/Sources/vibeos/target/node-runtime/fresh-57/source/node-v24.14.0/out/Release/obj.host/v8_base_without_compiler/deps/v8/src/inspector/v8-inspector-session-impl.o
  CXX(host) /Users/ziangwang/Sources/vibeos/target/node-runtime/fresh-57/source/node-v24.14.0/out/Release/obj.host/v8_base_without_compiler/deps/v8/src/inspector/v8-profiler-agent-impl.o
  CXX(host) /Users/ziangwang/Sources/vibeos/target/node-runtime/fresh-57/source/node-v24.14.0/out/Release/obj.host/v8_base_without_compiler/deps/v8/src/inspector/v8-regex.o
  CXX(host) /Users/ziangwang/Sources/vibeos/target/node-runtime/fresh-57/source/node-v24.14.0/out/Release/obj.host/v8_base_without_compiler/deps/v8/src/inspector/v8-runtime-agent-impl.o
  CXX(host) /Users/ziangwang/Sources/vibeos/target/node-runtime/fresh-57/source/node-v24.14.0/out/Release/obj.host/v8_base_without_compiler/deps/v8/src/inspector/v8-schema-agent-impl.o
  CXX(host) /Users/ziangwang/Sources/vibeos/target/node-runtime/fresh-57/source/node-v24.14.0/out/Release/obj.host/v8_base_without_compiler/deps/v8/src/inspector/v8-serialization-duplicate-tracker.o
  CXX(host) /Users/ziangwang/Sources/vibeos/target/node-runtime/fresh-57/source/node-v24.14.0/out/Release/obj.host/v8_base_without_compiler/deps/v8/src/inspector/v8-stack-trace-impl.o
  CXX(host) /Users/ziangwang/Sources/vibeos/target/node-runtime/fresh-57/source/node-v24.14.0/out/Release/obj.host/v8_base_without_compiler/deps/v8/src/inspector/v8-value-utils.o
  CXX(host) /Users/ziangwang/Sources/vibeos/target/node-runtime/fresh-57/source/node-v24.14.0/out/Release/obj.host/v8_base_without_compiler/deps/v8/src/inspector/value-mirror.o
  CXX(host) /Users/ziangwang/Sources/vibeos/target/node-runtime/fresh-57/source/node-v24.14.0/out/Release/obj.host/v8_base_without_compiler/deps/v8/src/inspector/v8-string-conversions.o
  CXX(host) /Users/ziangwang/Sources/vibeos/target/node-runtime/fresh-57/source/node-v24.14.0/out/Release/obj.host/v8_base_without_compiler/deps/v8/third_party/inspector_protocol/crdtp/json_platform_v8.o
  CXX(host) /Users/ziangwang/Sources/vibeos/target/node-runtime/fresh-57/source/node-v24.14.0/out/Release/obj.host/v8_base_without_compiler/deps/v8/third_party/inspector_protocol/crdtp/cbor.o
  CXX(host) /Users/ziangwang/Sources/vibeos/target/node-runtime/fresh-57/source/node-v24.14.0/out/Release/obj.host/v8_base_without_compiler/deps/v8/third_party/inspector_protocol/crdtp/dispatch.o
  CXX(host) /Users/ziangwang/Sources/vibeos/target/node-runtime/fresh-57/source/node-v24.14.0/out/Release/obj.host/v8_base_without_compiler/deps/v8/third_party/inspector_protocol/crdtp/error_support.o
  CXX(host) /Users/ziangwang/Sources/vibeos/target/node-runtime/fresh-57/source/node-v24.14.0/out/Release/obj.host/v8_base_without_compiler/deps/v8/third_party/inspector_protocol/crdtp/json.o
  CXX(host) /Users/ziangwang/Sources/vibeos/target/node-runtime/fresh-57/source/node-v24.14.0/out/Release/obj.host/v8_base_without_compiler/deps/v8/third_party/inspector_protocol/crdtp/protocol_core.o
  CXX(host) /Users/ziangwang/Sources/vibeos/target/node-runtime/fresh-57/source/node-v24.14.0/out/Release/obj.host/v8_base_without_compiler/deps/v8/third_party/inspector_protocol/crdtp/serializable.o
  CXX(host) /Users/ziangwang/Sources/vibeos/target/node-runtime/fresh-57/source/node-v24.14.0/out/Release/obj.host/v8_base_without_compiler/deps/v8/third_party/inspector_protocol/crdtp/span.o
  CXX(host) /Users/ziangwang/Sources/vibeos/target/node-runtime/fresh-57/source/node-v24.14.0/out/Release/obj.host/v8_base_without_compiler/deps/v8/third_party/inspector_protocol/crdtp/status.o
  CXX(host) /Users/ziangwang/Sources/vibeos/target/node-runtime/fresh-57/source/node-v24.14.0/out/Release/obj.host/v8_base_without_compiler/gen/inspector-generated-output-root/src/inspector/protocol/Protocol.o
  CXX(host) /Users/ziangwang/Sources/vibeos/target/node-runtime/fresh-57/source/node-v24.14.0/out/Release/obj.host/v8_base_without_compiler/gen/inspector-generated-output-root/src/inspector/protocol/Console.o
  CXX(host) /Users/ziangwang/Sources/vibeos/target/node-runtime/fresh-57/source/node-v24.14.0/out/Release/obj.host/v8_base_without_compiler/gen/inspector-generated-output-root/src/inspector/protocol/Debugger.o
  CXX(host) /Users/ziangwang/Sources/vibeos/target/node-runtime/fresh-57/source/node-v24.14.0/out/Release/obj.host/v8_base_without_compiler/gen/inspector-generated-output-root/src/inspector/protocol/HeapProfiler.o
  CXX(host) /Users/ziangwang/Sources/vibeos/target/node-runtime/fresh-57/source/node-v24.14.0/out/Release/obj.host/v8_base_without_compiler/gen/inspector-generated-output-root/src/inspector/protocol/Profiler.o
  CXX(host) /Users/ziangwang/Sources/vibeos/target/node-runtime/fresh-57/source/node-v24.14.0/out/Release/obj.host/v8_base_without_compiler/gen/inspector-generated-output-root/src/inspector/protocol/Runtime.o
  CXX(host) /Users/ziangwang/Sources/vibeos/target/node-runtime/fresh-57/source/node-v24.14.0/out/Release/obj.host/v8_base_without_compiler/gen/inspector-generated-output-root/src/inspector/protocol/Schema.o
  CXX(host) /Users/ziangwang/Sources/vibeos/target/node-runtime/fresh-57/source/node-v24.14.0/out/Release/obj.host/v8_base_without_compiler/deps/v8/src/baseline/baseline-batch-compiler.o
  CXX(host) /Users/ziangwang/Sources/vibeos/target/node-runtime/fresh-57/source/node-v24.14.0/out/Release/obj.host/v8_base_without_compiler/deps/v8/src/baseline/baseline-compiler.o
  CXX(host) /Users/ziangwang/Sources/vibeos/target/node-runtime/fresh-57/source/node-v24.14.0/out/Release/obj.host/v8_base_without_compiler/deps/v8/src/codegen/riscv/assembler-riscv.o
  CXX(host) /Users/ziangwang/Sources/vibeos/target/node-runtime/fresh-57/source/node-v24.14.0/out/Release/obj.host/v8_base_without_compiler/deps/v8/src/codegen/riscv/base-assembler-riscv.o
  CXX(host) /Users/ziangwang/Sources/vibeos/target/node-runtime/fresh-57/source/node-v24.14.0/out/Release/obj.host/v8_base_without_compiler/deps/v8/src/codegen/riscv/base-constants-riscv.o
  CXX(host) /Users/ziangwang/Sources/vibeos/target/node-runtime/fresh-57/source/node-v24.14.0/out/Release/obj.host/v8_base_without_compiler/deps/v8/src/codegen/riscv/base-riscv-i.o
  CXX(host) /Users/ziangwang/Sources/vibeos/target/node-runtime/fresh-57/source/node-v24.14.0/out/Release/obj.host/v8_base_without_compiler/deps/v8/src/codegen/riscv/cpu-riscv.o
  CXX(host) /Users/ziangwang/Sources/vibeos/target/node-runtime/fresh-57/source/node-v24.14.0/out/Release/obj.host/v8_base_without_compiler/deps/v8/src/codegen/riscv/extension-riscv-a.o
  CXX(host) /Users/ziangwang/Sources/vibeos/target/node-runtime/fresh-57/source/node-v24.14.0/out/Release/obj.host/v8_base_without_compiler/deps/v8/src/codegen/riscv/extension-riscv-b.o
  CXX(host) /Users/ziangwang/Sources/vibeos/target/node-runtime/fresh-57/source/node-v24.14.0/out/Release/obj.host/v8_base_without_compiler/deps/v8/src/codegen/riscv/extension-riscv-c.o
  CXX(host) /Users/ziangwang/Sources/vibeos/target/node-runtime/fresh-57/source/node-v24.14.0/out/Release/obj.host/v8_base_without_compiler/deps/v8/src/codegen/riscv/extension-riscv-d.o
  CXX(host) /Users/ziangwang/Sources/vibeos/target/node-runtime/fresh-57/source/node-v24.14.0/out/Release/obj.host/v8_base_without_compiler/deps/v8/src/codegen/riscv/extension-riscv-f.o
  CXX(host) /Users/ziangwang/Sources/vibeos/target/node-runtime/fresh-57/source/node-v24.14.0/out/Release/obj.host/v8_base_without_compiler/deps/v8/src/codegen/riscv/extension-riscv-m.o
  CXX(host) /Users/ziangwang/Sources/vibeos/target/node-runtime/fresh-57/source/node-v24.14.0/out/Release/obj.host/v8_base_without_compiler/deps/v8/src/codegen/riscv/extension-riscv-v.o
  CXX(host) /Users/ziangwang/Sources/vibeos/target/node-runtime/fresh-57/source/node-v24.14.0/out/Release/obj.host/v8_base_without_compiler/deps/v8/src/codegen/riscv/extension-riscv-zicond.o
  CXX(host) /Users/ziangwang/Sources/vibeos/target/node-runtime/fresh-57/source/node-v24.14.0/out/Release/obj.host/v8_base_without_compiler/deps/v8/src/codegen/riscv/extension-riscv-zicsr.o
  CXX(host) /Users/ziangwang/Sources/vibeos/target/node-runtime/fresh-57/source/node-v24.14.0/out/Release/obj.host/v8_base_without_compiler/deps/v8/src/codegen/riscv/extension-riscv-zifencei.o
  CXX(host) /Users/ziangwang/Sources/vibeos/target/node-runtime/fresh-57/source/node-v24.14.0/out/Release/obj.host/v8_base_without_compiler/deps/v8/src/codegen/riscv/macro-assembler-riscv.o
  CXX(host) /Users/ziangwang/Sources/vibeos/target/node-runtime/fresh-57/source/node-v24.14.0/out/Release/obj.host/v8_base_without_compiler/deps/v8/src/deoptimizer/riscv/deoptimizer-riscv.o
  CXX(host) /Users/ziangwang/Sources/vibeos/target/node-runtime/fresh-57/source/node-v24.14.0/out/Release/obj.host/v8_base_without_compiler/deps/v8/src/diagnostics/riscv/disasm-riscv.o
  CXX(host) /Users/ziangwang/Sources/vibeos/target/node-runtime/fresh-57/source/node-v24.14.0/out/Release/obj.host/v8_base_without_compiler/deps/v8/src/diagnostics/riscv/unwinder-riscv.o
  CXX(host) /Users/ziangwang/Sources/vibeos/target/node-runtime/fresh-57/source/node-v24.14.0/out/Release/obj.host/v8_base_without_compiler/deps/v8/src/execution/riscv/frame-constants-riscv.o
  CXX(host) /Users/ziangwang/Sources/vibeos/target/node-runtime/fresh-57/source/node-v24.14.0/out/Release/obj.host/v8_base_without_compiler/deps/v8/src/execution/riscv/simulator-riscv.o
  CXX(host) /Users/ziangwang/Sources/vibeos/target/node-runtime/fresh-57/source/node-v24.14.0/out/Release/obj.host/v8_base_without_compiler/deps/v8/src/regexp/riscv/regexp-macro-assembler-riscv.o
  CXX(host) /Users/ziangwang/Sources/vibeos/target/node-runtime/fresh-57/source/node-v24.14.0/out/Release/obj.host/v8_base_without_compiler/gen/torque-generated/class-verifiers.o
  CXX(host) /Users/ziangwang/Sources/vibeos/target/node-runtime/fresh-57/source/node-v24.14.0/out/Release/obj.host/v8_base_without_compiler/gen/torque-generated/factory.o
  CXX(host) /Users/ziangwang/Sources/vibeos/target/node-runtime/fresh-57/source/node-v24.14.0/out/Release/obj.host/v8_base_without_compiler/gen/torque-generated/objects-printer.o
  CXX(host) /Users/ziangwang/Sources/vibeos/target/node-runtime/fresh-57/source/node-v24.14.0/out/Release/obj.host/v8_base_without_compiler/gen/torque-generated/src/builtins/aggregate-error-tq.o
  CXX(host) /Users/ziangwang/Sources/vibeos/target/node-runtime/fresh-57/source/node-v24.14.0/out/Release/obj.host/v8_base_without_compiler/gen/torque-generated/src/builtins/array-at-tq.o
  CXX(host) /Users/ziangwang/Sources/vibeos/target/node-runtime/fresh-57/source/node-v24.14.0/out/Release/obj.host/v8_base_without_compiler/gen/torque-generated/src/builtins/array-concat-tq.o
  CXX(host) /Users/ziangwang/Sources/vibeos/target/node-runtime/fresh-57/source/node-v24.14.0/out/Release/obj.host/v8_base_without_compiler/gen/torque-generated/src/builtins/array-copywithin-tq.o
  CXX(host) /Users/ziangwang/Sources/vibeos/target/node-runtime/fresh-57/source/node-v24.14.0/out/Release/obj.host/v8_base_without_compiler/gen/torque-generated/src/builtins/array-every-tq.o
  CXX(host) /Users/ziangwang/Sources/vibeos/target/node-runtime/fresh-57/source/node-v24.14.0/out/Release/obj.host/v8_base_without_compiler/gen/torque-generated/src/builtins/array-filter-tq.o
  CXX(host) /Users/ziangwang/Sources/vibeos/target/node-runtime/fresh-57/source/node-v24.14.0/out/Release/obj.host/v8_base_without_compiler/gen/torque-generated/src/builtins/array-find-tq.o
  CXX(host) /Users/ziangwang/Sources/vibeos/target/node-runtime/fresh-57/source/node-v24.14.0/out/Release/obj.host/v8_base_without_compiler/gen/torque-generated/src/builtins/array-findindex-tq.o
  CXX(host) /Users/ziangwang/Sources/vibeos/target/node-runtime/fresh-57/source/node-v24.14.0/out/Release/obj.host/v8_base_without_compiler/gen/torque-generated/src/builtins/array-findlast-tq.o
  CXX(host) /Users/ziangwang/Sources/vibeos/target/node-runtime/fresh-57/source/node-v24.14.0/out/Release/obj.host/v8_base_without_compiler/gen/torque-generated/src/builtins/array-findlastindex-tq.o
  CXX(host) /Users/ziangwang/Sources/vibeos/target/node-runtime/fresh-57/source/node-v24.14.0/out/Release/obj.host/v8_base_without_compiler/gen/torque-generated/src/builtins/array-flat-tq.o
  CXX(host) /Users/ziangwang/Sources/vibeos/target/node-runtime/fresh-57/source/node-v24.14.0/out/Release/obj.host/v8_base_without_compiler/gen/torque-generated/src/builtins/array-foreach-tq.o
  CXX(host) /Users/ziangwang/Sources/vibeos/target/node-runtime/fresh-57/source/node-v24.14.0/out/Release/obj.host/v8_base_without_compiler/gen/torque-generated/src/builtins/array-from-async-tq.o
  CXX(host) /Users/ziangwang/Sources/vibeos/target/node-runtime/fresh-57/source/node-v24.14.0/out/Release/obj.host/v8_base_without_compiler/gen/torque-generated/src/builtins/array-from-tq.o
  CXX(host) /Users/ziangwang/Sources/vibeos/target/node-runtime/fresh-57/source/node-v24.14.0/out/Release/obj.host/v8_base_without_compiler/gen/torque-generated/src/builtins/array-isarray-tq.o
  CXX(host) /Users/ziangwang/Sources/vibeos/target/node-runtime/fresh-57/source/node-v24.14.0/out/Release/obj.host/v8_base_without_compiler/gen/torque-generated/src/builtins/array-join-tq.o
  CXX(host) /Users/ziangwang/Sources/vibeos/target/node-runtime/fresh-57/source/node-v24.14.0/out/Release/obj.host/v8_base_without_compiler/gen/torque-generated/src/builtins/array-lastindexof-tq.o
  CXX(host) /Users/ziangwang/Sources/vibeos/target/node-runtime/fresh-57/source/node-v24.14.0/out/Release/obj.host/v8_base_without_compiler/gen/torque-generated/src/builtins/array-map-tq.o
  CXX(host) /Users/ziangwang/Sources/vibeos/target/node-runtime/fresh-57/source/node-v24.14.0/out/Release/obj.host/v8_base_without_compiler/gen/torque-generated/src/builtins/array-of-tq.o
  CXX(host) /Users/ziangwang/Sources/vibeos/target/node-runtime/fresh-57/source/node-v24.14.0/out/Release/obj.host/v8_base_without_compiler/gen/torque-generated/src/builtins/array-reduce-right-tq.o
  CXX(host) /Users/ziangwang/Sources/vibeos/target/node-runtime/fresh-57/source/node-v24.14.0/out/Release/obj.host/v8_base_without_compiler/gen/torque-generated/src/builtins/array-reduce-tq.o
  CXX(host) /Users/ziangwang/Sources/vibeos/target/node-runtime/fresh-57/source/node-v24.14.0/out/Release/obj.host/v8_base_without_compiler/gen/torque-generated/src/builtins/array-reverse-tq.o
  CXX(host) /Users/ziangwang/Sources/vibeos/target/node-runtime/fresh-57/source/node-v24.14.0/out/Release/obj.host/v8_base_without_compiler/gen/torque-generated/src/builtins/array-shift-tq.o
  CXX(host) /Users/ziangwang/Sources/vibeos/target/node-runtime/fresh-57/source/node-v24.14.0/out/Release/obj.host/v8_base_without_compiler/gen/torque-generated/src/builtins/array-slice-tq.o
  CXX(host) /Users/ziangwang/Sources/vibeos/target/node-runtime/fresh-57/source/node-v24.14.0/out/Release/obj.host/v8_base_without_compiler/gen/torque-generated/src/builtins/array-some-tq.o
  CXX(host) /Users/ziangwang/Sources/vibeos/target/node-runtime/fresh-57/source/node-v24.14.0/out/Release/obj.host/v8_base_without_compiler/gen/torque-generated/src/builtins/array-splice-tq.o
  CXX(host) /Users/ziangwang/Sources/vibeos/target/node-runtime/fresh-57/source/node-v24.14.0/out/Release/obj.host/v8_base_without_compiler/gen/torque-generated/src/builtins/array-to-reversed-tq.o
  CXX(host) /Users/ziangwang/Sources/vibeos/target/node-runtime/fresh-57/source/node-v24.14.0/out/Release/obj.host/v8_base_without_compiler/gen/torque-generated/src/builtins/array-to-sorted-tq.o
  CXX(host) /Users/ziangwang/Sources/vibeos/target/node-runtime/fresh-57/source/node-v24.14.0/out/Release/obj.host/v8_base_without_compiler/gen/torque-generated/src/builtins/array-to-spliced-tq.o
  CXX(host) /Users/ziangwang/Sources/vibeos/target/node-runtime/fresh-57/source/node-v24.14.0/out/Release/obj.host/v8_base_without_compiler/gen/torque-generated/src/builtins/array-unshift-tq.o
  CXX(host) /Users/ziangwang/Sources/vibeos/target/node-runtime/fresh-57/source/node-v24.14.0/out/Release/obj.host/v8_base_without_compiler/gen/torque-generated/src/builtins/array-with-tq.o
  CXX(host) /Users/ziangwang/Sources/vibeos/target/node-runtime/fresh-57/source/node-v24.14.0/out/Release/obj.host/v8_base_without_compiler/gen/torque-generated/src/builtins/array-tq.o
  CXX(host) /Users/ziangwang/Sources/vibeos/target/node-runtime/fresh-57/source/node-v24.14.0/out/Release/obj.host/v8_base_without_compiler/gen/torque-generated/src/builtins/arraybuffer-tq.o
  CXX(host) /Users/ziangwang/Sources/vibeos/target/node-runtime/fresh-57/source/node-v24.14.0/out/Release/obj.host/v8_base_without_compiler/gen/torque-generated/src/builtins/base-tq.o
  CXX(host) /Users/ziangwang/Sources/vibeos/target/node-runtime/fresh-57/source/node-v24.14.0/out/Release/obj.host/v8_base_without_compiler/gen/torque-generated/src/builtins/boolean-tq.o
  CXX(host) /Users/ziangwang/Sources/vibeos/target/node-runtime/fresh-57/source/node-v24.14.0/out/Release/obj.host/v8_base_without_compiler/gen/torque-generated/src/builtins/builtins-bigint-tq.o
  CXX(host) /Users/ziangwang/Sources/vibeos/target/node-runtime/fresh-57/source/node-v24.14.0/out/Release/obj.host/v8_base_without_compiler/gen/torque-generated/src/builtins/builtins-string-tq.o
  CXX(host) /Users/ziangwang/Sources/vibeos/target/node-runtime/fresh-57/source/node-v24.14.0/out/Release/obj.host/v8_base_without_compiler/gen/torque-generated/src/builtins/cast-tq.o
  CXX(host) /Users/ziangwang/Sources/vibeos/target/node-runtime/fresh-57/source/node-v24.14.0/out/Release/obj.host/v8_base_without_compiler/gen/torque-generated/src/builtins/collections-tq.o
  CXX(host) /Users/ziangwang/Sources/vibeos/target/node-runtime/fresh-57/source/node-v24.14.0/out/Release/obj.host/v8_base_without_compiler/gen/torque-generated/src/builtins/constructor-tq.o
  CXX(host) /Users/ziangwang/Sources/vibeos/target/node-runtime/fresh-57/source/node-v24.14.0/out/Release/obj.host/v8_base_without_compiler/gen/torque-generated/src/builtins/conversion-tq.o
  CXX(host) /Users/ziangwang/Sources/vibeos/target/node-runtime/fresh-57/source/node-v24.14.0/out/Release/obj.host/v8_base_without_compiler/gen/torque-generated/src/builtins/convert-tq.o
  CXX(host) /Users/ziangwang/Sources/vibeos/target/node-runtime/fresh-57/source/node-v24.14.0/out/Release/obj.host/v8_base_without_compiler/gen/torque-generated/src/builtins/console-tq.o
  CXX(host) /Users/ziangwang/Sources/vibeos/target/node-runtime/fresh-57/source/node-v24.14.0/out/Release/obj.host/v8_base_without_compiler/gen/torque-generated/src/builtins/data-view-tq.o
  CXX(host) /Users/ziangwang/Sources/vibeos/target/node-runtime/fresh-57/source/node-v24.14.0/out/Release/obj.host/v8_base_without_compiler/gen/torque-generated/src/builtins/finalization-registry-tq.o
  CXX(host) /Users/ziangwang/Sources/vibeos/target/node-runtime/fresh-57/source/node-v24.14.0/out/Release/obj.host/v8_base_without_compiler/gen/torque-generated/src/builtins/frames-tq.o
  CXX(host) /Users/ziangwang/Sources/vibeos/target/node-runtime/fresh-57/source/node-v24.14.0/out/Release/obj.host/v8_base_without_compiler/gen/torque-generated/src/builtins/frame-arguments-tq.o
  CXX(host) /Users/ziangwang/Sources/vibeos/target/node-runtime/fresh-57/source/node-v24.14.0/out/Release/obj.host/v8_base_without_compiler/gen/torque-generated/src/builtins/function-tq.o
  CXX(host) /Users/ziangwang/Sources/vibeos/target/node-runtime/fresh-57/source/node-v24.14.0/out/Release/obj.host/v8_base_without_compiler/gen/torque-generated/src/builtins/growable-fixed-array-tq.o
  CXX(host) /Users/ziangwang/Sources/vibeos/target/node-runtime/fresh-57/source/node-v24.14.0/out/Release/obj.host/v8_base_without_compiler/gen/torque-generated/src/builtins/ic-callable-tq.o
  CXX(host) /Users/ziangwang/Sources/vibeos/target/node-runtime/fresh-57/source/node-v24.14.0/out/Release/obj.host/v8_base_without_compiler/gen/torque-generated/src/builtins/ic-tq.o
  CXX(host) /Users/ziangwang/Sources/vibeos/target/node-runtime/fresh-57/source/node-v24.14.0/out/Release/obj.host/v8_base_without_compiler/gen/torque-generated/src/builtins/internal-coverage-tq.o
  CXX(host) /Users/ziangwang/Sources/vibeos/target/node-runtime/fresh-57/source/node-v24.14.0/out/Release/obj.host/v8_base_without_compiler/gen/torque-generated/src/builtins/internal-tq.o
  CXX(host) /Users/ziangwang/Sources/vibeos/target/node-runtime/fresh-57/source/node-v24.14.0/out/Release/obj.host/v8_base_without_compiler/gen/torque-generated/src/builtins/iterator-tq.o
  CXX(host) /Users/ziangwang/Sources/vibeos/target/node-runtime/fresh-57/source/node-v24.14.0/out/Release/obj.host/v8_base_without_compiler/gen/torque-generated/src/builtins/iterator-from-tq.o
  CXX(host) /Users/ziangwang/Sources/vibeos/target/node-runtime/fresh-57/source/node-v24.14.0/out/Release/obj.host/v8_base_without_compiler/gen/torque-generated/src/builtins/iterator-helpers-tq.o
  CXX(host) /Users/ziangwang/Sources/vibeos/target/node-runtime/fresh-57/source/node-v24.14.0/out/Release/obj.host/v8_base_without_compiler/gen/torque-generated/src/builtins/map-groupby-tq.o
  CXX(host) /Users/ziangwang/Sources/vibeos/target/node-runtime/fresh-57/source/node-v24.14.0/out/Release/obj.host/v8_base_without_compiler/gen/torque-generated/src/builtins/math-tq.o
  CXX(host) /Users/ziangwang/Sources/vibeos/target/node-runtime/fresh-57/source/node-v24.14.0/out/Release/obj.host/v8_base_without_compiler/gen/torque-generated/src/builtins/number-tq.o
  CXX(host) /Users/ziangwang/Sources/vibeos/target/node-runtime/fresh-57/source/node-v24.14.0/out/Release/obj.host/v8_base_without_compiler/gen/torque-generated/src/builtins/object-fromentries-tq.o
  CXX(host) /Users/ziangwang/Sources/vibeos/target/node-runtime/fresh-57/source/node-v24.14.0/out/Release/obj.host/v8_base_without_compiler/gen/torque-generated/src/builtins/object-groupby-tq.o
  CXX(host) /Users/ziangwang/Sources/vibeos/target/node-runtime/fresh-57/source/node-v24.14.0/out/Release/obj.host/v8_base_without_compiler/gen/torque-generated/src/builtins/object-tq.o
  CXX(host) /Users/ziangwang/Sources/vibeos/target/node-runtime/fresh-57/source/node-v24.14.0/out/Release/obj.host/v8_base_without_compiler/gen/torque-generated/src/builtins/promise-abstract-operations-tq.o
  CXX(host) /Users/ziangwang/Sources/vibeos/target/node-runtime/fresh-57/source/node-v24.14.0/out/Release/obj.host/v8_base_without_compiler/gen/torque-generated/src/builtins/promise-all-tq.o
  CXX(host) /Users/ziangwang/Sources/vibeos/target/node-runtime/fresh-57/source/node-v24.14.0/out/Release/obj.host/v8_base_without_compiler/gen/torque-generated/src/builtins/promise-all-element-closure-tq.o
  CXX(host) /Users/ziangwang/Sources/vibeos/target/node-runtime/fresh-57/source/node-v24.14.0/out/Release/obj.host/v8_base_without_compiler/gen/torque-generated/src/builtins/promise-any-tq.o
  CXX(host) /Users/ziangwang/Sources/vibeos/target/node-runtime/fresh-57/source/node-v24.14.0/out/Release/obj.host/v8_base_without_compiler/gen/torque-generated/src/builtins/promise-constructor-tq.o
  CXX(host) /Users/ziangwang/Sources/vibeos/target/node-runtime/fresh-57/source/node-v24.14.0/out/Release/obj.host/v8_base_without_compiler/gen/torque-generated/src/builtins/promise-finally-tq.o
  CXX(host) /Users/ziangwang/Sources/vibeos/target/node-runtime/fresh-57/source/node-v24.14.0/out/Release/obj.host/v8_base_without_compiler/gen/torque-generated/src/builtins/promise-jobs-tq.o
  CXX(host) /Users/ziangwang/Sources/vibeos/target/node-runtime/fresh-57/source/node-v24.14.0/out/Release/obj.host/v8_base_without_compiler/gen/torque-generated/src/builtins/promise-misc-tq.o
  CXX(host) /Users/ziangwang/Sources/vibeos/target/node-runtime/fresh-57/source/node-v24.14.0/out/Release/obj.host/v8_base_without_compiler/gen/torque-generated/src/builtins/promise-race-tq.o
  CXX(host) /Users/ziangwang/Sources/vibeos/target/node-runtime/fresh-57/source/node-v24.14.0/out/Release/obj.host/v8_base_without_compiler/gen/torque-generated/src/builtins/promise-reaction-job-tq.o
  CXX(host) /Users/ziangwang/Sources/vibeos/target/node-runtime/fresh-57/source/node-v24.14.0/out/Release/obj.host/v8_base_without_compiler/gen/torque-generated/src/builtins/promise-resolve-tq.o
  CXX(host) /Users/ziangwang/Sources/vibeos/target/node-runtime/fresh-57/source/node-v24.14.0/out/Release/obj.host/v8_base_without_compiler/gen/torque-generated/src/builtins/promise-then-tq.o
  CXX(host) /Users/ziangwang/Sources/vibeos/target/node-runtime/fresh-57/source/node-v24.14.0/out/Release/obj.host/v8_base_without_compiler/gen/torque-generated/src/builtins/promise-try-tq.o
  CXX(host) /Users/ziangwang/Sources/vibeos/target/node-runtime/fresh-57/source/node-v24.14.0/out/Release/obj.host/v8_base_without_compiler/gen/torque-generated/src/builtins/promise-withresolvers-tq.o
  CXX(host) /Users/ziangwang/Sources/vibeos/target/node-runtime/fresh-57/source/node-v24.14.0/out/Release/obj.host/v8_base_without_compiler/gen/torque-generated/src/builtins/proxy-constructor-tq.o
  CXX(host) /Users/ziangwang/Sources/vibeos/target/node-runtime/fresh-57/source/node-v24.14.0/out/Release/obj.host/v8_base_without_compiler/gen/torque-generated/src/builtins/proxy-delete-property-tq.o
  CXX(host) /Users/ziangwang/Sources/vibeos/target/node-runtime/fresh-57/source/node-v24.14.0/out/Release/obj.host/v8_base_without_compiler/gen/torque-generated/src/builtins/proxy-get-property-tq.o
  CXX(host) /Users/ziangwang/Sources/vibeos/target/node-runtime/fresh-57/source/node-v24.14.0/out/Release/obj.host/v8_base_without_compiler/gen/torque-generated/src/builtins/proxy-get-prototype-of-tq.o
  CXX(host) /Users/ziangwang/Sources/vibeos/target/node-runtime/fresh-57/source/node-v24.14.0/out/Release/obj.host/v8_base_without_compiler/gen/torque-generated/src/builtins/proxy-has-property-tq.o
  CXX(host) /Users/ziangwang/Sources/vibeos/target/node-runtime/fresh-57/source/node-v24.14.0/out/Release/obj.host/v8_base_without_compiler/gen/torque-generated/src/builtins/proxy-is-extensible-tq.o
  CXX(host) /Users/ziangwang/Sources/vibeos/target/node-runtime/fresh-57/source/node-v24.14.0/out/Release/obj.host/v8_base_without_compiler/gen/torque-generated/src/builtins/proxy-prevent-extensions-tq.o
  CXX(host) /Users/ziangwang/Sources/vibeos/target/node-runtime/fresh-57/source/node-v24.14.0/out/Release/obj.host/v8_base_without_compiler/gen/torque-generated/src/builtins/proxy-revocable-tq.o
  CXX(host) /Users/ziangwang/Sources/vibeos/target/node-runtime/fresh-57/source/node-v24.14.0/out/Release/obj.host/v8_base_without_compiler/gen/torque-generated/src/builtins/proxy-revoke-tq.o
  CXX(host) /Users/ziangwang/Sources/vibeos/target/node-runtime/fresh-57/source/node-v24.14.0/out/Release/obj.host/v8_base_without_compiler/gen/torque-generated/src/builtins/proxy-set-property-tq.o
  CXX(host) /Users/ziangwang/Sources/vibeos/target/node-runtime/fresh-57/source/node-v24.14.0/out/Release/obj.host/v8_base_without_compiler/gen/torque-generated/src/builtins/proxy-set-prototype-of-tq.o
  CXX(host) /Users/ziangwang/Sources/vibeos/target/node-runtime/fresh-57/source/node-v24.14.0/out/Release/obj.host/v8_base_without_compiler/gen/torque-generated/src/builtins/proxy-tq.o
  CXX(host) /Users/ziangwang/Sources/vibeos/target/node-runtime/fresh-57/source/node-v24.14.0/out/Release/obj.host/v8_base_without_compiler/gen/torque-generated/src/builtins/reflect-tq.o
  CXX(host) /Users/ziangwang/Sources/vibeos/target/node-runtime/fresh-57/source/node-v24.14.0/out/Release/obj.host/v8_base_without_compiler/gen/torque-generated/src/builtins/regexp-exec-tq.o
  CXX(host) /Users/ziangwang/Sources/vibeos/target/node-runtime/fresh-57/source/node-v24.14.0/out/Release/obj.host/v8_base_without_compiler/gen/torque-generated/src/builtins/regexp-match-all-tq.o
  CXX(host) /Users/ziangwang/Sources/vibeos/target/node-runtime/fresh-57/source/node-v24.14.0/out/Release/obj.host/v8_base_without_compiler/gen/torque-generated/src/builtins/regexp-match-tq.o
  CXX(host) /Users/ziangwang/Sources/vibeos/target/node-runtime/fresh-57/source/node-v24.14.0/out/Release/obj.host/v8_base_without_compiler/gen/torque-generated/src/builtins/regexp-replace-tq.o
  CXX(host) /Users/ziangwang/Sources/vibeos/target/node-runtime/fresh-57/source/node-v24.14.0/out/Release/obj.host/v8_base_without_compiler/gen/torque-generated/src/builtins/regexp-search-tq.o
  CXX(host) /Users/ziangwang/Sources/vibeos/target/node-runtime/fresh-57/source/node-v24.14.0/out/Release/obj.host/v8_base_without_compiler/gen/torque-generated/src/builtins/regexp-source-tq.o
  CXX(host) /Users/ziangwang/Sources/vibeos/target/node-runtime/fresh-57/source/node-v24.14.0/out/Release/obj.host/v8_base_without_compiler/gen/torque-generated/src/builtins/regexp-split-tq.o
  CXX(host) /Users/ziangwang/Sources/vibeos/target/node-runtime/fresh-57/source/node-v24.14.0/out/Release/obj.host/v8_base_without_compiler/gen/torque-generated/src/builtins/regexp-test-tq.o
  CXX(host) /Users/ziangwang/Sources/vibeos/target/node-runtime/fresh-57/source/node-v24.14.0/out/Release/obj.host/v8_base_without_compiler/gen/torque-generated/src/builtins/regexp-tq.o
  CXX(host) /Users/ziangwang/Sources/vibeos/target/node-runtime/fresh-57/source/node-v24.14.0/out/Release/obj.host/v8_base_without_compiler/gen/torque-generated/src/builtins/set-difference-tq.o
  CXX(host) /Users/ziangwang/Sources/vibeos/target/node-runtime/fresh-57/source/node-v24.14.0/out/Release/obj.host/v8_base_without_compiler/gen/torque-generated/src/builtins/set-intersection-tq.o
  CXX(host) /Users/ziangwang/Sources/vibeos/target/node-runtime/fresh-57/source/node-v24.14.0/out/Release/obj.host/v8_base_without_compiler/gen/torque-generated/src/builtins/set-is-disjoint-from-tq.o
  CXX(host) /Users/ziangwang/Sources/vibeos/target/node-runtime/fresh-57/source/node-v24.14.0/out/Release/obj.host/v8_base_without_compiler/gen/torque-generated/src/builtins/set-is-subset-of-tq.o
  CXX(host) /Users/ziangwang/Sources/vibeos/target/node-runtime/fresh-57/source/node-v24.14.0/out/Release/obj.host/v8_base_without_compiler/gen/torque-generated/src/builtins/set-is-superset-of-tq.o
  CXX(host) /Users/ziangwang/Sources/vibeos/target/node-runtime/fresh-57/source/node-v24.14.0/out/Release/obj.host/v8_base_without_compiler/gen/torque-generated/src/builtins/set-symmetric-difference-tq.o
  CXX(host) /Users/ziangwang/Sources/vibeos/target/node-runtime/fresh-57/source/node-v24.14.0/out/Release/obj.host/v8_base_without_compiler/gen/torque-generated/src/builtins/set-union-tq.o
  CXX(host) /Users/ziangwang/Sources/vibeos/target/node-runtime/fresh-57/source/node-v24.14.0/out/Release/obj.host/v8_base_without_compiler/gen/torque-generated/src/builtins/string-at-tq.o
  CXX(host) /Users/ziangwang/Sources/vibeos/target/node-runtime/fresh-57/source/node-v24.14.0/out/Release/obj.host/v8_base_without_compiler/gen/torque-generated/src/builtins/string-endswith-tq.o
  CXX(host) /Users/ziangwang/Sources/vibeos/target/node-runtime/fresh-57/source/node-v24.14.0/out/Release/obj.host/v8_base_without_compiler/gen/torque-generated/src/builtins/string-html-tq.o
  CXX(host) /Users/ziangwang/Sources/vibeos/target/node-runtime/fresh-57/source/node-v24.14.0/out/Release/obj.host/v8_base_without_compiler/gen/torque-generated/src/builtins/string-includes-tq.o
  CXX(host) /Users/ziangwang/Sources/vibeos/target/node-runtime/fresh-57/source/node-v24.14.0/out/Release/obj.host/v8_base_without_compiler/gen/torque-generated/src/builtins/string-indexof-tq.o
  CXX(host) /Users/ziangwang/Sources/vibeos/target/node-runtime/fresh-57/source/node-v24.14.0/out/Release/obj.host/v8_base_without_compiler/gen/torque-generated/src/builtins/string-iswellformed-tq.o
  CXX(host) /Users/ziangwang/Sources/vibeos/target/node-runtime/fresh-57/source/node-v24.14.0/out/Release/obj.host/v8_base_without_compiler/gen/torque-generated/src/builtins/string-iterator-tq.o
  CXX(host) /Users/ziangwang/Sources/vibeos/target/node-runtime/fresh-57/source/node-v24.14.0/out/Release/obj.host/v8_base_without_compiler/gen/torque-generated/src/builtins/string-match-search-tq.o
  CXX(host) /Users/ziangwang/Sources/vibeos/target/node-runtime/fresh-57/source/node-v24.14.0/out/Release/obj.host/v8_base_without_compiler/gen/torque-generated/src/builtins/string-pad-tq.o
  CXX(host) /Users/ziangwang/Sources/vibeos/target/node-runtime/fresh-57/source/node-v24.14.0/out/Release/obj.host/v8_base_without_compiler/gen/torque-generated/src/builtins/string-repeat-tq.o
  CXX(host) /Users/ziangwang/Sources/vibeos/target/node-runtime/fresh-57/source/node-v24.14.0/out/Release/obj.host/v8_base_without_compiler/gen/torque-generated/src/builtins/string-replaceall-tq.o
  CXX(host) /Users/ziangwang/Sources/vibeos/target/node-runtime/fresh-57/source/node-v24.14.0/out/Release/obj.host/v8_base_without_compiler/gen/torque-generated/src/builtins/string-slice-tq.o
  CXX(host) /Users/ziangwang/Sources/vibeos/target/node-runtime/fresh-57/source/node-v24.14.0/out/Release/obj.host/v8_base_without_compiler/gen/torque-generated/src/builtins/string-startswith-tq.o
  CXX(host) /Users/ziangwang/Sources/vibeos/target/node-runtime/fresh-57/source/node-v24.14.0/out/Release/obj.host/v8_base_without_compiler/gen/torque-generated/src/builtins/string-substr-tq.o
  CXX(host) /Users/ziangwang/Sources/vibeos/target/node-runtime/fresh-57/source/node-v24.14.0/out/Release/obj.host/v8_base_without_compiler/gen/torque-generated/src/builtins/string-substring-tq.o
  CXX(host) /Users/ziangwang/Sources/vibeos/target/node-runtime/fresh-57/source/node-v24.14.0/out/Release/obj.host/v8_base_without_compiler/gen/torque-generated/src/builtins/string-towellformed-tq.o
  CXX(host) /Users/ziangwang/Sources/vibeos/target/node-runtime/fresh-57/source/node-v24.14.0/out/Release/obj.host/v8_base_without_compiler/gen/torque-generated/src/builtins/string-trim-tq.o
  CXX(host) /Users/ziangwang/Sources/vibeos/target/node-runtime/fresh-57/source/node-v24.14.0/out/Release/obj.host/v8_base_without_compiler/gen/torque-generated/src/builtins/suppressed-error-tq.o
  CXX(host) /Users/ziangwang/Sources/vibeos/target/node-runtime/fresh-57/source/node-v24.14.0/out/Release/obj.host/v8_base_without_compiler/gen/torque-generated/src/builtins/symbol-tq.o
  CXX(host) /Users/ziangwang/Sources/vibeos/target/node-runtime/fresh-57/source/node-v24.14.0/out/Release/obj.host/v8_base_without_compiler/gen/torque-generated/src/builtins/torque-internal-tq.o
  CXX(host) /Users/ziangwang/Sources/vibeos/target/node-runtime/fresh-57/source/node-v24.14.0/out/Release/obj.host/v8_base_without_compiler/gen/torque-generated/src/builtins/typed-array-at-tq.o
  CXX(host) /Users/ziangwang/Sources/vibeos/target/node-runtime/fresh-57/source/node-v24.14.0/out/Release/obj.host/v8_base_without_compiler/gen/torque-generated/src/builtins/typed-array-createtypedarray-tq.o
  CXX(host) /Users/ziangwang/Sources/vibeos/target/node-runtime/fresh-57/source/node-v24.14.0/out/Release/obj.host/v8_base_without_compiler/gen/torque-generated/src/builtins/typed-array-every-tq.o
  CXX(host) /Users/ziangwang/Sources/vibeos/target/node-runtime/fresh-57/source/node-v24.14.0/out/Release/obj.host/v8_base_without_compiler/gen/torque-generated/src/builtins/typed-array-entries-tq.o
  CXX(host) /Users/ziangwang/Sources/vibeos/target/node-runtime/fresh-57/source/node-v24.14.0/out/Release/obj.host/v8_base_without_compiler/gen/torque-generated/src/builtins/typed-array-filter-tq.o
  CXX(host) /Users/ziangwang/Sources/vibeos/target/node-runtime/fresh-57/source/node-v24.14.0/out/Release/obj.host/v8_base_without_compiler/gen/torque-generated/src/builtins/typed-array-find-tq.o
  CXX(host) /Users/ziangwang/Sources/vibeos/target/node-runtime/fresh-57/source/node-v24.14.0/out/Release/obj.host/v8_base_without_compiler/gen/torque-generated/src/builtins/typed-array-findindex-tq.o
  CXX(host) /Users/ziangwang/Sources/vibeos/target/node-runtime/fresh-57/source/node-v24.14.0/out/Release/obj.host/v8_base_without_compiler/gen/torque-generated/src/builtins/typed-array-findlast-tq.o
  CXX(host) /Users/ziangwang/Sources/vibeos/target/node-runtime/fresh-57/source/node-v24.14.0/out/Release/obj.host/v8_base_without_compiler/gen/torque-generated/src/builtins/typed-array-findlastindex-tq.o
  CXX(host) /Users/ziangwang/Sources/vibeos/target/node-runtime/fresh-57/source/node-v24.14.0/out/Release/obj.host/v8_base_without_compiler/gen/torque-generated/src/builtins/typed-array-foreach-tq.o
  CXX(host) /Users/ziangwang/Sources/vibeos/target/node-runtime/fresh-57/source/node-v24.14.0/out/Release/obj.host/v8_base_without_compiler/gen/torque-generated/src/builtins/typed-array-from-tq.o
  CXX(host) /Users/ziangwang/Sources/vibeos/target/node-runtime/fresh-57/source/node-v24.14.0/out/Release/obj.host/v8_base_without_compiler/gen/torque-generated/src/builtins/typed-array-keys-tq.o
  CXX(host) /Users/ziangwang/Sources/vibeos/target/node-runtime/fresh-57/source/node-v24.14.0/out/Release/obj.host/v8_base_without_compiler/gen/torque-generated/src/builtins/typed-array-of-tq.o
  CXX(host) /Users/ziangwang/Sources/vibeos/target/node-runtime/fresh-57/source/node-v24.14.0/out/Release/obj.host/v8_base_without_compiler/gen/torque-generated/src/builtins/typed-array-reduce-tq.o
  CXX(host) /Users/ziangwang/Sources/vibeos/target/node-runtime/fresh-57/source/node-v24.14.0/out/Release/obj.host/v8_base_without_compiler/gen/torque-generated/src/builtins/typed-array-reduceright-tq.o
  CXX(host) /Users/ziangwang/Sources/vibeos/target/node-runtime/fresh-57/source/node-v24.14.0/out/Release/obj.host/v8_base_without_compiler/gen/torque-generated/src/builtins/typed-array-set-tq.o
  CXX(host) /Users/ziangwang/Sources/vibeos/target/node-runtime/fresh-57/source/node-v24.14.0/out/Release/obj.host/v8_base_without_compiler/gen/torque-generated/src/builtins/typed-array-slice-tq.o
  CXX(host) /Users/ziangwang/Sources/vibeos/target/node-runtime/fresh-57/source/node-v24.14.0/out/Release/obj.host/v8_base_without_compiler/gen/torque-generated/src/builtins/typed-array-some-tq.o
  CXX(host) /Users/ziangwang/Sources/vibeos/target/node-runtime/fresh-57/source/node-v24.14.0/out/Release/obj.host/v8_base_without_compiler/gen/torque-generated/src/builtins/typed-array-sort-tq.o
  CXX(host) /Users/ziangwang/Sources/vibeos/target/node-runtime/fresh-57/source/node-v24.14.0/out/Release/obj.host/v8_base_without_compiler/gen/torque-generated/src/builtins/typed-array-subarray-tq.o
  CXX(host) /Users/ziangwang/Sources/vibeos/target/node-runtime/fresh-57/source/node-v24.14.0/out/Release/obj.host/v8_base_without_compiler/gen/torque-generated/src/builtins/typed-array-to-reversed-tq.o
  CXX(host) /Users/ziangwang/Sources/vibeos/target/node-runtime/fresh-57/source/node-v24.14.0/out/Release/obj.host/v8_base_without_compiler/gen/torque-generated/src/builtins/typed-array-to-sorted-tq.o
  CXX(host) /Users/ziangwang/Sources/vibeos/target/node-runtime/fresh-57/source/node-v24.14.0/out/Release/obj.host/v8_base_without_compiler/gen/torque-generated/src/builtins/typed-array-values-tq.o
  CXX(host) /Users/ziangwang/Sources/vibeos/target/node-runtime/fresh-57/source/node-v24.14.0/out/Release/obj.host/v8_base_without_compiler/gen/torque-generated/src/builtins/typed-array-with-tq.o
  CXX(host) /Users/ziangwang/Sources/vibeos/target/node-runtime/fresh-57/source/node-v24.14.0/out/Release/obj.host/v8_base_without_compiler/gen/torque-generated/src/builtins/typed-array-tq.o
  CXX(host) /Users/ziangwang/Sources/vibeos/target/node-runtime/fresh-57/source/node-v24.14.0/out/Release/obj.host/v8_base_without_compiler/gen/torque-generated/src/builtins/weak-ref-tq.o
  CXX(host) /Users/ziangwang/Sources/vibeos/target/node-runtime/fresh-57/source/node-v24.14.0/out/Release/obj.host/v8_base_without_compiler/gen/torque-generated/src/ic/handler-configuration-tq.o
  CXX(host) /Users/ziangwang/Sources/vibeos/target/node-runtime/fresh-57/source/node-v24.14.0/out/Release/obj.host/v8_base_without_compiler/gen/torque-generated/src/objects/allocation-site-tq.o
  CXX(host) /Users/ziangwang/Sources/vibeos/target/node-runtime/fresh-57/source/node-v24.14.0/out/Release/obj.host/v8_base_without_compiler/gen/torque-generated/src/objects/api-callbacks-tq.o
  CXX(host) /Users/ziangwang/Sources/vibeos/target/node-runtime/fresh-57/source/node-v24.14.0/out/Release/obj.host/v8_base_without_compiler/gen/torque-generated/src/objects/arguments-tq.o
  CXX(host) /Users/ziangwang/Sources/vibeos/target/node-runtime/fresh-57/source/node-v24.14.0/out/Release/obj.host/v8_base_without_compiler/gen/torque-generated/src/objects/bigint-tq.o
  CXX(host) /Users/ziangwang/Sources/vibeos/target/node-runtime/fresh-57/source/node-v24.14.0/out/Release/obj.host/v8_base_without_compiler/gen/torque-generated/src/objects/call-site-info-tq.o
  CXX(host) /Users/ziangwang/Sources/vibeos/target/node-runtime/fresh-57/source/node-v24.14.0/out/Release/obj.host/v8_base_without_compiler/gen/torque-generated/src/objects/cell-tq.o
  CXX(host) /Users/ziangwang/Sources/vibeos/target/node-runtime/fresh-57/source/node-v24.14.0/out/Release/obj.host/v8_base_without_compiler/gen/torque-generated/src/objects/bytecode-array-tq.o
  CXX(host) /Users/ziangwang/Sources/vibeos/target/node-runtime/fresh-57/source/node-v24.14.0/out/Release/obj.host/v8_base_without_compiler/gen/torque-generated/src/objects/contexts-tq.o
  CXX(host) /Users/ziangwang/Sources/vibeos/target/node-runtime/fresh-57/source/node-v24.14.0/out/Release/obj.host/v8_base_without_compiler/gen/torque-generated/src/objects/data-handler-tq.o
  CXX(host) /Users/ziangwang/Sources/vibeos/target/node-runtime/fresh-57/source/node-v24.14.0/out/Release/obj.host/v8_base_without_compiler/gen/torque-generated/src/objects/debug-objects-tq.o
  CXX(host) /Users/ziangwang/Sources/vibeos/target/node-runtime/fresh-57/source/node-v24.14.0/out/Release/obj.host/v8_base_without_compiler/gen/torque-generated/src/objects/descriptor-array-tq.o
  CXX(host) /Users/ziangwang/Sources/vibeos/target/node-runtime/fresh-57/source/node-v24.14.0/out/Release/obj.host/v8_base_without_compiler/gen/torque-generated/src/objects/embedder-data-array-tq.o
  CXX(host) /Users/ziangwang/Sources/vibeos/target/node-runtime/fresh-57/source/node-v24.14.0/out/Release/obj.host/v8_base_without_compiler/gen/torque-generated/src/objects/feedback-cell-tq.o
  CXX(host) /Users/ziangwang/Sources/vibeos/target/node-runtime/fresh-57/source/node-v24.14.0/out/Release/obj.host/v8_base_without_compiler/gen/torque-generated/src/objects/feedback-vector-tq.o
  CXX(host) /Users/ziangwang/Sources/vibeos/target/node-runtime/fresh-57/source/node-v24.14.0/out/Release/obj.host/v8_base_without_compiler/gen/torque-generated/src/objects/fixed-array-tq.o
  CXX(host) /Users/ziangwang/Sources/vibeos/target/node-runtime/fresh-57/source/node-v24.14.0/out/Release/obj.host/v8_base_without_compiler/gen/torque-generated/src/objects/foreign-tq.o
  CXX(host) /Users/ziangwang/Sources/vibeos/target/node-runtime/fresh-57/source/node-v24.14.0/out/Release/obj.host/v8_base_without_compiler/gen/torque-generated/src/objects/free-space-tq.o
  CXX(host) /Users/ziangwang/Sources/vibeos/target/node-runtime/fresh-57/source/node-v24.14.0/out/Release/obj.host/v8_base_without_compiler/gen/torque-generated/src/objects/heap-number-tq.o
  CXX(host) /Users/ziangwang/Sources/vibeos/target/node-runtime/fresh-57/source/node-v24.14.0/out/Release/obj.host/v8_base_without_compiler/gen/torque-generated/src/objects/heap-object-tq.o
  CXX(host) /Users/ziangwang/Sources/vibeos/target/node-runtime/fresh-57/source/node-v24.14.0/out/Release/obj.host/v8_base_without_compiler/gen/torque-generated/src/objects/js-array-buffer-tq.o
  CXX(host) /Users/ziangwang/Sources/vibeos/target/node-runtime/fresh-57/source/node-v24.14.0/out/Release/obj.host/v8_base_without_compiler/gen/torque-generated/src/objects/js-array-tq.o
  CXX(host) /Users/ziangwang/Sources/vibeos/target/node-runtime/fresh-57/source/node-v24.14.0/out/Release/obj.host/v8_base_without_compiler/gen/torque-generated/src/objects/js-atomics-synchronization-tq.o
  CXX(host) /Users/ziangwang/Sources/vibeos/target/node-runtime/fresh-57/source/node-v24.14.0/out/Release/obj.host/v8_base_without_compiler/gen/torque-generated/src/objects/js-collection-iterator-tq.o
  CXX(host) /Users/ziangwang/Sources/vibeos/target/node-runtime/fresh-57/source/node-v24.14.0/out/Release/obj.host/v8_base_without_compiler/gen/torque-generated/src/objects/js-collection-tq.o
  CXX(host) /Users/ziangwang/Sources/vibeos/target/node-runtime/fresh-57/source/node-v24.14.0/out/Release/obj.host/v8_base_without_compiler/gen/torque-generated/src/objects/js-disposable-stack-tq.o
  CXX(host) /Users/ziangwang/Sources/vibeos/target/node-runtime/fresh-57/source/node-v24.14.0/out/Release/obj.host/v8_base_without_compiler/gen/torque-generated/src/objects/js-function-tq.o
  CXX(host) /Users/ziangwang/Sources/vibeos/target/node-runtime/fresh-57/source/node-v24.14.0/out/Release/obj.host/v8_base_without_compiler/gen/torque-generated/src/objects/js-generator-tq.o
  CXX(host) /Users/ziangwang/Sources/vibeos/target/node-runtime/fresh-57/source/node-v24.14.0/out/Release/obj.host/v8_base_without_compiler/gen/torque-generated/src/objects/js-iterator-helpers-tq.o
  CXX(host) /Users/ziangwang/Sources/vibeos/target/node-runtime/fresh-57/source/node-v24.14.0/out/Release/obj.host/v8_base_without_compiler/gen/torque-generated/src/objects/js-objects-tq.o
  CXX(host) /Users/ziangwang/Sources/vibeos/target/node-runtime/fresh-57/source/node-v24.14.0/out/Release/obj.host/v8_base_without_compiler/gen/torque-generated/src/objects/js-promise-tq.o
  CXX(host) /Users/ziangwang/Sources/vibeos/target/node-runtime/fresh-57/source/node-v24.14.0/out/Release/obj.host/v8_base_without_compiler/gen/torque-generated/src/objects/js-proxy-tq.o
  CXX(host) /Users/ziangwang/Sources/vibeos/target/node-runtime/fresh-57/source/node-v24.14.0/out/Release/obj.host/v8_base_without_compiler/gen/torque-generated/src/objects/js-raw-json-tq.o
  CXX(host) /Users/ziangwang/Sources/vibeos/target/node-runtime/fresh-57/source/node-v24.14.0/out/Release/obj.host/v8_base_without_compiler/gen/torque-generated/src/objects/js-regexp-string-iterator-tq.o
  CXX(host) /Users/ziangwang/Sources/vibeos/target/node-runtime/fresh-57/source/node-v24.14.0/out/Release/obj.host/v8_base_without_compiler/gen/torque-generated/src/objects/js-regexp-tq.o
  CXX(host) /Users/ziangwang/Sources/vibeos/target/node-runtime/fresh-57/source/node-v24.14.0/out/Release/obj.host/v8_base_without_compiler/gen/torque-generated/src/objects/js-shadow-realm-tq.o
  CXX(host) /Users/ziangwang/Sources/vibeos/target/node-runtime/fresh-57/source/node-v24.14.0/out/Release/obj.host/v8_base_without_compiler/gen/torque-generated/src/objects/js-shared-array-tq.o
  CXX(host) /Users/ziangwang/Sources/vibeos/target/node-runtime/fresh-57/source/node-v24.14.0/out/Release/obj.host/v8_base_without_compiler/gen/torque-generated/src/objects/js-struct-tq.o
  CXX(host) /Users/ziangwang/Sources/vibeos/target/node-runtime/fresh-57/source/node-v24.14.0/out/Release/obj.host/v8_base_without_compiler/gen/torque-generated/src/objects/js-temporal-objects-tq.o
  CXX(host) /Users/ziangwang/Sources/vibeos/target/node-runtime/fresh-57/source/node-v24.14.0/out/Release/obj.host/v8_base_without_compiler/gen/torque-generated/src/objects/js-weak-refs-tq.o
  CXX(host) /Users/ziangwang/Sources/vibeos/target/node-runtime/fresh-57/source/node-v24.14.0/out/Release/obj.host/v8_base_without_compiler/gen/torque-generated/src/objects/literal-objects-tq.o
  CXX(host) /Users/ziangwang/Sources/vibeos/target/node-runtime/fresh-57/source/node-v24.14.0/out/Release/obj.host/v8_base_without_compiler/gen/torque-generated/src/objects/map-tq.o
  CXX(host) /Users/ziangwang/Sources/vibeos/target/node-runtime/fresh-57/source/node-v24.14.0/out/Release/obj.host/v8_base_without_compiler/gen/torque-generated/src/objects/megadom-handler-tq.o
  CXX(host) /Users/ziangwang/Sources/vibeos/target/node-runtime/fresh-57/source/node-v24.14.0/out/Release/obj.host/v8_base_without_compiler/gen/torque-generated/src/objects/microtask-tq.o
  CXX(host) /Users/ziangwang/Sources/vibeos/target/node-runtime/fresh-57/source/node-v24.14.0/out/Release/obj.host/v8_base_without_compiler/gen/torque-generated/src/objects/module-tq.o
  CXX(host) /Users/ziangwang/Sources/vibeos/target/node-runtime/fresh-57/source/node-v24.14.0/out/Release/obj.host/v8_base_without_compiler/gen/torque-generated/src/objects/name-tq.o
  CXX(host) /Users/ziangwang/Sources/vibeos/target/node-runtime/fresh-57/source/node-v24.14.0/out/Release/obj.host/v8_base_without_compiler/gen/torque-generated/src/objects/oddball-tq.o
  CXX(host) /Users/ziangwang/Sources/vibeos/target/node-runtime/fresh-57/source/node-v24.14.0/out/Release/obj.host/v8_base_without_compiler/gen/torque-generated/src/objects/hole-tq.o
  CXX(host) /Users/ziangwang/Sources/vibeos/target/node-runtime/fresh-57/source/node-v24.14.0/out/Release/obj.host/v8_base_without_compiler/gen/torque-generated/src/objects/trusted-object-tq.o
  CXX(host) /Users/ziangwang/Sources/vibeos/target/node-runtime/fresh-57/source/node-v24.14.0/out/Release/obj.host/v8_base_without_compiler/gen/torque-generated/src/objects/ordered-hash-table-tq.o
  CXX(host) /Users/ziangwang/Sources/vibeos/target/node-runtime/fresh-57/source/node-v24.14.0/out/Release/obj.host/v8_base_without_compiler/gen/torque-generated/src/objects/primitive-heap-object-tq.o
  CXX(host) /Users/ziangwang/Sources/vibeos/target/node-runtime/fresh-57/source/node-v24.14.0/out/Release/obj.host/v8_base_without_compiler/gen/torque-generated/src/objects/promise-tq.o
  CXX(host) /Users/ziangwang/Sources/vibeos/target/node-runtime/fresh-57/source/node-v24.14.0/out/Release/obj.host/v8_base_without_compiler/gen/torque-generated/src/objects/property-array-tq.o
  CXX(host) /Users/ziangwang/Sources/vibeos/target/node-runtime/fresh-57/source/node-v24.14.0/out/Release/obj.host/v8_base_without_compiler/gen/torque-generated/src/objects/property-cell-tq.o
  CXX(host) /Users/ziangwang/Sources/vibeos/target/node-runtime/fresh-57/source/node-v24.14.0/out/Release/obj.host/v8_base_without_compiler/gen/torque-generated/src/objects/property-descriptor-object-tq.o
  CXX(host) /Users/ziangwang/Sources/vibeos/target/node-runtime/fresh-57/source/node-v24.14.0/out/Release/obj.host/v8_base_without_compiler/gen/torque-generated/src/objects/prototype-info-tq.o
  CXX(host) /Users/ziangwang/Sources/vibeos/target/node-runtime/fresh-57/source/node-v24.14.0/out/Release/obj.host/v8_base_without_compiler/gen/torque-generated/src/objects/regexp-match-info-tq.o
  CXX(host) /Users/ziangwang/Sources/vibeos/target/node-runtime/fresh-57/source/node-v24.14.0/out/Release/obj.host/v8_base_without_compiler/gen/torque-generated/src/objects/scope-info-tq.o
  CXX(host) /Users/ziangwang/Sources/vibeos/target/node-runtime/fresh-57/source/node-v24.14.0/out/Release/obj.host/v8_base_without_compiler/gen/torque-generated/src/objects/script-tq.o
  CXX(host) /Users/ziangwang/Sources/vibeos/target/node-runtime/fresh-57/source/node-v24.14.0/out/Release/obj.host/v8_base_without_compiler/gen/torque-generated/src/objects/shared-function-info-tq.o
  CXX(host) /Users/ziangwang/Sources/vibeos/target/node-runtime/fresh-57/source/node-v24.14.0/out/Release/obj.host/v8_base_without_compiler/gen/torque-generated/src/objects/source-text-module-tq.o
  CXX(host) /Users/ziangwang/Sources/vibeos/target/node-runtime/fresh-57/source/node-v24.14.0/out/Release/obj.host/v8_base_without_compiler/gen/torque-generated/src/objects/string-tq.o
  CXX(host) /Users/ziangwang/Sources/vibeos/target/node-runtime/fresh-57/source/node-v24.14.0/out/Release/obj.host/v8_base_without_compiler/gen/torque-generated/src/objects/struct-tq.o
  CXX(host) /Users/ziangwang/Sources/vibeos/target/node-runtime/fresh-57/source/node-v24.14.0/out/Release/obj.host/v8_base_without_compiler/gen/torque-generated/src/objects/swiss-hash-table-helpers-tq.o
  CXX(host) /Users/ziangwang/Sources/vibeos/target/node-runtime/fresh-57/source/node-v24.14.0/out/Release/obj.host/v8_base_without_compiler/gen/torque-generated/src/objects/swiss-name-dictionary-tq.o
  CXX(host) /Users/ziangwang/Sources/vibeos/target/node-runtime/fresh-57/source/node-v24.14.0/out/Release/obj.host/v8_base_without_compiler/gen/torque-generated/src/objects/synthetic-module-tq.o
  CXX(host) /Users/ziangwang/Sources/vibeos/target/node-runtime/fresh-57/source/node-v24.14.0/out/Release/obj.host/v8_base_without_compiler/gen/torque-generated/src/objects/template-objects-tq.o
  CXX(host) /Users/ziangwang/Sources/vibeos/target/node-runtime/fresh-57/source/node-v24.14.0/out/Release/obj.host/v8_base_without_compiler/gen/torque-generated/src/objects/templates-tq.o
  CXX(host) /Users/ziangwang/Sources/vibeos/target/node-runtime/fresh-57/source/node-v24.14.0/out/Release/obj.host/v8_base_without_compiler/gen/torque-generated/src/objects/torque-defined-classes-tq.o
  CXX(host) /Users/ziangwang/Sources/vibeos/target/node-runtime/fresh-57/source/node-v24.14.0/out/Release/obj.host/v8_base_without_compiler/gen/torque-generated/src/objects/turbofan-types-tq.o
  CXX(host) /Users/ziangwang/Sources/vibeos/target/node-runtime/fresh-57/source/node-v24.14.0/out/Release/obj.host/v8_base_without_compiler/gen/torque-generated/src/objects/turboshaft-types-tq.o
  CXX(host) /Users/ziangwang/Sources/vibeos/target/node-runtime/fresh-57/source/node-v24.14.0/out/Release/obj.host/v8_base_without_compiler/gen/torque-generated/test/torque/test-torque-tq.o
  CXX(host) /Users/ziangwang/Sources/vibeos/target/node-runtime/fresh-57/source/node-v24.14.0/out/Release/obj.host/v8_base_without_compiler/gen/torque-generated/third_party/v8/builtins/array-sort-tq.o
  CXX(host) /Users/ziangwang/Sources/vibeos/target/node-runtime/fresh-57/source/node-v24.14.0/out/Release/obj.host/v8_base_without_compiler/deps/v8/src/bigint/bigint-internal.o
  CXX(host) /Users/ziangwang/Sources/vibeos/target/node-runtime/fresh-57/source/node-v24.14.0/out/Release/obj.host/v8_base_without_compiler/deps/v8/src/bigint/bitwise.o
  CXX(host) /Users/ziangwang/Sources/vibeos/target/node-runtime/fresh-57/source/node-v24.14.0/out/Release/obj.host/v8_base_without_compiler/deps/v8/src/bigint/div-burnikel.o
  CXX(host) /Users/ziangwang/Sources/vibeos/target/node-runtime/fresh-57/source/node-v24.14.0/out/Release/obj.host/v8_base_without_compiler/deps/v8/src/bigint/div-helpers.o
  CXX(host) /Users/ziangwang/Sources/vibeos/target/node-runtime/fresh-57/source/node-v24.14.0/out/Release/obj.host/v8_base_without_compiler/deps/v8/src/bigint/div-schoolbook.o
  CXX(host) /Users/ziangwang/Sources/vibeos/target/node-runtime/fresh-57/source/node-v24.14.0/out/Release/obj.host/v8_base_without_compiler/deps/v8/src/bigint/fromstring.o
  CXX(host) /Users/ziangwang/Sources/vibeos/target/node-runtime/fresh-57/source/node-v24.14.0/out/Release/obj.host/v8_base_without_compiler/deps/v8/src/bigint/mul-karatsuba.o
  CXX(host) /Users/ziangwang/Sources/vibeos/target/node-runtime/fresh-57/source/node-v24.14.0/out/Release/obj.host/v8_base_without_compiler/deps/v8/src/bigint/mul-schoolbook.o
  CXX(host) /Users/ziangwang/Sources/vibeos/target/node-runtime/fresh-57/source/node-v24.14.0/out/Release/obj.host/v8_base_without_compiler/deps/v8/src/bigint/tostring.o
  CXX(host) /Users/ziangwang/Sources/vibeos/target/node-runtime/fresh-57/source/node-v24.14.0/out/Release/obj.host/v8_base_without_compiler/deps/v8/src/bigint/vector-arithmetic.o
  CXX(host) /Users/ziangwang/Sources/vibeos/target/node-runtime/fresh-57/source/node-v24.14.0/out/Release/obj.host/v8_base_without_compiler/deps/v8/src/bigint/div-barrett.o
  CXX(host) /Users/ziangwang/Sources/vibeos/target/node-runtime/fresh-57/source/node-v24.14.0/out/Release/obj.host/v8_base_without_compiler/deps/v8/src/bigint/mul-fft.o
  CXX(host) /Users/ziangwang/Sources/vibeos/target/node-runtime/fresh-57/source/node-v24.14.0/out/Release/obj.host/v8_base_without_compiler/deps/v8/src/bigint/mul-toom.o
  CXX(host) /Users/ziangwang/Sources/vibeos/target/node-runtime/fresh-57/source/node-v24.14.0/out/Release/obj.host/v8_base_without_compiler/deps/v8/src/heap/base/active-system-pages.o
  CXX(host) /Users/ziangwang/Sources/vibeos/target/node-runtime/fresh-57/source/node-v24.14.0/out/Release/obj.host/v8_base_without_compiler/deps/v8/src/heap/base/incremental-marking-schedule.o
  CXX(host) /Users/ziangwang/Sources/vibeos/target/node-runtime/fresh-57/source/node-v24.14.0/out/Release/obj.host/v8_base_without_compiler/deps/v8/src/heap/base/memory-tagging.o
  CXX(host) /Users/ziangwang/Sources/vibeos/target/node-runtime/fresh-57/source/node-v24.14.0/out/Release/obj.host/v8_base_without_compiler/deps/v8/src/heap/base/stack.o
  CXX(host) /Users/ziangwang/Sources/vibeos/target/node-runtime/fresh-57/source/node-v24.14.0/out/Release/obj.host/v8_base_without_compiler/deps/v8/src/heap/base/worklist.o
  CXX(host) /Users/ziangwang/Sources/vibeos/target/node-runtime/fresh-57/source/node-v24.14.0/out/Release/obj.host/v8_base_without_compiler/deps/v8/src/heap/base/asm/x64/push_registers_asm.o
  CXX(host) /Users/ziangwang/Sources/vibeos/target/node-runtime/fresh-57/source/node-v24.14.0/out/Release/obj.host/v8_base_without_compiler/deps/v8/src/heap/cppgc/allocation.o
  CXX(host) /Users/ziangwang/Sources/vibeos/target/node-runtime/fresh-57/source/node-v24.14.0/out/Release/obj.host/v8_base_without_compiler/deps/v8/src/heap/cppgc/compaction-worklists.o
  CXX(host) /Users/ziangwang/Sources/vibeos/target/node-runtime/fresh-57/source/node-v24.14.0/out/Release/obj.host/v8_base_without_compiler/deps/v8/src/heap/cppgc/compactor.o
  CXX(host) /Users/ziangwang/Sources/vibeos/target/node-runtime/fresh-57/source/node-v24.14.0/out/Release/obj.host/v8_base_without_compiler/deps/v8/src/heap/cppgc/concurrent-marker.o
  CXX(host) /Users/ziangwang/Sources/vibeos/target/node-runtime/fresh-57/source/node-v24.14.0/out/Release/obj.host/v8_base_without_compiler/deps/v8/src/heap/cppgc/explicit-management.o
  CXX(host) /Users/ziangwang/Sources/vibeos/target/node-runtime/fresh-57/source/node-v24.14.0/out/Release/obj.host/v8_base_without_compiler/deps/v8/src/heap/cppgc/free-list.o
  CXX(host) /Users/ziangwang/Sources/vibeos/target/node-runtime/fresh-57/source/node-v24.14.0/out/Release/obj.host/v8_base_without_compiler/deps/v8/src/heap/cppgc/gc-info-table.o
  CXX(host) /Users/ziangwang/Sources/vibeos/target/node-runtime/fresh-57/source/node-v24.14.0/out/Release/obj.host/v8_base_without_compiler/deps/v8/src/heap/cppgc/gc-info.o
  CXX(host) /Users/ziangwang/Sources/vibeos/target/node-runtime/fresh-57/source/node-v24.14.0/out/Release/obj.host/v8_base_without_compiler/deps/v8/src/heap/cppgc/gc-invoker.o
  CXX(host) /Users/ziangwang/Sources/vibeos/target/node-runtime/fresh-57/source/node-v24.14.0/out/Release/obj.host/v8_base_without_compiler/deps/v8/src/heap/cppgc/heap-base.o
  CXX(host) /Users/ziangwang/Sources/vibeos/target/node-runtime/fresh-57/source/node-v24.14.0/out/Release/obj.host/v8_base_without_compiler/deps/v8/src/heap/cppgc/heap-consistency.o
  CXX(host) /Users/ziangwang/Sources/vibeos/target/node-runtime/fresh-57/source/node-v24.14.0/out/Release/obj.host/v8_base_without_compiler/deps/v8/src/heap/cppgc/heap-growing.o
  CXX(host) /Users/ziangwang/Sources/vibeos/target/node-runtime/fresh-57/source/node-v24.14.0/out/Release/obj.host/v8_base_without_compiler/deps/v8/src/heap/cppgc/heap-object-header.o
  CXX(host) /Users/ziangwang/Sources/vibeos/target/node-runtime/fresh-57/source/node-v24.14.0/out/Release/obj.host/v8_base_without_compiler/deps/v8/src/heap/cppgc/heap-page.o
  CXX(host) /Users/ziangwang/Sources/vibeos/target/node-runtime/fresh-57/source/node-v24.14.0/out/Release/obj.host/v8_base_without_compiler/deps/v8/src/heap/cppgc/heap-space.o
  CXX(host) /Users/ziangwang/Sources/vibeos/target/node-runtime/fresh-57/source/node-v24.14.0/out/Release/obj.host/v8_base_without_compiler/deps/v8/src/heap/cppgc/heap-state.o
  CXX(host) /Users/ziangwang/Sources/vibeos/target/node-runtime/fresh-57/source/node-v24.14.0/out/Release/obj.host/v8_base_without_compiler/deps/v8/src/heap/cppgc/heap-statistics-collector.o
  CXX(host) /Users/ziangwang/Sources/vibeos/target/node-runtime/fresh-57/source/node-v24.14.0/out/Release/obj.host/v8_base_without_compiler/deps/v8/src/heap/cppgc/heap.o
  CXX(host) /Users/ziangwang/Sources/vibeos/target/node-runtime/fresh-57/source/node-v24.14.0/out/Release/obj.host/v8_base_without_compiler/deps/v8/src/heap/cppgc/liveness-broker.o
  CXX(host) /Users/ziangwang/Sources/vibeos/target/node-runtime/fresh-57/source/node-v24.14.0/out/Release/obj.host/v8_base_without_compiler/deps/v8/src/heap/cppgc/logging.o
  CXX(host) /Users/ziangwang/Sources/vibeos/target/node-runtime/fresh-57/source/node-v24.14.0/out/Release/obj.host/v8_base_without_compiler/deps/v8/src/heap/cppgc/marker.o
  CXX(host) /Users/ziangwang/Sources/vibeos/target/node-runtime/fresh-57/source/node-v24.14.0/out/Release/obj.host/v8_base_without_compiler/deps/v8/src/heap/cppgc/marking-state.o
  CXX(host) /Users/ziangwang/Sources/vibeos/target/node-runtime/fresh-57/source/node-v24.14.0/out/Release/obj.host/v8_base_without_compiler/deps/v8/src/heap/cppgc/marking-verifier.o
  CXX(host) /Users/ziangwang/Sources/vibeos/target/node-runtime/fresh-57/source/node-v24.14.0/out/Release/obj.host/v8_base_without_compiler/deps/v8/src/heap/cppgc/marking-visitor.o
  CXX(host) /Users/ziangwang/Sources/vibeos/target/node-runtime/fresh-57/source/node-v24.14.0/out/Release/obj.host/v8_base_without_compiler/deps/v8/src/heap/cppgc/marking-worklists.o
  CXX(host) /Users/ziangwang/Sources/vibeos/target/node-runtime/fresh-57/source/node-v24.14.0/out/Release/obj.host/v8_base_without_compiler/deps/v8/src/heap/cppgc/member-storage.o
  CXX(host) /Users/ziangwang/Sources/vibeos/target/node-runtime/fresh-57/source/node-v24.14.0/out/Release/obj.host/v8_base_without_compiler/deps/v8/src/heap/cppgc/memory.o
  CXX(host) /Users/ziangwang/Sources/vibeos/target/node-runtime/fresh-57/source/node-v24.14.0/out/Release/obj.host/v8_base_without_compiler/deps/v8/src/heap/cppgc/name-trait.o
  CXX(host) /Users/ziangwang/Sources/vibeos/target/node-runtime/fresh-57/source/node-v24.14.0/out/Release/obj.host/v8_base_without_compiler/deps/v8/src/heap/cppgc/object-allocator.o
  CXX(host) /Users/ziangwang/Sources/vibeos/target/node-runtime/fresh-57/source/node-v24.14.0/out/Release/obj.host/v8_base_without_compiler/deps/v8/src/heap/cppgc/object-size-trait.o
  CXX(host) /Users/ziangwang/Sources/vibeos/target/node-runtime/fresh-57/source/node-v24.14.0/out/Release/obj.host/v8_base_without_compiler/deps/v8/src/heap/cppgc/page-memory.o
  CXX(host) /Users/ziangwang/Sources/vibeos/target/node-runtime/fresh-57/source/node-v24.14.0/out/Release/obj.host/v8_base_without_compiler/deps/v8/src/heap/cppgc/persistent-node.o
  CXX(host) /Users/ziangwang/Sources/vibeos/target/node-runtime/fresh-57/source/node-v24.14.0/out/Release/obj.host/v8_base_without_compiler/deps/v8/src/heap/cppgc/platform.o
  CXX(host) /Users/ziangwang/Sources/vibeos/target/node-runtime/fresh-57/source/node-v24.14.0/out/Release/obj.host/v8_base_without_compiler/deps/v8/src/heap/cppgc/pointer-policies.o
  CXX(host) /Users/ziangwang/Sources/vibeos/target/node-runtime/fresh-57/source/node-v24.14.0/out/Release/obj.host/v8_base_without_compiler/deps/v8/src/heap/cppgc/prefinalizer-handler.o
  CXX(host) /Users/ziangwang/Sources/vibeos/target/node-runtime/fresh-57/source/node-v24.14.0/out/Release/obj.host/v8_base_without_compiler/deps/v8/src/heap/cppgc/process-heap-statistics.o
  CXX(host) /Users/ziangwang/Sources/vibeos/target/node-runtime/fresh-57/source/node-v24.14.0/out/Release/obj.host/v8_base_without_compiler/deps/v8/src/heap/cppgc/process-heap.o
  CXX(host) /Users/ziangwang/Sources/vibeos/target/node-runtime/fresh-57/source/node-v24.14.0/out/Release/obj.host/v8_base_without_compiler/deps/v8/src/heap/cppgc/raw-heap.o
  CXX(host) /Users/ziangwang/Sources/vibeos/target/node-runtime/fresh-57/source/node-v24.14.0/out/Release/obj.host/v8_base_without_compiler/deps/v8/src/heap/cppgc/remembered-set.o
  CXX(host) /Users/ziangwang/Sources/vibeos/target/node-runtime/fresh-57/source/node-v24.14.0/out/Release/obj.host/v8_base_without_compiler/deps/v8/src/heap/cppgc/stats-collector.o
  CXX(host) /Users/ziangwang/Sources/vibeos/target/node-runtime/fresh-57/source/node-v24.14.0/out/Release/obj.host/v8_base_without_compiler/deps/v8/src/heap/cppgc/sweeper.o
  CXX(host) /Users/ziangwang/Sources/vibeos/target/node-runtime/fresh-57/source/node-v24.14.0/out/Release/obj.host/v8_base_without_compiler/deps/v8/src/heap/cppgc/testing.o
  CXX(host) /Users/ziangwang/Sources/vibeos/target/node-runtime/fresh-57/source/node-v24.14.0/out/Release/obj.host/v8_base_without_compiler/deps/v8/src/heap/cppgc/trace-trait.o
  CXX(host) /Users/ziangwang/Sources/vibeos/target/node-runtime/fresh-57/source/node-v24.14.0/out/Release/obj.host/v8_base_without_compiler/deps/v8/src/heap/cppgc/virtual-memory.o
  CXX(host) /Users/ziangwang/Sources/vibeos/target/node-runtime/fresh-57/source/node-v24.14.0/out/Release/obj.host/v8_base_without_compiler/deps/v8/src/heap/cppgc/visitor.o
  CXX(host) /Users/ziangwang/Sources/vibeos/target/node-runtime/fresh-57/source/node-v24.14.0/out/Release/obj.host/v8_base_without_compiler/deps/v8/src/heap/cppgc/write-barrier.o
  CXX(host) /Users/ziangwang/Sources/vibeos/target/node-runtime/fresh-57/source/node-v24.14.0/out/Release/obj.host/v8_base_without_compiler/gen/debug-support.o
  AR(host) /Users/ziangwang/Sources/vibeos/target/node-runtime/fresh-57/source/node-v24.14.0/out/Release/obj.host/tools/v8_gypfiles/libv8_compiler.a
  TOUCH /Users/ziangwang/Sources/vibeos/target/node-runtime/fresh-57/source/node-v24.14.0/out/Release/obj.target/tools/v8_gypfiles/v8_compiler_for_mksnapshot.stamp
  AR(target) /Users/ziangwang/Sources/vibeos/target/node-runtime/fresh-57/source/node-v24.14.0/out/Release/obj.target/tools/v8_gypfiles/libv8_base_without_compiler.a
  TOUCH /Users/ziangwang/Sources/vibeos/target/node-runtime/fresh-57/source/node-v24.14.0/out/Release/obj.host/tools/v8_gypfiles/v8_compiler_for_mksnapshot.stamp
  TOUCH /Users/ziangwang/Sources/vibeos/target/node-runtime/fresh-57/source/node-v24.14.0/out/Release/obj.target/tools/v8_gypfiles/v8_base.stamp
  AR(host) /Users/ziangwang/Sources/vibeos/target/node-runtime/fresh-57/source/node-v24.14.0/out/Release/obj.host/tools/v8_gypfiles/libv8_base_without_compiler.a
  TOUCH /Users/ziangwang/Sources/vibeos/target/node-runtime/fresh-57/source/node-v24.14.0/out/Release/obj.host/tools/v8_gypfiles/torque_generated_initializers.stamp
  TOUCH /Users/ziangwang/Sources/vibeos/target/node-runtime/fresh-57/source/node-v24.14.0/out/Release/obj.host/tools/v8_gypfiles/v8_base.stamp
  CXX(host) /Users/ziangwang/Sources/vibeos/target/node-runtime/fresh-57/source/node-v24.14.0/out/Release/obj.host/v8_initializers/deps/v8/src/builtins/builtins-array-gen.o
  CXX(host) /Users/ziangwang/Sources/vibeos/target/node-runtime/fresh-57/source/node-v24.14.0/out/Release/obj.host/v8_initializers/deps/v8/src/builtins/builtins-async-function-gen.o
  CXX(host) /Users/ziangwang/Sources/vibeos/target/node-runtime/fresh-57/source/node-v24.14.0/out/Release/obj.host/v8_initializers/deps/v8/src/builtins/builtins-async-gen.o
  CXX(host) /Users/ziangwang/Sources/vibeos/target/node-runtime/fresh-57/source/node-v24.14.0/out/Release/obj.host/v8_initializers/deps/v8/src/builtins/builtins-async-generator-gen.o
  CXX(host) /Users/ziangwang/Sources/vibeos/target/node-runtime/fresh-57/source/node-v24.14.0/out/Release/obj.host/v8_initializers/deps/v8/src/builtins/builtins-async-iterator-gen.o
  CXX(host) /Users/ziangwang/Sources/vibeos/target/node-runtime/fresh-57/source/node-v24.14.0/out/Release/obj.host/v8_initializers/deps/v8/src/builtins/builtins-bigint-gen.o
  CXX(host) /Users/ziangwang/Sources/vibeos/target/node-runtime/fresh-57/source/node-v24.14.0/out/Release/obj.host/v8_initializers/deps/v8/src/builtins/builtins-call-gen.o
  CXX(host) /Users/ziangwang/Sources/vibeos/target/node-runtime/fresh-57/source/node-v24.14.0/out/Release/obj.host/v8_initializers/deps/v8/src/builtins/builtins-collections-gen.o
  CXX(host) /Users/ziangwang/Sources/vibeos/target/node-runtime/fresh-57/source/node-v24.14.0/out/Release/obj.host/v8_initializers/deps/v8/src/builtins/builtins-constructor-gen.o
  CXX(host) /Users/ziangwang/Sources/vibeos/target/node-runtime/fresh-57/source/node-v24.14.0/out/Release/obj.host/v8_initializers/deps/v8/src/builtins/builtins-conversion-gen.o
  CXX(host) /Users/ziangwang/Sources/vibeos/target/node-runtime/fresh-57/source/node-v24.14.0/out/Release/obj.host/v8_initializers/deps/v8/src/builtins/builtins-date-gen.o
  CXX(host) /Users/ziangwang/Sources/vibeos/target/node-runtime/fresh-57/source/node-v24.14.0/out/Release/obj.host/v8_initializers/deps/v8/src/builtins/builtins-generator-gen.o
  CXX(host) /Users/ziangwang/Sources/vibeos/target/node-runtime/fresh-57/source/node-v24.14.0/out/Release/obj.host/v8_initializers/deps/v8/src/builtins/builtins-global-gen.o
  CXX(host) /Users/ziangwang/Sources/vibeos/target/node-runtime/fresh-57/source/node-v24.14.0/out/Release/obj.host/v8_initializers/deps/v8/src/builtins/builtins-handler-gen.o
  CXX(host) /Users/ziangwang/Sources/vibeos/target/node-runtime/fresh-57/source/node-v24.14.0/out/Release/obj.host/v8_initializers/deps/v8/src/builtins/builtins-ic-gen.o
  CXX(host) /Users/ziangwang/Sources/vibeos/target/node-runtime/fresh-57/source/node-v24.14.0/out/Release/obj.host/v8_initializers/deps/v8/src/builtins/builtins-internal-gen.o
  CXX(host) /Users/ziangwang/Sources/vibeos/target/node-runtime/fresh-57/source/node-v24.14.0/out/Release/obj.host/v8_initializers/deps/v8/src/builtins/builtins-interpreter-gen.o
  CXX(host) /Users/ziangwang/Sources/vibeos/target/node-runtime/fresh-57/source/node-v24.14.0/out/Release/obj.host/v8_initializers/deps/v8/src/builtins/builtins-iterator-gen.o
  CXX(host) /Users/ziangwang/Sources/vibeos/target/node-runtime/fresh-57/source/node-v24.14.0/out/Release/obj.host/v8_initializers/deps/v8/src/builtins/builtins-lazy-gen.o
  CXX(host) /Users/ziangwang/Sources/vibeos/target/node-runtime/fresh-57/source/node-v24.14.0/out/Release/obj.host/v8_initializers/deps/v8/src/builtins/builtins-microtask-queue-gen.o
  CXX(host) /Users/ziangwang/Sources/vibeos/target/node-runtime/fresh-57/source/node-v24.14.0/out/Release/obj.host/v8_initializers/deps/v8/src/builtins/builtins-number-gen.o
  CXX(host) /Users/ziangwang/Sources/vibeos/target/node-runtime/fresh-57/source/node-v24.14.0/out/Release/obj.host/v8_initializers/deps/v8/src/builtins/builtins-number-tsa.o
  CXX(host) /Users/ziangwang/Sources/vibeos/target/node-runtime/fresh-57/source/node-v24.14.0/out/Release/obj.host/v8_initializers/deps/v8/src/builtins/builtins-object-gen.o
  CXX(host) /Users/ziangwang/Sources/vibeos/target/node-runtime/fresh-57/source/node-v24.14.0/out/Release/obj.host/v8_initializers/deps/v8/src/builtins/builtins-promise-gen.o
  CXX(host) /Users/ziangwang/Sources/vibeos/target/node-runtime/fresh-57/source/node-v24.14.0/out/Release/obj.host/v8_initializers/deps/v8/src/builtins/builtins-proxy-gen.o
  CXX(host) /Users/ziangwang/Sources/vibeos/target/node-runtime/fresh-57/source/node-v24.14.0/out/Release/obj.host/v8_initializers/deps/v8/src/builtins/builtins-regexp-gen.o
  CXX(host) /Users/ziangwang/Sources/vibeos/target/node-runtime/fresh-57/source/node-v24.14.0/out/Release/obj.host/v8_initializers/deps/v8/src/builtins/builtins-shadow-realm-gen.o
  CXX(host) /Users/ziangwang/Sources/vibeos/target/node-runtime/fresh-57/source/node-v24.14.0/out/Release/obj.host/v8_initializers/deps/v8/src/builtins/builtins-sharedarraybuffer-gen.o
  CXX(host) /Users/ziangwang/Sources/vibeos/target/node-runtime/fresh-57/source/node-v24.14.0/out/Release/obj.host/v8_initializers/deps/v8/src/builtins/builtins-string-gen.o
  CXX(host) /Users/ziangwang/Sources/vibeos/target/node-runtime/fresh-57/source/node-v24.14.0/out/Release/obj.host/v8_initializers/deps/v8/src/builtins/builtins-string-tsa.o
  CXX(host) /Users/ziangwang/Sources/vibeos/target/node-runtime/fresh-57/source/node-v24.14.0/out/Release/obj.host/v8_initializers/deps/v8/src/builtins/builtins-temporal-gen.o
  CXX(host) /Users/ziangwang/Sources/vibeos/target/node-runtime/fresh-57/source/node-v24.14.0/out/Release/obj.host/v8_initializers/deps/v8/src/builtins/builtins-typed-array-gen.o
  CXX(host) /Users/ziangwang/Sources/vibeos/target/node-runtime/fresh-57/source/node-v24.14.0/out/Release/obj.host/v8_initializers/deps/v8/src/builtins/growable-fixed-array-gen.o
  CXX(host) /Users/ziangwang/Sources/vibeos/target/node-runtime/fresh-57/source/node-v24.14.0/out/Release/obj.host/v8_initializers/deps/v8/src/builtins/profile-data-reader.o
  CXX(host) /Users/ziangwang/Sources/vibeos/target/node-runtime/fresh-57/source/node-v24.14.0/out/Release/obj.host/v8_initializers/deps/v8/src/builtins/setup-builtins-internal.o
  CXX(host) /Users/ziangwang/Sources/vibeos/target/node-runtime/fresh-57/source/node-v24.14.0/out/Release/obj.host/v8_initializers/deps/v8/src/codegen/code-stub-assembler.o
  CXX(host) /Users/ziangwang/Sources/vibeos/target/node-runtime/fresh-57/source/node-v24.14.0/out/Release/obj.host/v8_initializers/deps/v8/src/compiler/turboshaft/builtin-compiler.o
  CXX(host) /Users/ziangwang/Sources/vibeos/target/node-runtime/fresh-57/source/node-v24.14.0/out/Release/obj.host/v8_initializers/deps/v8/src/heap/setup-heap-internal.o
  CXX(host) /Users/ziangwang/Sources/vibeos/target/node-runtime/fresh-57/source/node-v24.14.0/out/Release/obj.host/v8_initializers/deps/v8/src/ic/accessor-assembler.o
  CXX(host) /Users/ziangwang/Sources/vibeos/target/node-runtime/fresh-57/source/node-v24.14.0/out/Release/obj.host/v8_initializers/deps/v8/src/ic/binary-op-assembler.o
  CXX(host) /Users/ziangwang/Sources/vibeos/target/node-runtime/fresh-57/source/node-v24.14.0/out/Release/obj.host/v8_initializers/deps/v8/src/ic/keyed-store-generic.o
  CXX(host) /Users/ziangwang/Sources/vibeos/target/node-runtime/fresh-57/source/node-v24.14.0/out/Release/obj.host/v8_initializers/deps/v8/src/ic/unary-op-assembler.o
  CXX(host) /Users/ziangwang/Sources/vibeos/target/node-runtime/fresh-57/source/node-v24.14.0/out/Release/obj.host/v8_initializers/deps/v8/src/interpreter/interpreter-assembler.o
  CXX(host) /Users/ziangwang/Sources/vibeos/target/node-runtime/fresh-57/source/node-v24.14.0/out/Release/obj.host/v8_initializers/deps/v8/src/interpreter/interpreter-generator-tsa.o
  CXX(host) /Users/ziangwang/Sources/vibeos/target/node-runtime/fresh-57/source/node-v24.14.0/out/Release/obj.host/v8_initializers/deps/v8/src/interpreter/interpreter-generator.o
  CXX(host) /Users/ziangwang/Sources/vibeos/target/node-runtime/fresh-57/source/node-v24.14.0/out/Release/obj.host/v8_initializers/deps/v8/src/interpreter/interpreter-intrinsics-generator.o
  CXX(host) /Users/ziangwang/Sources/vibeos/target/node-runtime/fresh-57/source/node-v24.14.0/out/Release/obj.host/v8_initializers/deps/v8/src/builtins/riscv/builtins-riscv.o
  CXX(host) /Users/ziangwang/Sources/vibeos/target/node-runtime/fresh-57/source/node-v24.14.0/out/Release/obj.host/v8_initializers/gen/torque-generated/enum-verifiers.o
  CXX(host) /Users/ziangwang/Sources/vibeos/target/node-runtime/fresh-57/source/node-v24.14.0/out/Release/obj.host/v8_initializers/gen/torque-generated/exported-macros-assembler.o
  CXX(host) /Users/ziangwang/Sources/vibeos/target/node-runtime/fresh-57/source/node-v24.14.0/out/Release/obj.host/v8_initializers/gen/torque-generated/src/builtins/aggregate-error-tq-csa.o
  CXX(host) /Users/ziangwang/Sources/vibeos/target/node-runtime/fresh-57/source/node-v24.14.0/out/Release/obj.host/v8_initializers/gen/torque-generated/src/builtins/array-at-tq-csa.o
  CXX(host) /Users/ziangwang/Sources/vibeos/target/node-runtime/fresh-57/source/node-v24.14.0/out/Release/obj.host/v8_initializers/gen/torque-generated/src/builtins/array-concat-tq-csa.o
  CXX(host) /Users/ziangwang/Sources/vibeos/target/node-runtime/fresh-57/source/node-v24.14.0/out/Release/obj.host/v8_initializers/gen/torque-generated/src/builtins/array-copywithin-tq-csa.o
  CXX(host) /Users/ziangwang/Sources/vibeos/target/node-runtime/fresh-57/source/node-v24.14.0/out/Release/obj.host/v8_initializers/gen/torque-generated/src/builtins/array-every-tq-csa.o
  CXX(host) /Users/ziangwang/Sources/vibeos/target/node-runtime/fresh-57/source/node-v24.14.0/out/Release/obj.host/v8_initializers/gen/torque-generated/src/builtins/array-filter-tq-csa.o
  CXX(host) /Users/ziangwang/Sources/vibeos/target/node-runtime/fresh-57/source/node-v24.14.0/out/Release/obj.host/v8_initializers/gen/torque-generated/src/builtins/array-find-tq-csa.o
  CXX(host) /Users/ziangwang/Sources/vibeos/target/node-runtime/fresh-57/source/node-v24.14.0/out/Release/obj.host/v8_initializers/gen/torque-generated/src/builtins/array-findindex-tq-csa.o
  CXX(host) /Users/ziangwang/Sources/vibeos/target/node-runtime/fresh-57/source/node-v24.14.0/out/Release/obj.host/v8_initializers/gen/torque-generated/src/builtins/array-findlast-tq-csa.o
  CXX(host) /Users/ziangwang/Sources/vibeos/target/node-runtime/fresh-57/source/node-v24.14.0/out/Release/obj.host/v8_initializers/gen/torque-generated/src/builtins/array-findlastindex-tq-csa.o
  CXX(host) /Users/ziangwang/Sources/vibeos/target/node-runtime/fresh-57/source/node-v24.14.0/out/Release/obj.host/v8_initializers/gen/torque-generated/src/builtins/array-flat-tq-csa.o
  CXX(host) /Users/ziangwang/Sources/vibeos/target/node-runtime/fresh-57/source/node-v24.14.0/out/Release/obj.host/v8_initializers/gen/torque-generated/src/builtins/array-foreach-tq-csa.o
  CXX(host) /Users/ziangwang/Sources/vibeos/target/node-runtime/fresh-57/source/node-v24.14.0/out/Release/obj.host/v8_initializers/gen/torque-generated/src/builtins/array-from-async-tq-csa.o
  CXX(host) /Users/ziangwang/Sources/vibeos/target/node-runtime/fresh-57/source/node-v24.14.0/out/Release/obj.host/v8_initializers/gen/torque-generated/src/builtins/array-from-tq-csa.o
  CXX(host) /Users/ziangwang/Sources/vibeos/target/node-runtime/fresh-57/source/node-v24.14.0/out/Release/obj.host/v8_initializers/gen/torque-generated/src/builtins/array-isarray-tq-csa.o
  CXX(host) /Users/ziangwang/Sources/vibeos/target/node-runtime/fresh-57/source/node-v24.14.0/out/Release/obj.host/v8_initializers/gen/torque-generated/src/builtins/array-join-tq-csa.o
  CXX(host) /Users/ziangwang/Sources/vibeos/target/node-runtime/fresh-57/source/node-v24.14.0/out/Release/obj.host/v8_initializers/gen/torque-generated/src/builtins/array-lastindexof-tq-csa.o
  CXX(host) /Users/ziangwang/Sources/vibeos/target/node-runtime/fresh-57/source/node-v24.14.0/out/Release/obj.host/v8_initializers/gen/torque-generated/src/builtins/array-map-tq-csa.o
  CXX(host) /Users/ziangwang/Sources/vibeos/target/node-runtime/fresh-57/source/node-v24.14.0/out/Release/obj.host/v8_initializers/gen/torque-generated/src/builtins/array-of-tq-csa.o
  CXX(host) /Users/ziangwang/Sources/vibeos/target/node-runtime/fresh-57/source/node-v24.14.0/out/Release/obj.host/v8_initializers/gen/torque-generated/src/builtins/array-reduce-right-tq-csa.o
  CXX(host) /Users/ziangwang/Sources/vibeos/target/node-runtime/fresh-57/source/node-v24.14.0/out/Release/obj.host/v8_initializers/gen/torque-generated/src/builtins/array-reduce-tq-csa.o
  CXX(host) /Users/ziangwang/Sources/vibeos/target/node-runtime/fresh-57/source/node-v24.14.0/out/Release/obj.host/v8_initializers/gen/torque-generated/src/builtins/array-reverse-tq-csa.o
  CXX(host) /Users/ziangwang/Sources/vibeos/target/node-runtime/fresh-57/source/node-v24.14.0/out/Release/obj.host/v8_initializers/gen/torque-generated/src/builtins/array-shift-tq-csa.o
  CXX(host) /Users/ziangwang/Sources/vibeos/target/node-runtime/fresh-57/source/node-v24.14.0/out/Release/obj.host/v8_initializers/gen/torque-generated/src/builtins/array-slice-tq-csa.o
  CXX(host) /Users/ziangwang/Sources/vibeos/target/node-runtime/fresh-57/source/node-v24.14.0/out/Release/obj.host/v8_initializers/gen/torque-generated/src/builtins/array-some-tq-csa.o
  CXX(host) /Users/ziangwang/Sources/vibeos/target/node-runtime/fresh-57/source/node-v24.14.0/out/Release/obj.host/v8_initializers/gen/torque-generated/src/builtins/array-splice-tq-csa.o
  CXX(host) /Users/ziangwang/Sources/vibeos/target/node-runtime/fresh-57/source/node-v24.14.0/out/Release/obj.host/v8_initializers/gen/torque-generated/src/builtins/array-to-reversed-tq-csa.o
  CXX(host) /Users/ziangwang/Sources/vibeos/target/node-runtime/fresh-57/source/node-v24.14.0/out/Release/obj.host/v8_initializers/gen/torque-generated/src/builtins/array-to-sorted-tq-csa.o
  CXX(host) /Users/ziangwang/Sources/vibeos/target/node-runtime/fresh-57/source/node-v24.14.0/out/Release/obj.host/v8_initializers/gen/torque-generated/src/builtins/array-to-spliced-tq-csa.o
  CXX(host) /Users/ziangwang/Sources/vibeos/target/node-runtime/fresh-57/source/node-v24.14.0/out/Release/obj.host/v8_initializers/gen/torque-generated/src/builtins/array-unshift-tq-csa.o
  CXX(host) /Users/ziangwang/Sources/vibeos/target/node-runtime/fresh-57/source/node-v24.14.0/out/Release/obj.host/v8_initializers/gen/torque-generated/src/builtins/array-with-tq-csa.o
  CXX(host) /Users/ziangwang/Sources/vibeos/target/node-runtime/fresh-57/source/node-v24.14.0/out/Release/obj.host/v8_initializers/gen/torque-generated/src/builtins/array-tq-csa.o
  CXX(host) /Users/ziangwang/Sources/vibeos/target/node-runtime/fresh-57/source/node-v24.14.0/out/Release/obj.host/v8_initializers/gen/torque-generated/src/builtins/arraybuffer-tq-csa.o
  CXX(host) /Users/ziangwang/Sources/vibeos/target/node-runtime/fresh-57/source/node-v24.14.0/out/Release/obj.host/v8_initializers/gen/torque-generated/src/builtins/base-tq-csa.o
  CXX(host) /Users/ziangwang/Sources/vibeos/target/node-runtime/fresh-57/source/node-v24.14.0/out/Release/obj.host/v8_initializers/gen/torque-generated/src/builtins/boolean-tq-csa.o
  CXX(host) /Users/ziangwang/Sources/vibeos/target/node-runtime/fresh-57/source/node-v24.14.0/out/Release/obj.host/v8_initializers/gen/torque-generated/src/builtins/builtins-bigint-tq-csa.o
  CXX(host) /Users/ziangwang/Sources/vibeos/target/node-runtime/fresh-57/source/node-v24.14.0/out/Release/obj.host/v8_initializers/gen/torque-generated/src/builtins/builtins-string-tq-csa.o
  CXX(host) /Users/ziangwang/Sources/vibeos/target/node-runtime/fresh-57/source/node-v24.14.0/out/Release/obj.host/v8_initializers/gen/torque-generated/src/builtins/cast-tq-csa.o
  CXX(host) /Users/ziangwang/Sources/vibeos/target/node-runtime/fresh-57/source/node-v24.14.0/out/Release/obj.host/v8_initializers/gen/torque-generated/src/builtins/collections-tq-csa.o
  CXX(host) /Users/ziangwang/Sources/vibeos/target/node-runtime/fresh-57/source/node-v24.14.0/out/Release/obj.host/v8_initializers/gen/torque-generated/src/builtins/constructor-tq-csa.o
  CXX(host) /Users/ziangwang/Sources/vibeos/target/node-runtime/fresh-57/source/node-v24.14.0/out/Release/obj.host/v8_initializers/gen/torque-generated/src/builtins/conversion-tq-csa.o
  CXX(host) /Users/ziangwang/Sources/vibeos/target/node-runtime/fresh-57/source/node-v24.14.0/out/Release/obj.host/v8_initializers/gen/torque-generated/src/builtins/convert-tq-csa.o
  CXX(host) /Users/ziangwang/Sources/vibeos/target/node-runtime/fresh-57/source/node-v24.14.0/out/Release/obj.host/v8_initializers/gen/torque-generated/src/builtins/console-tq-csa.o
  CXX(host) /Users/ziangwang/Sources/vibeos/target/node-runtime/fresh-57/source/node-v24.14.0/out/Release/obj.host/v8_initializers/gen/torque-generated/src/builtins/data-view-tq-csa.o
  CXX(host) /Users/ziangwang/Sources/vibeos/target/node-runtime/fresh-57/source/node-v24.14.0/out/Release/obj.host/v8_initializers/gen/torque-generated/src/builtins/finalization-registry-tq-csa.o
  CXX(host) /Users/ziangwang/Sources/vibeos/target/node-runtime/fresh-57/source/node-v24.14.0/out/Release/obj.host/v8_initializers/gen/torque-generated/src/builtins/frames-tq-csa.o
  CXX(host) /Users/ziangwang/Sources/vibeos/target/node-runtime/fresh-57/source/node-v24.14.0/out/Release/obj.host/v8_initializers/gen/torque-generated/src/builtins/frame-arguments-tq-csa.o
  CXX(host) /Users/ziangwang/Sources/vibeos/target/node-runtime/fresh-57/source/node-v24.14.0/out/Release/obj.host/v8_initializers/gen/torque-generated/src/builtins/function-tq-csa.o
  CXX(host) /Users/ziangwang/Sources/vibeos/target/node-runtime/fresh-57/source/node-v24.14.0/out/Release/obj.host/v8_initializers/gen/torque-generated/src/builtins/growable-fixed-array-tq-csa.o
  CXX(host) /Users/ziangwang/Sources/vibeos/target/node-runtime/fresh-57/source/node-v24.14.0/out/Release/obj.host/v8_initializers/gen/torque-generated/src/builtins/ic-callable-tq-csa.o
  CXX(host) /Users/ziangwang/Sources/vibeos/target/node-runtime/fresh-57/source/node-v24.14.0/out/Release/obj.host/v8_initializers/gen/torque-generated/src/builtins/ic-tq-csa.o
  CXX(host) /Users/ziangwang/Sources/vibeos/target/node-runtime/fresh-57/source/node-v24.14.0/out/Release/obj.host/v8_initializers/gen/torque-generated/src/builtins/internal-coverage-tq-csa.o
  CXX(host) /Users/ziangwang/Sources/vibeos/target/node-runtime/fresh-57/source/node-v24.14.0/out/Release/obj.host/v8_initializers/gen/torque-generated/src/builtins/internal-tq-csa.o
  CXX(host) /Users/ziangwang/Sources/vibeos/target/node-runtime/fresh-57/source/node-v24.14.0/out/Release/obj.host/v8_initializers/gen/torque-generated/src/builtins/iterator-tq-csa.o
  CXX(host) /Users/ziangwang/Sources/vibeos/target/node-runtime/fresh-57/source/node-v24.14.0/out/Release/obj.host/v8_initializers/gen/torque-generated/src/builtins/iterator-from-tq-csa.o
  CXX(host) /Users/ziangwang/Sources/vibeos/target/node-runtime/fresh-57/source/node-v24.14.0/out/Release/obj.host/v8_initializers/gen/torque-generated/src/builtins/iterator-helpers-tq-csa.o
  CXX(host) /Users/ziangwang/Sources/vibeos/target/node-runtime/fresh-57/source/node-v24.14.0/out/Release/obj.host/v8_initializers/gen/torque-generated/src/builtins/map-groupby-tq-csa.o
  CXX(host) /Users/ziangwang/Sources/vibeos/target/node-runtime/fresh-57/source/node-v24.14.0/out/Release/obj.host/v8_initializers/gen/torque-generated/src/builtins/math-tq-csa.o
  CXX(host) /Users/ziangwang/Sources/vibeos/target/node-runtime/fresh-57/source/node-v24.14.0/out/Release/obj.host/v8_initializers/gen/torque-generated/src/builtins/number-tq-csa.o
  CXX(host) /Users/ziangwang/Sources/vibeos/target/node-runtime/fresh-57/source/node-v24.14.0/out/Release/obj.host/v8_initializers/gen/torque-generated/src/builtins/object-fromentries-tq-csa.o
  CXX(host) /Users/ziangwang/Sources/vibeos/target/node-runtime/fresh-57/source/node-v24.14.0/out/Release/obj.host/v8_initializers/gen/torque-generated/src/builtins/object-groupby-tq-csa.o
  CXX(host) /Users/ziangwang/Sources/vibeos/target/node-runtime/fresh-57/source/node-v24.14.0/out/Release/obj.host/v8_initializers/gen/torque-generated/src/builtins/object-tq-csa.o
  CXX(host) /Users/ziangwang/Sources/vibeos/target/node-runtime/fresh-57/source/node-v24.14.0/out/Release/obj.host/v8_initializers/gen/torque-generated/src/builtins/promise-abstract-operations-tq-csa.o
  CXX(host) /Users/ziangwang/Sources/vibeos/target/node-runtime/fresh-57/source/node-v24.14.0/out/Release/obj.host/v8_initializers/gen/torque-generated/src/builtins/promise-all-tq-csa.o
  CXX(host) /Users/ziangwang/Sources/vibeos/target/node-runtime/fresh-57/source/node-v24.14.0/out/Release/obj.host/v8_initializers/gen/torque-generated/src/builtins/promise-all-element-closure-tq-csa.o
  CXX(host) /Users/ziangwang/Sources/vibeos/target/node-runtime/fresh-57/source/node-v24.14.0/out/Release/obj.host/v8_initializers/gen/torque-generated/src/builtins/promise-any-tq-csa.o
  CXX(host) /Users/ziangwang/Sources/vibeos/target/node-runtime/fresh-57/source/node-v24.14.0/out/Release/obj.host/v8_initializers/gen/torque-generated/src/builtins/promise-constructor-tq-csa.o
  CXX(host) /Users/ziangwang/Sources/vibeos/target/node-runtime/fresh-57/source/node-v24.14.0/out/Release/obj.host/v8_initializers/gen/torque-generated/src/builtins/promise-finally-tq-csa.o
  CXX(host) /Users/ziangwang/Sources/vibeos/target/node-runtime/fresh-57/source/node-v24.14.0/out/Release/obj.host/v8_initializers/gen/torque-generated/src/builtins/promise-jobs-tq-csa.o
  CXX(host) /Users/ziangwang/Sources/vibeos/target/node-runtime/fresh-57/source/node-v24.14.0/out/Release/obj.host/v8_initializers/gen/torque-generated/src/builtins/promise-misc-tq-csa.o
  CXX(host) /Users/ziangwang/Sources/vibeos/target/node-runtime/fresh-57/source/node-v24.14.0/out/Release/obj.host/v8_initializers/gen/torque-generated/src/builtins/promise-race-tq-csa.o
  CXX(host) /Users/ziangwang/Sources/vibeos/target/node-runtime/fresh-57/source/node-v24.14.0/out/Release/obj.host/v8_initializers/gen/torque-generated/src/builtins/promise-reaction-job-tq-csa.o
  CXX(host) /Users/ziangwang/Sources/vibeos/target/node-runtime/fresh-57/source/node-v24.14.0/out/Release/obj.host/v8_initializers/gen/torque-generated/src/builtins/promise-resolve-tq-csa.o
  CXX(host) /Users/ziangwang/Sources/vibeos/target/node-runtime/fresh-57/source/node-v24.14.0/out/Release/obj.host/v8_initializers/gen/torque-generated/src/builtins/promise-then-tq-csa.o
  CXX(host) /Users/ziangwang/Sources/vibeos/target/node-runtime/fresh-57/source/node-v24.14.0/out/Release/obj.host/v8_initializers/gen/torque-generated/src/builtins/promise-try-tq-csa.o
  CXX(host) /Users/ziangwang/Sources/vibeos/target/node-runtime/fresh-57/source/node-v24.14.0/out/Release/obj.host/v8_initializers/gen/torque-generated/src/builtins/promise-withresolvers-tq-csa.o
  CXX(host) /Users/ziangwang/Sources/vibeos/target/node-runtime/fresh-57/source/node-v24.14.0/out/Release/obj.host/v8_initializers/gen/torque-generated/src/builtins/proxy-constructor-tq-csa.o
  CXX(host) /Users/ziangwang/Sources/vibeos/target/node-runtime/fresh-57/source/node-v24.14.0/out/Release/obj.host/v8_initializers/gen/torque-generated/src/builtins/proxy-delete-property-tq-csa.o
  CXX(host) /Users/ziangwang/Sources/vibeos/target/node-runtime/fresh-57/source/node-v24.14.0/out/Release/obj.host/v8_initializers/gen/torque-generated/src/builtins/proxy-get-property-tq-csa.o
  CXX(host) /Users/ziangwang/Sources/vibeos/target/node-runtime/fresh-57/source/node-v24.14.0/out/Release/obj.host/v8_initializers/gen/torque-generated/src/builtins/proxy-get-prototype-of-tq-csa.o
  CXX(host) /Users/ziangwang/Sources/vibeos/target/node-runtime/fresh-57/source/node-v24.14.0/out/Release/obj.host/v8_initializers/gen/torque-generated/src/builtins/proxy-has-property-tq-csa.o
  CXX(host) /Users/ziangwang/Sources/vibeos/target/node-runtime/fresh-57/source/node-v24.14.0/out/Release/obj.host/v8_initializers/gen/torque-generated/src/builtins/proxy-is-extensible-tq-csa.o
  CXX(host) /Users/ziangwang/Sources/vibeos/target/node-runtime/fresh-57/source/node-v24.14.0/out/Release/obj.host/v8_initializers/gen/torque-generated/src/builtins/proxy-prevent-extensions-tq-csa.o
  CXX(host) /Users/ziangwang/Sources/vibeos/target/node-runtime/fresh-57/source/node-v24.14.0/out/Release/obj.host/v8_initializers/gen/torque-generated/src/builtins/proxy-revocable-tq-csa.o
  CXX(host) /Users/ziangwang/Sources/vibeos/target/node-runtime/fresh-57/source/node-v24.14.0/out/Release/obj.host/v8_initializers/gen/torque-generated/src/builtins/proxy-revoke-tq-csa.o
  CXX(host) /Users/ziangwang/Sources/vibeos/target/node-runtime/fresh-57/source/node-v24.14.0/out/Release/obj.host/v8_initializers/gen/torque-generated/src/builtins/proxy-set-property-tq-csa.o
  CXX(host) /Users/ziangwang/Sources/vibeos/target/node-runtime/fresh-57/source/node-v24.14.0/out/Release/obj.host/v8_initializers/gen/torque-generated/src/builtins/proxy-set-prototype-of-tq-csa.o
  CXX(host) /Users/ziangwang/Sources/vibeos/target/node-runtime/fresh-57/source/node-v24.14.0/out/Release/obj.host/v8_initializers/gen/torque-generated/src/builtins/proxy-tq-csa.o
  CXX(host) /Users/ziangwang/Sources/vibeos/target/node-runtime/fresh-57/source/node-v24.14.0/out/Release/obj.host/v8_initializers/gen/torque-generated/src/builtins/reflect-tq-csa.o
  CXX(host) /Users/ziangwang/Sources/vibeos/target/node-runtime/fresh-57/source/node-v24.14.0/out/Release/obj.host/v8_initializers/gen/torque-generated/src/builtins/regexp-exec-tq-csa.o
  CXX(host) /Users/ziangwang/Sources/vibeos/target/node-runtime/fresh-57/source/node-v24.14.0/out/Release/obj.host/v8_initializers/gen/torque-generated/src/builtins/regexp-match-all-tq-csa.o
  CXX(host) /Users/ziangwang/Sources/vibeos/target/node-runtime/fresh-57/source/node-v24.14.0/out/Release/obj.host/v8_initializers/gen/torque-generated/src/builtins/regexp-match-tq-csa.o
  CXX(host) /Users/ziangwang/Sources/vibeos/target/node-runtime/fresh-57/source/node-v24.14.0/out/Release/obj.host/v8_initializers/gen/torque-generated/src/builtins/regexp-replace-tq-csa.o
  CXX(host) /Users/ziangwang/Sources/vibeos/target/node-runtime/fresh-57/source/node-v24.14.0/out/Release/obj.host/v8_initializers/gen/torque-generated/src/builtins/regexp-search-tq-csa.o
  CXX(host) /Users/ziangwang/Sources/vibeos/target/node-runtime/fresh-57/source/node-v24.14.0/out/Release/obj.host/v8_initializers/gen/torque-generated/src/builtins/regexp-source-tq-csa.o
  CXX(host) /Users/ziangwang/Sources/vibeos/target/node-runtime/fresh-57/source/node-v24.14.0/out/Release/obj.host/v8_initializers/gen/torque-generated/src/builtins/regexp-split-tq-csa.o
  CXX(host) /Users/ziangwang/Sources/vibeos/target/node-runtime/fresh-57/source/node-v24.14.0/out/Release/obj.host/v8_initializers/gen/torque-generated/src/builtins/regexp-test-tq-csa.o
  CXX(host) /Users/ziangwang/Sources/vibeos/target/node-runtime/fresh-57/source/node-v24.14.0/out/Release/obj.host/v8_initializers/gen/torque-generated/src/builtins/regexp-tq-csa.o
  CXX(host) /Users/ziangwang/Sources/vibeos/target/node-runtime/fresh-57/source/node-v24.14.0/out/Release/obj.host/v8_initializers/gen/torque-generated/src/builtins/set-difference-tq-csa.o
  CXX(host) /Users/ziangwang/Sources/vibeos/target/node-runtime/fresh-57/source/node-v24.14.0/out/Release/obj.host/v8_initializers/gen/torque-generated/src/builtins/set-intersection-tq-csa.o
  CXX(host) /Users/ziangwang/Sources/vibeos/target/node-runtime/fresh-57/source/node-v24.14.0/out/Release/obj.host/v8_initializers/gen/torque-generated/src/builtins/set-is-disjoint-from-tq-csa.o
  CXX(host) /Users/ziangwang/Sources/vibeos/target/node-runtime/fresh-57/source/node-v24.14.0/out/Release/obj.host/v8_initializers/gen/torque-generated/src/builtins/set-is-subset-of-tq-csa.o
  CXX(host) /Users/ziangwang/Sources/vibeos/target/node-runtime/fresh-57/source/node-v24.14.0/out/Release/obj.host/v8_initializers/gen/torque-generated/src/builtins/set-is-superset-of-tq-csa.o
  CXX(host) /Users/ziangwang/Sources/vibeos/target/node-runtime/fresh-57/source/node-v24.14.0/out/Release/obj.host/v8_initializers/gen/torque-generated/src/builtins/set-symmetric-difference-tq-csa.o
  CXX(host) /Users/ziangwang/Sources/vibeos/target/node-runtime/fresh-57/source/node-v24.14.0/out/Release/obj.host/v8_initializers/gen/torque-generated/src/builtins/set-union-tq-csa.o
  CXX(host) /Users/ziangwang/Sources/vibeos/target/node-runtime/fresh-57/source/node-v24.14.0/out/Release/obj.host/v8_initializers/gen/torque-generated/src/builtins/string-at-tq-csa.o
  CXX(host) /Users/ziangwang/Sources/vibeos/target/node-runtime/fresh-57/source/node-v24.14.0/out/Release/obj.host/v8_initializers/gen/torque-generated/src/builtins/string-endswith-tq-csa.o
  CXX(host) /Users/ziangwang/Sources/vibeos/target/node-runtime/fresh-57/source/node-v24.14.0/out/Release/obj.host/v8_initializers/gen/torque-generated/src/builtins/string-html-tq-csa.o
  CXX(host) /Users/ziangwang/Sources/vibeos/target/node-runtime/fresh-57/source/node-v24.14.0/out/Release/obj.host/v8_initializers/gen/torque-generated/src/builtins/string-includes-tq-csa.o
  CXX(host) /Users/ziangwang/Sources/vibeos/target/node-runtime/fresh-57/source/node-v24.14.0/out/Release/obj.host/v8_initializers/gen/torque-generated/src/builtins/string-indexof-tq-csa.o
  CXX(host) /Users/ziangwang/Sources/vibeos/target/node-runtime/fresh-57/source/node-v24.14.0/out/Release/obj.host/v8_initializers/gen/torque-generated/src/builtins/string-iswellformed-tq-csa.o
  CXX(host) /Users/ziangwang/Sources/vibeos/target/node-runtime/fresh-57/source/node-v24.14.0/out/Release/obj.host/v8_initializers/gen/torque-generated/src/builtins/string-iterator-tq-csa.o
  CXX(host) /Users/ziangwang/Sources/vibeos/target/node-runtime/fresh-57/source/node-v24.14.0/out/Release/obj.host/v8_initializers/gen/torque-generated/src/builtins/string-match-search-tq-csa.o
  CXX(host) /Users/ziangwang/Sources/vibeos/target/node-runtime/fresh-57/source/node-v24.14.0/out/Release/obj.host/v8_initializers/gen/torque-generated/src/builtins/string-pad-tq-csa.o
  CXX(host) /Users/ziangwang/Sources/vibeos/target/node-runtime/fresh-57/source/node-v24.14.0/out/Release/obj.host/v8_initializers/gen/torque-generated/src/builtins/string-repeat-tq-csa.o
  CXX(host) /Users/ziangwang/Sources/vibeos/target/node-runtime/fresh-57/source/node-v24.14.0/out/Release/obj.host/v8_initializers/gen/torque-generated/src/builtins/string-replaceall-tq-csa.o
  CXX(host) /Users/ziangwang/Sources/vibeos/target/node-runtime/fresh-57/source/node-v24.14.0/out/Release/obj.host/v8_initializers/gen/torque-generated/src/builtins/string-slice-tq-csa.o
  CXX(host) /Users/ziangwang/Sources/vibeos/target/node-runtime/fresh-57/source/node-v24.14.0/out/Release/obj.host/v8_initializers/gen/torque-generated/src/builtins/string-startswith-tq-csa.o
  CXX(host) /Users/ziangwang/Sources/vibeos/target/node-runtime/fresh-57/source/node-v24.14.0/out/Release/obj.host/v8_initializers/gen/torque-generated/src/builtins/string-substr-tq-csa.o
  CXX(host) /Users/ziangwang/Sources/vibeos/target/node-runtime/fresh-57/source/node-v24.14.0/out/Release/obj.host/v8_initializers/gen/torque-generated/src/builtins/string-substring-tq-csa.o
  CXX(host) /Users/ziangwang/Sources/vibeos/target/node-runtime/fresh-57/source/node-v24.14.0/out/Release/obj.host/v8_initializers/gen/torque-generated/src/builtins/string-towellformed-tq-csa.o
  CXX(host) /Users/ziangwang/Sources/vibeos/target/node-runtime/fresh-57/source/node-v24.14.0/out/Release/obj.host/v8_initializers/gen/torque-generated/src/builtins/string-trim-tq-csa.o
  CXX(host) /Users/ziangwang/Sources/vibeos/target/node-runtime/fresh-57/source/node-v24.14.0/out/Release/obj.host/v8_initializers/gen/torque-generated/src/builtins/suppressed-error-tq-csa.o
  CXX(host) /Users/ziangwang/Sources/vibeos/target/node-runtime/fresh-57/source/node-v24.14.0/out/Release/obj.host/v8_initializers/gen/torque-generated/src/builtins/symbol-tq-csa.o
  CXX(host) /Users/ziangwang/Sources/vibeos/target/node-runtime/fresh-57/source/node-v24.14.0/out/Release/obj.host/v8_initializers/gen/torque-generated/src/builtins/torque-internal-tq-csa.o
  CXX(host) /Users/ziangwang/Sources/vibeos/target/node-runtime/fresh-57/source/node-v24.14.0/out/Release/obj.host/v8_initializers/gen/torque-generated/src/builtins/typed-array-at-tq-csa.o
  CXX(host) /Users/ziangwang/Sources/vibeos/target/node-runtime/fresh-57/source/node-v24.14.0/out/Release/obj.host/v8_initializers/gen/torque-generated/src/builtins/typed-array-createtypedarray-tq-csa.o
  CXX(host) /Users/ziangwang/Sources/vibeos/target/node-runtime/fresh-57/source/node-v24.14.0/out/Release/obj.host/v8_initializers/gen/torque-generated/src/builtins/typed-array-every-tq-csa.o
  CXX(host) /Users/ziangwang/Sources/vibeos/target/node-runtime/fresh-57/source/node-v24.14.0/out/Release/obj.host/v8_initializers/gen/torque-generated/src/builtins/typed-array-entries-tq-csa.o
  CXX(host) /Users/ziangwang/Sources/vibeos/target/node-runtime/fresh-57/source/node-v24.14.0/out/Release/obj.host/v8_initializers/gen/torque-generated/src/builtins/typed-array-filter-tq-csa.o
  CXX(host) /Users/ziangwang/Sources/vibeos/target/node-runtime/fresh-57/source/node-v24.14.0/out/Release/obj.host/v8_initializers/gen/torque-generated/src/builtins/typed-array-find-tq-csa.o
  CXX(host) /Users/ziangwang/Sources/vibeos/target/node-runtime/fresh-57/source/node-v24.14.0/out/Release/obj.host/v8_initializers/gen/torque-generated/src/builtins/typed-array-findindex-tq-csa.o
  CXX(host) /Users/ziangwang/Sources/vibeos/target/node-runtime/fresh-57/source/node-v24.14.0/out/Release/obj.host/v8_initializers/gen/torque-generated/src/builtins/typed-array-findlast-tq-csa.o
  CXX(host) /Users/ziangwang/Sources/vibeos/target/node-runtime/fresh-57/source/node-v24.14.0/out/Release/obj.host/v8_initializers/gen/torque-generated/src/builtins/typed-array-findlastindex-tq-csa.o
  CXX(host) /Users/ziangwang/Sources/vibeos/target/node-runtime/fresh-57/source/node-v24.14.0/out/Release/obj.host/v8_initializers/gen/torque-generated/src/builtins/typed-array-foreach-tq-csa.o
  CXX(host) /Users/ziangwang/Sources/vibeos/target/node-runtime/fresh-57/source/node-v24.14.0/out/Release/obj.host/v8_initializers/gen/torque-generated/src/builtins/typed-array-from-tq-csa.o
  CXX(host) /Users/ziangwang/Sources/vibeos/target/node-runtime/fresh-57/source/node-v24.14.0/out/Release/obj.host/v8_initializers/gen/torque-generated/src/builtins/typed-array-keys-tq-csa.o
  CXX(host) /Users/ziangwang/Sources/vibeos/target/node-runtime/fresh-57/source/node-v24.14.0/out/Release/obj.host/v8_initializers/gen/torque-generated/src/builtins/typed-array-of-tq-csa.o
  CXX(host) /Users/ziangwang/Sources/vibeos/target/node-runtime/fresh-57/source/node-v24.14.0/out/Release/obj.host/v8_initializers/gen/torque-generated/src/builtins/typed-array-reduce-tq-csa.o
  CXX(host) /Users/ziangwang/Sources/vibeos/target/node-runtime/fresh-57/source/node-v24.14.0/out/Release/obj.host/v8_initializers/gen/torque-generated/src/builtins/typed-array-reduceright-tq-csa.o
  CXX(host) /Users/ziangwang/Sources/vibeos/target/node-runtime/fresh-57/source/node-v24.14.0/out/Release/obj.host/v8_initializers/gen/torque-generated/src/builtins/typed-array-set-tq-csa.o
  CXX(host) /Users/ziangwang/Sources/vibeos/target/node-runtime/fresh-57/source/node-v24.14.0/out/Release/obj.host/v8_initializers/gen/torque-generated/src/builtins/typed-array-slice-tq-csa.o
  CXX(host) /Users/ziangwang/Sources/vibeos/target/node-runtime/fresh-57/source/node-v24.14.0/out/Release/obj.host/v8_initializers/gen/torque-generated/src/builtins/typed-array-some-tq-csa.o
  CXX(host) /Users/ziangwang/Sources/vibeos/target/node-runtime/fresh-57/source/node-v24.14.0/out/Release/obj.host/v8_initializers/gen/torque-generated/src/builtins/typed-array-sort-tq-csa.o
  CXX(host) /Users/ziangwang/Sources/vibeos/target/node-runtime/fresh-57/source/node-v24.14.0/out/Release/obj.host/v8_initializers/gen/torque-generated/src/builtins/typed-array-subarray-tq-csa.o
  CXX(host) /Users/ziangwang/Sources/vibeos/target/node-runtime/fresh-57/source/node-v24.14.0/out/Release/obj.host/v8_initializers/gen/torque-generated/src/builtins/typed-array-to-reversed-tq-csa.o
  CXX(host) /Users/ziangwang/Sources/vibeos/target/node-runtime/fresh-57/source/node-v24.14.0/out/Release/obj.host/v8_initializers/gen/torque-generated/src/builtins/typed-array-to-sorted-tq-csa.o
  CXX(host) /Users/ziangwang/Sources/vibeos/target/node-runtime/fresh-57/source/node-v24.14.0/out/Release/obj.host/v8_initializers/gen/torque-generated/src/builtins/typed-array-values-tq-csa.o
  CXX(host) /Users/ziangwang/Sources/vibeos/target/node-runtime/fresh-57/source/node-v24.14.0/out/Release/obj.host/v8_initializers/gen/torque-generated/src/builtins/typed-array-with-tq-csa.o
  CXX(host) /Users/ziangwang/Sources/vibeos/target/node-runtime/fresh-57/source/node-v24.14.0/out/Release/obj.host/v8_initializers/gen/torque-generated/src/builtins/typed-array-tq-csa.o
  CXX(host) /Users/ziangwang/Sources/vibeos/target/node-runtime/fresh-57/source/node-v24.14.0/out/Release/obj.host/v8_initializers/gen/torque-generated/src/builtins/weak-ref-tq-csa.o
  CXX(host) /Users/ziangwang/Sources/vibeos/target/node-runtime/fresh-57/source/node-v24.14.0/out/Release/obj.host/v8_initializers/gen/torque-generated/src/ic/handler-configuration-tq-csa.o
  CXX(host) /Users/ziangwang/Sources/vibeos/target/node-runtime/fresh-57/source/node-v24.14.0/out/Release/obj.host/v8_initializers/gen/torque-generated/src/objects/allocation-site-tq-csa.o
  CXX(host) /Users/ziangwang/Sources/vibeos/target/node-runtime/fresh-57/source/node-v24.14.0/out/Release/obj.host/v8_initializers/gen/torque-generated/src/objects/api-callbacks-tq-csa.o
  CXX(host) /Users/ziangwang/Sources/vibeos/target/node-runtime/fresh-57/source/node-v24.14.0/out/Release/obj.host/v8_initializers/gen/torque-generated/src/objects/arguments-tq-csa.o
  CXX(host) /Users/ziangwang/Sources/vibeos/target/node-runtime/fresh-57/source/node-v24.14.0/out/Release/obj.host/v8_initializers/gen/torque-generated/src/objects/bigint-tq-csa.o
  CXX(host) /Users/ziangwang/Sources/vibeos/target/node-runtime/fresh-57/source/node-v24.14.0/out/Release/obj.host/v8_initializers/gen/torque-generated/src/objects/call-site-info-tq-csa.o
  CXX(host) /Users/ziangwang/Sources/vibeos/target/node-runtime/fresh-57/source/node-v24.14.0/out/Release/obj.host/v8_initializers/gen/torque-generated/src/objects/cell-tq-csa.o
  CXX(host) /Users/ziangwang/Sources/vibeos/target/node-runtime/fresh-57/source/node-v24.14.0/out/Release/obj.host/v8_initializers/gen/torque-generated/src/objects/bytecode-array-tq-csa.o
  CXX(host) /Users/ziangwang/Sources/vibeos/target/node-runtime/fresh-57/source/node-v24.14.0/out/Release/obj.host/v8_initializers/gen/torque-generated/src/objects/contexts-tq-csa.o
  CXX(host) /Users/ziangwang/Sources/vibeos/target/node-runtime/fresh-57/source/node-v24.14.0/out/Release/obj.host/v8_initializers/gen/torque-generated/src/objects/data-handler-tq-csa.o
  CXX(host) /Users/ziangwang/Sources/vibeos/target/node-runtime/fresh-57/source/node-v24.14.0/out/Release/obj.host/v8_initializers/gen/torque-generated/src/objects/debug-objects-tq-csa.o
  CXX(host) /Users/ziangwang/Sources/vibeos/target/node-runtime/fresh-57/source/node-v24.14.0/out/Release/obj.host/v8_initializers/gen/torque-generated/src/objects/descriptor-array-tq-csa.o
  CXX(host) /Users/ziangwang/Sources/vibeos/target/node-runtime/fresh-57/source/node-v24.14.0/out/Release/obj.host/v8_initializers/gen/torque-generated/src/objects/embedder-data-array-tq-csa.o
  CXX(host) /Users/ziangwang/Sources/vibeos/target/node-runtime/fresh-57/source/node-v24.14.0/out/Release/obj.host/v8_initializers/gen/torque-generated/src/objects/feedback-cell-tq-csa.o
  CXX(host) /Users/ziangwang/Sources/vibeos/target/node-runtime/fresh-57/source/node-v24.14.0/out/Release/obj.host/v8_initializers/gen/torque-generated/src/objects/feedback-vector-tq-csa.o
  CXX(host) /Users/ziangwang/Sources/vibeos/target/node-runtime/fresh-57/source/node-v24.14.0/out/Release/obj.host/v8_initializers/gen/torque-generated/src/objects/fixed-array-tq-csa.o
  CXX(host) /Users/ziangwang/Sources/vibeos/target/node-runtime/fresh-57/source/node-v24.14.0/out/Release/obj.host/v8_initializers/gen/torque-generated/src/objects/foreign-tq-csa.o
  CXX(host) /Users/ziangwang/Sources/vibeos/target/node-runtime/fresh-57/source/node-v24.14.0/out/Release/obj.host/v8_initializers/gen/torque-generated/src/objects/free-space-tq-csa.o
  CXX(host) /Users/ziangwang/Sources/vibeos/target/node-runtime/fresh-57/source/node-v24.14.0/out/Release/obj.host/v8_initializers/gen/torque-generated/src/objects/heap-number-tq-csa.o
  CXX(host) /Users/ziangwang/Sources/vibeos/target/node-runtime/fresh-57/source/node-v24.14.0/out/Release/obj.host/v8_initializers/gen/torque-generated/src/objects/heap-object-tq-csa.o
  CXX(host) /Users/ziangwang/Sources/vibeos/target/node-runtime/fresh-57/source/node-v24.14.0/out/Release/obj.host/v8_initializers/gen/torque-generated/src/objects/js-array-buffer-tq-csa.o
  CXX(host) /Users/ziangwang/Sources/vibeos/target/node-runtime/fresh-57/source/node-v24.14.0/out/Release/obj.host/v8_initializers/gen/torque-generated/src/objects/js-array-tq-csa.o
  CXX(host) /Users/ziangwang/Sources/vibeos/target/node-runtime/fresh-57/source/node-v24.14.0/out/Release/obj.host/v8_initializers/gen/torque-generated/src/objects/js-atomics-synchronization-tq-csa.o
  CXX(host) /Users/ziangwang/Sources/vibeos/target/node-runtime/fresh-57/source/node-v24.14.0/out/Release/obj.host/v8_initializers/gen/torque-generated/src/objects/js-collection-iterator-tq-csa.o
  CXX(host) /Users/ziangwang/Sources/vibeos/target/node-runtime/fresh-57/source/node-v24.14.0/out/Release/obj.host/v8_initializers/gen/torque-generated/src/objects/js-collection-tq-csa.o
  CXX(host) /Users/ziangwang/Sources/vibeos/target/node-runtime/fresh-57/source/node-v24.14.0/out/Release/obj.host/v8_initializers/gen/torque-generated/src/objects/js-disposable-stack-tq-csa.o
  CXX(host) /Users/ziangwang/Sources/vibeos/target/node-runtime/fresh-57/source/node-v24.14.0/out/Release/obj.host/v8_initializers/gen/torque-generated/src/objects/js-function-tq-csa.o
  CXX(host) /Users/ziangwang/Sources/vibeos/target/node-runtime/fresh-57/source/node-v24.14.0/out/Release/obj.host/v8_initializers/gen/torque-generated/src/objects/js-generator-tq-csa.o
  CXX(host) /Users/ziangwang/Sources/vibeos/target/node-runtime/fresh-57/source/node-v24.14.0/out/Release/obj.host/v8_initializers/gen/torque-generated/src/objects/js-iterator-helpers-tq-csa.o
  CXX(host) /Users/ziangwang/Sources/vibeos/target/node-runtime/fresh-57/source/node-v24.14.0/out/Release/obj.host/v8_initializers/gen/torque-generated/src/objects/js-objects-tq-csa.o
  CXX(host) /Users/ziangwang/Sources/vibeos/target/node-runtime/fresh-57/source/node-v24.14.0/out/Release/obj.host/v8_initializers/gen/torque-generated/src/objects/js-promise-tq-csa.o
  CXX(host) /Users/ziangwang/Sources/vibeos/target/node-runtime/fresh-57/source/node-v24.14.0/out/Release/obj.host/v8_initializers/gen/torque-generated/src/objects/js-proxy-tq-csa.o
  CXX(host) /Users/ziangwang/Sources/vibeos/target/node-runtime/fresh-57/source/node-v24.14.0/out/Release/obj.host/v8_initializers/gen/torque-generated/src/objects/js-raw-json-tq-csa.o
  CXX(host) /Users/ziangwang/Sources/vibeos/target/node-runtime/fresh-57/source/node-v24.14.0/out/Release/obj.host/v8_initializers/gen/torque-generated/src/objects/js-regexp-string-iterator-tq-csa.o
  CXX(host) /Users/ziangwang/Sources/vibeos/target/node-runtime/fresh-57/source/node-v24.14.0/out/Release/obj.host/v8_initializers/gen/torque-generated/src/objects/js-regexp-tq-csa.o
  CXX(host) /Users/ziangwang/Sources/vibeos/target/node-runtime/fresh-57/source/node-v24.14.0/out/Release/obj.host/v8_initializers/gen/torque-generated/src/objects/js-shadow-realm-tq-csa.o
  CXX(host) /Users/ziangwang/Sources/vibeos/target/node-runtime/fresh-57/source/node-v24.14.0/out/Release/obj.host/v8_initializers/gen/torque-generated/src/objects/js-shared-array-tq-csa.o
  CXX(host) /Users/ziangwang/Sources/vibeos/target/node-runtime/fresh-57/source/node-v24.14.0/out/Release/obj.host/v8_initializers/gen/torque-generated/src/objects/js-struct-tq-csa.o
  CXX(host) /Users/ziangwang/Sources/vibeos/target/node-runtime/fresh-57/source/node-v24.14.0/out/Release/obj.host/v8_initializers/gen/torque-generated/src/objects/js-temporal-objects-tq-csa.o
  CXX(host) /Users/ziangwang/Sources/vibeos/target/node-runtime/fresh-57/source/node-v24.14.0/out/Release/obj.host/v8_initializers/gen/torque-generated/src/objects/js-weak-refs-tq-csa.o
  CXX(host) /Users/ziangwang/Sources/vibeos/target/node-runtime/fresh-57/source/node-v24.14.0/out/Release/obj.host/v8_initializers/gen/torque-generated/src/objects/literal-objects-tq-csa.o
  CXX(host) /Users/ziangwang/Sources/vibeos/target/node-runtime/fresh-57/source/node-v24.14.0/out/Release/obj.host/v8_initializers/gen/torque-generated/src/objects/map-tq-csa.o
  CXX(host) /Users/ziangwang/Sources/vibeos/target/node-runtime/fresh-57/source/node-v24.14.0/out/Release/obj.host/v8_initializers/gen/torque-generated/src/objects/megadom-handler-tq-csa.o
  CXX(host) /Users/ziangwang/Sources/vibeos/target/node-runtime/fresh-57/source/node-v24.14.0/out/Release/obj.host/v8_initializers/gen/torque-generated/src/objects/microtask-tq-csa.o
  CXX(host) /Users/ziangwang/Sources/vibeos/target/node-runtime/fresh-57/source/node-v24.14.0/out/Release/obj.host/v8_initializers/gen/torque-generated/src/objects/module-tq-csa.o
  CXX(host) /Users/ziangwang/Sources/vibeos/target/node-runtime/fresh-57/source/node-v24.14.0/out/Release/obj.host/v8_initializers/gen/torque-generated/src/objects/name-tq-csa.o
  CXX(host) /Users/ziangwang/Sources/vibeos/target/node-runtime/fresh-57/source/node-v24.14.0/out/Release/obj.host/v8_initializers/gen/torque-generated/src/objects/oddball-tq-csa.o
  CXX(host) /Users/ziangwang/Sources/vibeos/target/node-runtime/fresh-57/source/node-v24.14.0/out/Release/obj.host/v8_initializers/gen/torque-generated/src/objects/hole-tq-csa.o
  CXX(host) /Users/ziangwang/Sources/vibeos/target/node-runtime/fresh-57/source/node-v24.14.0/out/Release/obj.host/v8_initializers/gen/torque-generated/src/objects/trusted-object-tq-csa.o
  CXX(host) /Users/ziangwang/Sources/vibeos/target/node-runtime/fresh-57/source/node-v24.14.0/out/Release/obj.host/v8_initializers/gen/torque-generated/src/objects/ordered-hash-table-tq-csa.o
  CXX(host) /Users/ziangwang/Sources/vibeos/target/node-runtime/fresh-57/source/node-v24.14.0/out/Release/obj.host/v8_initializers/gen/torque-generated/src/objects/primitive-heap-object-tq-csa.o
  CXX(host) /Users/ziangwang/Sources/vibeos/target/node-runtime/fresh-57/source/node-v24.14.0/out/Release/obj.host/v8_initializers/gen/torque-generated/src/objects/promise-tq-csa.o
  CXX(host) /Users/ziangwang/Sources/vibeos/target/node-runtime/fresh-57/source/node-v24.14.0/out/Release/obj.host/v8_initializers/gen/torque-generated/src/objects/property-array-tq-csa.o
  CXX(host) /Users/ziangwang/Sources/vibeos/target/node-runtime/fresh-57/source/node-v24.14.0/out/Release/obj.host/v8_initializers/gen/torque-generated/src/objects/property-cell-tq-csa.o
  CXX(host) /Users/ziangwang/Sources/vibeos/target/node-runtime/fresh-57/source/node-v24.14.0/out/Release/obj.host/v8_initializers/gen/torque-generated/src/objects/property-descriptor-object-tq-csa.o
  CXX(host) /Users/ziangwang/Sources/vibeos/target/node-runtime/fresh-57/source/node-v24.14.0/out/Release/obj.host/v8_initializers/gen/torque-generated/src/objects/prototype-info-tq-csa.o
  CXX(host) /Users/ziangwang/Sources/vibeos/target/node-runtime/fresh-57/source/node-v24.14.0/out/Release/obj.host/v8_initializers/gen/torque-generated/src/objects/regexp-match-info-tq-csa.o
  CXX(host) /Users/ziangwang/Sources/vibeos/target/node-runtime/fresh-57/source/node-v24.14.0/out/Release/obj.host/v8_initializers/gen/torque-generated/src/objects/scope-info-tq-csa.o
  CXX(host) /Users/ziangwang/Sources/vibeos/target/node-runtime/fresh-57/source/node-v24.14.0/out/Release/obj.host/v8_initializers/gen/torque-generated/src/objects/script-tq-csa.o
  CXX(host) /Users/ziangwang/Sources/vibeos/target/node-runtime/fresh-57/source/node-v24.14.0/out/Release/obj.host/v8_initializers/gen/torque-generated/src/objects/shared-function-info-tq-csa.o
  CXX(host) /Users/ziangwang/Sources/vibeos/target/node-runtime/fresh-57/source/node-v24.14.0/out/Release/obj.host/v8_initializers/gen/torque-generated/src/objects/source-text-module-tq-csa.o
  CXX(host) /Users/ziangwang/Sources/vibeos/target/node-runtime/fresh-57/source/node-v24.14.0/out/Release/obj.host/v8_initializers/gen/torque-generated/src/objects/string-tq-csa.o
  CXX(host) /Users/ziangwang/Sources/vibeos/target/node-runtime/fresh-57/source/node-v24.14.0/out/Release/obj.host/v8_initializers/gen/torque-generated/src/objects/struct-tq-csa.o
  CXX(host) /Users/ziangwang/Sources/vibeos/target/node-runtime/fresh-57/source/node-v24.14.0/out/Release/obj.host/v8_initializers/gen/torque-generated/src/objects/swiss-hash-table-helpers-tq-csa.o
  CXX(host) /Users/ziangwang/Sources/vibeos/target/node-runtime/fresh-57/source/node-v24.14.0/out/Release/obj.host/v8_initializers/gen/torque-generated/src/objects/swiss-name-dictionary-tq-csa.o
  CXX(host) /Users/ziangwang/Sources/vibeos/target/node-runtime/fresh-57/source/node-v24.14.0/out/Release/obj.host/v8_initializers/gen/torque-generated/src/objects/synthetic-module-tq-csa.o
  CXX(host) /Users/ziangwang/Sources/vibeos/target/node-runtime/fresh-57/source/node-v24.14.0/out/Release/obj.host/v8_initializers/gen/torque-generated/src/objects/template-objects-tq-csa.o
  CXX(host) /Users/ziangwang/Sources/vibeos/target/node-runtime/fresh-57/source/node-v24.14.0/out/Release/obj.host/v8_initializers/gen/torque-generated/src/objects/templates-tq-csa.o
  CXX(host) /Users/ziangwang/Sources/vibeos/target/node-runtime/fresh-57/source/node-v24.14.0/out/Release/obj.host/v8_initializers/gen/torque-generated/src/objects/torque-defined-classes-tq-csa.o
  CXX(host) /Users/ziangwang/Sources/vibeos/target/node-runtime/fresh-57/source/node-v24.14.0/out/Release/obj.host/v8_initializers/gen/torque-generated/src/objects/turbofan-types-tq-csa.o
  CXX(host) /Users/ziangwang/Sources/vibeos/target/node-runtime/fresh-57/source/node-v24.14.0/out/Release/obj.host/v8_initializers/gen/torque-generated/src/objects/turboshaft-types-tq-csa.o
  CXX(host) /Users/ziangwang/Sources/vibeos/target/node-runtime/fresh-57/source/node-v24.14.0/out/Release/obj.host/v8_initializers/gen/torque-generated/test/torque/test-torque-tq-csa.o
  CXX(host) /Users/ziangwang/Sources/vibeos/target/node-runtime/fresh-57/source/node-v24.14.0/out/Release/obj.host/v8_initializers/gen/torque-generated/third_party/v8/builtins/array-sort-tq-csa.o
  AR(host) /Users/ziangwang/Sources/vibeos/target/node-runtime/fresh-57/source/node-v24.14.0/out/Release/obj.host/tools/v8_gypfiles/libv8_initializers.a
  CXX(host) /Users/ziangwang/Sources/vibeos/target/node-runtime/fresh-57/source/node-v24.14.0/out/Release/obj.host/mksnapshot/deps/v8/src/snapshot/embedded/embedded-empty.o
  CXX(host) /Users/ziangwang/Sources/vibeos/target/node-runtime/fresh-57/source/node-v24.14.0/out/Release/obj.host/mksnapshot/deps/v8/src/snapshot/embedded/embedded-file-writer.o
  CXX(host) /Users/ziangwang/Sources/vibeos/target/node-runtime/fresh-57/source/node-v24.14.0/out/Release/obj.host/mksnapshot/deps/v8/src/snapshot/embedded/platform-embedded-file-writer-aix.o
  CXX(host) /Users/ziangwang/Sources/vibeos/target/node-runtime/fresh-57/source/node-v24.14.0/out/Release/obj.host/mksnapshot/deps/v8/src/snapshot/embedded/platform-embedded-file-writer-base.o
  CXX(host) /Users/ziangwang/Sources/vibeos/target/node-runtime/fresh-57/source/node-v24.14.0/out/Release/obj.host/mksnapshot/deps/v8/src/snapshot/embedded/platform-embedded-file-writer-generic.o
  CXX(host) /Users/ziangwang/Sources/vibeos/target/node-runtime/fresh-57/source/node-v24.14.0/out/Release/obj.host/mksnapshot/deps/v8/src/snapshot/embedded/platform-embedded-file-writer-mac.o
  CXX(host) /Users/ziangwang/Sources/vibeos/target/node-runtime/fresh-57/source/node-v24.14.0/out/Release/obj.host/mksnapshot/deps/v8/src/snapshot/embedded/platform-embedded-file-writer-win.o
  CXX(host) /Users/ziangwang/Sources/vibeos/target/node-runtime/fresh-57/source/node-v24.14.0/out/Release/obj.host/mksnapshot/deps/v8/src/snapshot/embedded/platform-embedded-file-writer-zos.o
  CXX(host) /Users/ziangwang/Sources/vibeos/target/node-runtime/fresh-57/source/node-v24.14.0/out/Release/obj.host/mksnapshot/deps/v8/src/snapshot/mksnapshot.o
  CXX(host) /Users/ziangwang/Sources/vibeos/target/node-runtime/fresh-57/source/node-v24.14.0/out/Release/obj.host/mksnapshot/deps/v8/src/snapshot/snapshot-empty.o
  CXX(host) /Users/ziangwang/Sources/vibeos/target/node-runtime/fresh-57/source/node-v24.14.0/out/Release/obj.host/mksnapshot/deps/v8/src/snapshot/static-roots-gen.o
  LINK(host) /Users/ziangwang/Sources/vibeos/target/node-runtime/fresh-57/source/node-v24.14.0/out/Release/mksnapshot
  TOUCH 11ba860e00a2b5f2b856cd63d4f743152be213ff20306d93da7e87d6f134aae4.intermediate
  ACTION generating: "/Users/ziangwang/Sources/vibeos/target/node-runtime/fresh-57/source/node-v24.14.0/out/Release/obj.target/v8_zlib/geni/snapshot.cc" "/Users/ziangwang/Sources/vibeos/target/node-runtime/fresh-57/source/node-v24.14.0/out/Release/obj.target/v8_zlib/geni/embedded.S" 11ba860e00a2b5f2b856cd63d4f743152be213ff20306d93da7e87d6f134aae4.intermediate
  CXX(target) /Users/ziangwang/Sources/vibeos/target/node-runtime/fresh-57/source/node-v24.14.0/out/Release/obj.target/v8_snapshot/deps/v8/src/init/setup-isolate-deserialize.o
  CXX(target) /Users/ziangwang/Sources/vibeos/target/node-runtime/fresh-57/source/node-v24.14.0/out/Release/obj.target/v8_snapshot/geni/snapshot.o
  CC(target) /Users/ziangwang/Sources/vibeos/target/node-runtime/fresh-57/source/node-v24.14.0/out/Release/obj.target/v8_snapshot/geni/embedded.o
  AR(target) /Users/ziangwang/Sources/vibeos/target/node-runtime/fresh-57/source/node-v24.14.0/out/Release/obj.target/tools/v8_gypfiles/libv8_snapshot.a
rm ced49d01b3928013dfbebee8860351214754d38e2affe8b2d8e6b7992b11a86f.intermediate 771d00e7e2b989dd19c3f52975460ce5e8d8fdfeae5c1646b7b06b924b5d9d5c.intermediate dbdaaaf9793d49667b523366085279f929ebedb54f30d56698cbfa2ed0e7e3c2.intermediate 750978ffde1a38783d939be045ef0afff3e89bbe26d02d4a922e6d12228c9101.intermediate 11ba860e00a2b5f2b856cd63d4f743152be213ff20306d93da7e87d6f134aae4.intermediate
