tools/v8_gypfiles/generate_bytecode_builtins_list.target.mk:13: warning: overriding commands for target `/Users/ziangwang/Sources/vibeos/target/node-runtime/source/node-v24.14.0/out/Release/obj/gen/generate-bytecode-output-root/builtins-generated/bytecodes-builtins-list.h'
tools/v8_gypfiles/generate_bytecode_builtins_list.host.mk:13: warning: ignoring old commands for target `/Users/ziangwang/Sources/vibeos/target/node-runtime/source/node-v24.14.0/out/Release/obj/gen/generate-bytecode-output-root/builtins-generated/bytecodes-builtins-list.h'
tools/v8_gypfiles/postmortem-metadata.target.mk:13: warning: overriding commands for target `/Users/ziangwang/Sources/vibeos/target/node-runtime/source/node-v24.14.0/out/Release/obj/gen/debug-support.cc'
tools/v8_gypfiles/postmortem-metadata.host.mk:13: warning: ignoring old commands for target `/Users/ziangwang/Sources/vibeos/target/node-runtime/source/node-v24.14.0/out/Release/obj/gen/debug-support.cc'
tools/v8_gypfiles/run_gen-regexp-special-case.target.mk:13: warning: overriding commands for target `/Users/ziangwang/Sources/vibeos/target/node-runtime/source/node-v24.14.0/out/Release/obj/gen/src/regexp/special-case.cc'
tools/v8_gypfiles/run_gen-regexp-special-case.host.mk:13: warning: ignoring old commands for target `/Users/ziangwang/Sources/vibeos/target/node-runtime/source/node-v24.14.0/out/Release/obj/gen/src/regexp/special-case.cc'
tools/v8_gypfiles/run_torque.target.mk:13: warning: overriding commands for target `/Users/ziangwang/Sources/vibeos/target/node-runtime/source/node-v24.14.0/out/Release/obj/gen/torque-generated/bit-fields.h'
tools/v8_gypfiles/run_torque.host.mk:13: warning: ignoring old commands for target `/Users/ziangwang/Sources/vibeos/target/node-runtime/source/node-v24.14.0/out/Release/obj/gen/torque-generated/bit-fields.h'
tools/v8_gypfiles/run_torque.target.mk:13: warning: overriding commands for target `/Users/ziangwang/Sources/vibeos/target/node-runtime/source/node-v24.14.0/out/Release/obj/gen/torque-generated/builtin-definitions.h'
tools/v8_gypfiles/run_torque.host.mk:13: warning: ignoring old commands for target `/Users/ziangwang/Sources/vibeos/target/node-runtime/source/node-v24.14.0/out/Release/obj/gen/torque-generated/builtin-definitions.h'
tools/v8_gypfiles/run_torque.target.mk:13: warning: overriding commands for target `/Users/ziangwang/Sources/vibeos/target/node-runtime/source/node-v24.14.0/out/Release/obj/gen/torque-generated/class-debug-readers.cc'
tools/v8_gypfiles/run_torque.host.mk:13: warning: ignoring old commands for target `/Users/ziangwang/Sources/vibeos/target/node-runtime/source/node-v24.14.0/out/Release/obj/gen/torque-generated/class-debug-readers.cc'
tools/v8_gypfiles/run_torque.target.mk:13: warning: overriding commands for target `/Users/ziangwang/Sources/vibeos/target/node-runtime/source/node-v24.14.0/out/Release/obj/gen/torque-generated/class-debug-readers.h'
tools/v8_gypfiles/run_torque.host.mk:13: warning: ignoring old commands for target `/Users/ziangwang/Sources/vibeos/target/node-runtime/source/node-v24.14.0/out/Release/obj/gen/torque-generated/class-debug-readers.h'
tools/v8_gypfiles/run_torque.target.mk:13: warning: overriding commands for target `/Users/ziangwang/Sources/vibeos/target/node-runtime/source/node-v24.14.0/out/Release/obj/gen/torque-generated/class-forward-declarations.h'
tools/v8_gypfiles/run_torque.host.mk:13: warning: ignoring old commands for target `/Users/ziangwang/Sources/vibeos/target/node-runtime/source/node-v24.14.0/out/Release/obj/gen/torque-generated/class-forward-declarations.h'
tools/v8_gypfiles/run_torque.target.mk:13: warning: overriding commands for target `/Users/ziangwang/Sources/vibeos/target/node-runtime/source/node-v24.14.0/out/Release/obj/gen/torque-generated/class-verifiers.cc'
tools/v8_gypfiles/run_torque.host.mk:13: warning: ignoring old commands for target `/Users/ziangwang/Sources/vibeos/target/node-runtime/source/node-v24.14.0/out/Release/obj/gen/torque-generated/class-verifiers.cc'
tools/v8_gypfiles/run_torque.target.mk:13: warning: overriding commands for target `/Users/ziangwang/Sources/vibeos/target/node-runtime/source/node-v24.14.0/out/Release/obj/gen/torque-generated/class-verifiers.h'
tools/v8_gypfiles/run_torque.host.mk:13: warning: ignoring old commands for target `/Users/ziangwang/Sources/vibeos/target/node-runtime/source/node-v24.14.0/out/Release/obj/gen/torque-generated/class-verifiers.h'
tools/v8_gypfiles/run_torque.target.mk:13: warning: overriding commands for target `/Users/ziangwang/Sources/vibeos/target/node-runtime/source/node-v24.14.0/out/Release/obj/gen/torque-generated/csa-types.h'
tools/v8_gypfiles/run_torque.host.mk:13: warning: ignoring old commands for target `/Users/ziangwang/Sources/vibeos/target/node-runtime/source/node-v24.14.0/out/Release/obj/gen/torque-generated/csa-types.h'
tools/v8_gypfiles/run_torque.target.mk:13: warning: overriding commands for target `/Users/ziangwang/Sources/vibeos/target/node-runtime/source/node-v24.14.0/out/Release/obj/gen/torque-generated/debug-macros.cc'
tools/v8_gypfiles/run_torque.host.mk:13: warning: ignoring old commands for target `/Users/ziangwang/Sources/vibeos/target/node-runtime/source/node-v24.14.0/out/Release/obj/gen/torque-generated/debug-macros.cc'
tools/v8_gypfiles/run_torque.target.mk:13: warning: overriding commands for target `/Users/ziangwang/Sources/vibeos/target/node-runtime/source/node-v24.14.0/out/Release/obj/gen/torque-generated/debug-macros.h'
tools/v8_gypfiles/run_torque.host.mk:13: warning: ignoring old commands for target `/Users/ziangwang/Sources/vibeos/target/node-runtime/source/node-v24.14.0/out/Release/obj/gen/torque-generated/debug-macros.h'
tools/v8_gypfiles/run_torque.target.mk:13: warning: overriding commands for target `/Users/ziangwang/Sources/vibeos/target/node-runtime/source/node-v24.14.0/out/Release/obj/gen/torque-generated/enum-verifiers.cc'
tools/v8_gypfiles/run_torque.host.mk:13: warning: ignoring old commands for target `/Users/ziangwang/Sources/vibeos/target/node-runtime/source/node-v24.14.0/out/Release/obj/gen/torque-generated/enum-verifiers.cc'
tools/v8_gypfiles/run_torque.target.mk:13: warning: overriding commands for target `/Users/ziangwang/Sources/vibeos/target/node-runtime/source/node-v24.14.0/out/Release/obj/gen/torque-generated/exported-macros-assembler.cc'
tools/v8_gypfiles/run_torque.host.mk:13: warning: ignoring old commands for target `/Users/ziangwang/Sources/vibeos/target/node-runtime/source/node-v24.14.0/out/Release/obj/gen/torque-generated/exported-macros-assembler.cc'
tools/v8_gypfiles/run_torque.target.mk:13: warning: overriding commands for target `/Users/ziangwang/Sources/vibeos/target/node-runtime/source/node-v24.14.0/out/Release/obj/gen/torque-generated/exported-macros-assembler.h'
tools/v8_gypfiles/run_torque.host.mk:13: warning: ignoring old commands for target `/Users/ziangwang/Sources/vibeos/target/node-runtime/source/node-v24.14.0/out/Release/obj/gen/torque-generated/exported-macros-assembler.h'
tools/v8_gypfiles/run_torque.target.mk:13: warning: overriding commands for target `/Users/ziangwang/Sources/vibeos/target/node-runtime/source/node-v24.14.0/out/Release/obj/gen/torque-generated/factory.cc'
tools/v8_gypfiles/run_torque.host.mk:13: warning: ignoring old commands for target `/Users/ziangwang/Sources/vibeos/target/node-runtime/source/node-v24.14.0/out/Release/obj/gen/torque-generated/factory.cc'
tools/v8_gypfiles/run_torque.target.mk:13: warning: overriding commands for target `/Users/ziangwang/Sources/vibeos/target/node-runtime/source/node-v24.14.0/out/Release/obj/gen/torque-generated/factory.inc'
tools/v8_gypfiles/run_torque.host.mk:13: warning: ignoring old commands for target `/Users/ziangwang/Sources/vibeos/target/node-runtime/source/node-v24.14.0/out/Release/obj/gen/torque-generated/factory.inc'
tools/v8_gypfiles/run_torque.target.mk:13: warning: overriding commands for target `/Users/ziangwang/Sources/vibeos/target/node-runtime/source/node-v24.14.0/out/Release/obj/gen/torque-generated/instance-types.h'
tools/v8_gypfiles/run_torque.host.mk:13: warning: ignoring old commands for target `/Users/ziangwang/Sources/vibeos/target/node-runtime/source/node-v24.14.0/out/Release/obj/gen/torque-generated/instance-types.h'
tools/v8_gypfiles/run_torque.target.mk:13: warning: overriding commands for target `/Users/ziangwang/Sources/vibeos/target/node-runtime/source/node-v24.14.0/out/Release/obj/gen/torque-generated/interface-descriptors.inc'
tools/v8_gypfiles/run_torque.host.mk:13: warning: ignoring old commands for target `/Users/ziangwang/Sources/vibeos/target/node-runtime/source/node-v24.14.0/out/Release/obj/gen/torque-generated/interface-descriptors.inc'
tools/v8_gypfiles/run_torque.target.mk:13: warning: overriding commands for target `/Users/ziangwang/Sources/vibeos/target/node-runtime/source/node-v24.14.0/out/Release/obj/gen/torque-generated/objects-body-descriptors-inl.inc'
tools/v8_gypfiles/run_torque.host.mk:13: warning: ignoring old commands for target `/Users/ziangwang/Sources/vibeos/target/node-runtime/source/node-v24.14.0/out/Release/obj/gen/torque-generated/objects-body-descriptors-inl.inc'
tools/v8_gypfiles/run_torque.target.mk:13: warning: overriding commands for target `/Users/ziangwang/Sources/vibeos/target/node-runtime/source/node-v24.14.0/out/Release/obj/gen/torque-generated/objects-printer.cc'
tools/v8_gypfiles/run_torque.host.mk:13: warning: ignoring old commands for target `/Users/ziangwang/Sources/vibeos/target/node-runtime/source/node-v24.14.0/out/Release/obj/gen/torque-generated/objects-printer.cc'
tools/v8_gypfiles/run_torque.target.mk:13: warning: overriding commands for target `/Users/ziangwang/Sources/vibeos/target/node-runtime/source/node-v24.14.0/out/Release/obj/gen/torque-generated/visitor-lists.h'
tools/v8_gypfiles/run_torque.host.mk:13: warning: ignoring old commands for target `/Users/ziangwang/Sources/vibeos/target/node-runtime/source/node-v24.14.0/out/Release/obj/gen/torque-generated/visitor-lists.h'
tools/v8_gypfiles/run_torque.target.mk:13: warning: overriding commands for target `/Users/ziangwang/Sources/vibeos/target/node-runtime/source/node-v24.14.0/out/Release/obj/gen/torque-generated/src/builtins/aggregate-error-tq-csa.cc'
tools/v8_gypfiles/run_torque.host.mk:13: warning: ignoring old commands for target `/Users/ziangwang/Sources/vibeos/target/node-runtime/source/node-v24.14.0/out/Release/obj/gen/torque-generated/src/builtins/aggregate-error-tq-csa.cc'
tools/v8_gypfiles/run_torque.target.mk:13: warning: overriding commands for target `/Users/ziangwang/Sources/vibeos/target/node-runtime/source/node-v24.14.0/out/Release/obj/gen/torque-generated/src/builtins/array-at-tq-csa.cc'
tools/v8_gypfiles/run_torque.host.mk:13: warning: ignoring old commands for target `/Users/ziangwang/Sources/vibeos/target/node-runtime/source/node-v24.14.0/out/Release/obj/gen/torque-generated/src/builtins/array-at-tq-csa.cc'
tools/v8_gypfiles/run_torque.target.mk:13: warning: overriding commands for target `/Users/ziangwang/Sources/vibeos/target/node-runtime/source/node-v24.14.0/out/Release/obj/gen/torque-generated/src/builtins/array-concat-tq-csa.cc'
tools/v8_gypfiles/run_torque.host.mk:13: warning: ignoring old commands for target `/Users/ziangwang/Sources/vibeos/target/node-runtime/source/node-v24.14.0/out/Release/obj/gen/torque-generated/src/builtins/array-concat-tq-csa.cc'
tools/v8_gypfiles/run_torque.target.mk:13: warning: overriding commands for target `/Users/ziangwang/Sources/vibeos/target/node-runtime/source/node-v24.14.0/out/Release/obj/gen/torque-generated/src/builtins/array-copywithin-tq-csa.cc'
tools/v8_gypfiles/run_torque.host.mk:13: warning: ignoring old commands for target `/Users/ziangwang/Sources/vibeos/target/node-runtime/source/node-v24.14.0/out/Release/obj/gen/torque-generated/src/builtins/array-copywithin-tq-csa.cc'
tools/v8_gypfiles/run_torque.target.mk:13: warning: overriding commands for target `/Users/ziangwang/Sources/vibeos/target/node-runtime/source/node-v24.14.0/out/Release/obj/gen/torque-generated/src/builtins/array-every-tq-csa.cc'
tools/v8_gypfiles/run_torque.host.mk:13: warning: ignoring old commands for target `/Users/ziangwang/Sources/vibeos/target/node-runtime/source/node-v24.14.0/out/Release/obj/gen/torque-generated/src/builtins/array-every-tq-csa.cc'
tools/v8_gypfiles/run_torque.target.mk:13: warning: overriding commands for target `/Users/ziangwang/Sources/vibeos/target/node-runtime/source/node-v24.14.0/out/Release/obj/gen/torque-generated/src/builtins/array-filter-tq-csa.cc'
tools/v8_gypfiles/run_torque.host.mk:13: warning: ignoring old commands for target `/Users/ziangwang/Sources/vibeos/target/node-runtime/source/node-v24.14.0/out/Release/obj/gen/torque-generated/src/builtins/array-filter-tq-csa.cc'
tools/v8_gypfiles/run_torque.target.mk:13: warning: overriding commands for target `/Users/ziangwang/Sources/vibeos/target/node-runtime/source/node-v24.14.0/out/Release/obj/gen/torque-generated/src/builtins/array-find-tq-csa.cc'
tools/v8_gypfiles/run_torque.host.mk:13: warning: ignoring old commands for target `/Users/ziangwang/Sources/vibeos/target/node-runtime/source/node-v24.14.0/out/Release/obj/gen/torque-generated/src/builtins/array-find-tq-csa.cc'
tools/v8_gypfiles/run_torque.target.mk:13: warning: overriding commands for target `/Users/ziangwang/Sources/vibeos/target/node-runtime/source/node-v24.14.0/out/Release/obj/gen/torque-generated/src/builtins/array-findindex-tq-csa.cc'
tools/v8_gypfiles/run_torque.host.mk:13: warning: ignoring old commands for target `/Users/ziangwang/Sources/vibeos/target/node-runtime/source/node-v24.14.0/out/Release/obj/gen/torque-generated/src/builtins/array-findindex-tq-csa.cc'
tools/v8_gypfiles/run_torque.target.mk:13: warning: overriding commands for target `/Users/ziangwang/Sources/vibeos/target/node-runtime/source/node-v24.14.0/out/Release/obj/gen/torque-generated/src/builtins/array-findlast-tq-csa.cc'
tools/v8_gypfiles/run_torque.host.mk:13: warning: ignoring old commands for target `/Users/ziangwang/Sources/vibeos/target/node-runtime/source/node-v24.14.0/out/Release/obj/gen/torque-generated/src/builtins/array-findlast-tq-csa.cc'
tools/v8_gypfiles/run_torque.target.mk:13: warning: overriding commands for target `/Users/ziangwang/Sources/vibeos/target/node-runtime/source/node-v24.14.0/out/Release/obj/gen/torque-generated/src/builtins/array-findlastindex-tq-csa.cc'
tools/v8_gypfiles/run_torque.host.mk:13: warning: ignoring old commands for target `/Users/ziangwang/Sources/vibeos/target/node-runtime/source/node-v24.14.0/out/Release/obj/gen/torque-generated/src/builtins/array-findlastindex-tq-csa.cc'
tools/v8_gypfiles/run_torque.target.mk:13: warning: overriding commands for target `/Users/ziangwang/Sources/vibeos/target/node-runtime/source/node-v24.14.0/out/Release/obj/gen/torque-generated/src/builtins/array-flat-tq-csa.cc'
tools/v8_gypfiles/run_torque.host.mk:13: warning: ignoring old commands for target `/Users/ziangwang/Sources/vibeos/target/node-runtime/source/node-v24.14.0/out/Release/obj/gen/torque-generated/src/builtins/array-flat-tq-csa.cc'
tools/v8_gypfiles/run_torque.target.mk:13: warning: overriding commands for target `/Users/ziangwang/Sources/vibeos/target/node-runtime/source/node-v24.14.0/out/Release/obj/gen/torque-generated/src/builtins/array-foreach-tq-csa.cc'
tools/v8_gypfiles/run_torque.host.mk:13: warning: ignoring old commands for target `/Users/ziangwang/Sources/vibeos/target/node-runtime/source/node-v24.14.0/out/Release/obj/gen/torque-generated/src/builtins/array-foreach-tq-csa.cc'
tools/v8_gypfiles/run_torque.target.mk:13: warning: overriding commands for target `/Users/ziangwang/Sources/vibeos/target/node-runtime/source/node-v24.14.0/out/Release/obj/gen/torque-generated/src/builtins/array-from-async-tq-csa.cc'
tools/v8_gypfiles/run_torque.host.mk:13: warning: ignoring old commands for target `/Users/ziangwang/Sources/vibeos/target/node-runtime/source/node-v24.14.0/out/Release/obj/gen/torque-generated/src/builtins/array-from-async-tq-csa.cc'
tools/v8_gypfiles/run_torque.target.mk:13: warning: overriding commands for target `/Users/ziangwang/Sources/vibeos/target/node-runtime/source/node-v24.14.0/out/Release/obj/gen/torque-generated/src/builtins/array-from-tq-csa.cc'
tools/v8_gypfiles/run_torque.host.mk:13: warning: ignoring old commands for target `/Users/ziangwang/Sources/vibeos/target/node-runtime/source/node-v24.14.0/out/Release/obj/gen/torque-generated/src/builtins/array-from-tq-csa.cc'
tools/v8_gypfiles/run_torque.target.mk:13: warning: overriding commands for target `/Users/ziangwang/Sources/vibeos/target/node-runtime/source/node-v24.14.0/out/Release/obj/gen/torque-generated/src/builtins/array-isarray-tq-csa.cc'
tools/v8_gypfiles/run_torque.host.mk:13: warning: ignoring old commands for target `/Users/ziangwang/Sources/vibeos/target/node-runtime/source/node-v24.14.0/out/Release/obj/gen/torque-generated/src/builtins/array-isarray-tq-csa.cc'
tools/v8_gypfiles/run_torque.target.mk:13: warning: overriding commands for target `/Users/ziangwang/Sources/vibeos/target/node-runtime/source/node-v24.14.0/out/Release/obj/gen/torque-generated/src/builtins/array-join-tq-csa.cc'
tools/v8_gypfiles/run_torque.host.mk:13: warning: ignoring old commands for target `/Users/ziangwang/Sources/vibeos/target/node-runtime/source/node-v24.14.0/out/Release/obj/gen/torque-generated/src/builtins/array-join-tq-csa.cc'
tools/v8_gypfiles/run_torque.target.mk:13: warning: overriding commands for target `/Users/ziangwang/Sources/vibeos/target/node-runtime/source/node-v24.14.0/out/Release/obj/gen/torque-generated/src/builtins/array-lastindexof-tq-csa.cc'
tools/v8_gypfiles/run_torque.host.mk:13: warning: ignoring old commands for target `/Users/ziangwang/Sources/vibeos/target/node-runtime/source/node-v24.14.0/out/Release/obj/gen/torque-generated/src/builtins/array-lastindexof-tq-csa.cc'
tools/v8_gypfiles/run_torque.target.mk:13: warning: overriding commands for target `/Users/ziangwang/Sources/vibeos/target/node-runtime/source/node-v24.14.0/out/Release/obj/gen/torque-generated/src/builtins/array-map-tq-csa.cc'
tools/v8_gypfiles/run_torque.host.mk:13: warning: ignoring old commands for target `/Users/ziangwang/Sources/vibeos/target/node-runtime/source/node-v24.14.0/out/Release/obj/gen/torque-generated/src/builtins/array-map-tq-csa.cc'
tools/v8_gypfiles/run_torque.target.mk:13: warning: overriding commands for target `/Users/ziangwang/Sources/vibeos/target/node-runtime/source/node-v24.14.0/out/Release/obj/gen/torque-generated/src/builtins/array-of-tq-csa.cc'
tools/v8_gypfiles/run_torque.host.mk:13: warning: ignoring old commands for target `/Users/ziangwang/Sources/vibeos/target/node-runtime/source/node-v24.14.0/out/Release/obj/gen/torque-generated/src/builtins/array-of-tq-csa.cc'
tools/v8_gypfiles/run_torque.target.mk:13: warning: overriding commands for target `/Users/ziangwang/Sources/vibeos/target/node-runtime/source/node-v24.14.0/out/Release/obj/gen/torque-generated/src/builtins/array-reduce-right-tq-csa.cc'
tools/v8_gypfiles/run_torque.host.mk:13: warning: ignoring old commands for target `/Users/ziangwang/Sources/vibeos/target/node-runtime/source/node-v24.14.0/out/Release/obj/gen/torque-generated/src/builtins/array-reduce-right-tq-csa.cc'
tools/v8_gypfiles/run_torque.target.mk:13: warning: overriding commands for target `/Users/ziangwang/Sources/vibeos/target/node-runtime/source/node-v24.14.0/out/Release/obj/gen/torque-generated/src/builtins/array-reduce-tq-csa.cc'
tools/v8_gypfiles/run_torque.host.mk:13: warning: ignoring old commands for target `/Users/ziangwang/Sources/vibeos/target/node-runtime/source/node-v24.14.0/out/Release/obj/gen/torque-generated/src/builtins/array-reduce-tq-csa.cc'
tools/v8_gypfiles/run_torque.target.mk:13: warning: overriding commands for target `/Users/ziangwang/Sources/vibeos/target/node-runtime/source/node-v24.14.0/out/Release/obj/gen/torque-generated/src/builtins/array-reverse-tq-csa.cc'
tools/v8_gypfiles/run_torque.host.mk:13: warning: ignoring old commands for target `/Users/ziangwang/Sources/vibeos/target/node-runtime/source/node-v24.14.0/out/Release/obj/gen/torque-generated/src/builtins/array-reverse-tq-csa.cc'
tools/v8_gypfiles/run_torque.target.mk:13: warning: overriding commands for target `/Users/ziangwang/Sources/vibeos/target/node-runtime/source/node-v24.14.0/out/Release/obj/gen/torque-generated/src/builtins/array-shift-tq-csa.cc'
tools/v8_gypfiles/run_torque.host.mk:13: warning: ignoring old commands for target `/Users/ziangwang/Sources/vibeos/target/node-runtime/source/node-v24.14.0/out/Release/obj/gen/torque-generated/src/builtins/array-shift-tq-csa.cc'
tools/v8_gypfiles/run_torque.target.mk:13: warning: overriding commands for target `/Users/ziangwang/Sources/vibeos/target/node-runtime/source/node-v24.14.0/out/Release/obj/gen/torque-generated/src/builtins/array-slice-tq-csa.cc'
tools/v8_gypfiles/run_torque.host.mk:13: warning: ignoring old commands for target `/Users/ziangwang/Sources/vibeos/target/node-runtime/source/node-v24.14.0/out/Release/obj/gen/torque-generated/src/builtins/array-slice-tq-csa.cc'
tools/v8_gypfiles/run_torque.target.mk:13: warning: overriding commands for target `/Users/ziangwang/Sources/vibeos/target/node-runtime/source/node-v24.14.0/out/Release/obj/gen/torque-generated/src/builtins/array-some-tq-csa.cc'
tools/v8_gypfiles/run_torque.host.mk:13: warning: ignoring old commands for target `/Users/ziangwang/Sources/vibeos/target/node-runtime/source/node-v24.14.0/out/Release/obj/gen/torque-generated/src/builtins/array-some-tq-csa.cc'
tools/v8_gypfiles/run_torque.target.mk:13: warning: overriding commands for target `/Users/ziangwang/Sources/vibeos/target/node-runtime/source/node-v24.14.0/out/Release/obj/gen/torque-generated/src/builtins/array-splice-tq-csa.cc'
tools/v8_gypfiles/run_torque.host.mk:13: warning: ignoring old commands for target `/Users/ziangwang/Sources/vibeos/target/node-runtime/source/node-v24.14.0/out/Release/obj/gen/torque-generated/src/builtins/array-splice-tq-csa.cc'
tools/v8_gypfiles/run_torque.target.mk:13: warning: overriding commands for target `/Users/ziangwang/Sources/vibeos/target/node-runtime/source/node-v24.14.0/out/Release/obj/gen/torque-generated/src/builtins/array-to-reversed-tq-csa.cc'
tools/v8_gypfiles/run_torque.host.mk:13: warning: ignoring old commands for target `/Users/ziangwang/Sources/vibeos/target/node-runtime/source/node-v24.14.0/out/Release/obj/gen/torque-generated/src/builtins/array-to-reversed-tq-csa.cc'
tools/v8_gypfiles/run_torque.target.mk:13: warning: overriding commands for target `/Users/ziangwang/Sources/vibeos/target/node-runtime/source/node-v24.14.0/out/Release/obj/gen/torque-generated/src/builtins/array-to-sorted-tq-csa.cc'
tools/v8_gypfiles/run_torque.host.mk:13: warning: ignoring old commands for target `/Users/ziangwang/Sources/vibeos/target/node-runtime/source/node-v24.14.0/out/Release/obj/gen/torque-generated/src/builtins/array-to-sorted-tq-csa.cc'
tools/v8_gypfiles/run_torque.target.mk:13: warning: overriding commands for target `/Users/ziangwang/Sources/vibeos/target/node-runtime/source/node-v24.14.0/out/Release/obj/gen/torque-generated/src/builtins/array-to-spliced-tq-csa.cc'
tools/v8_gypfiles/run_torque.host.mk:13: warning: ignoring old commands for target `/Users/ziangwang/Sources/vibeos/target/node-runtime/source/node-v24.14.0/out/Release/obj/gen/torque-generated/src/builtins/array-to-spliced-tq-csa.cc'
tools/v8_gypfiles/run_torque.target.mk:13: warning: overriding commands for target `/Users/ziangwang/Sources/vibeos/target/node-runtime/source/node-v24.14.0/out/Release/obj/gen/torque-generated/src/builtins/array-unshift-tq-csa.cc'
tools/v8_gypfiles/run_torque.host.mk:13: warning: ignoring old commands for target `/Users/ziangwang/Sources/vibeos/target/node-runtime/source/node-v24.14.0/out/Release/obj/gen/torque-generated/src/builtins/array-unshift-tq-csa.cc'
tools/v8_gypfiles/run_torque.target.mk:13: warning: overriding commands for target `/Users/ziangwang/Sources/vibeos/target/node-runtime/source/node-v24.14.0/out/Release/obj/gen/torque-generated/src/builtins/array-with-tq-csa.cc'
tools/v8_gypfiles/run_torque.host.mk:13: warning: ignoring old commands for target `/Users/ziangwang/Sources/vibeos/target/node-runtime/source/node-v24.14.0/out/Release/obj/gen/torque-generated/src/builtins/array-with-tq-csa.cc'
tools/v8_gypfiles/run_torque.target.mk:13: warning: overriding commands for target `/Users/ziangwang/Sources/vibeos/target/node-runtime/source/node-v24.14.0/out/Release/obj/gen/torque-generated/src/builtins/array-tq-csa.cc'
tools/v8_gypfiles/run_torque.host.mk:13: warning: ignoring old commands for target `/Users/ziangwang/Sources/vibeos/target/node-runtime/source/node-v24.14.0/out/Release/obj/gen/torque-generated/src/builtins/array-tq-csa.cc'
tools/v8_gypfiles/run_torque.target.mk:13: warning: overriding commands for target `/Users/ziangwang/Sources/vibeos/target/node-runtime/source/node-v24.14.0/out/Release/obj/gen/torque-generated/src/builtins/arraybuffer-tq-csa.cc'
tools/v8_gypfiles/run_torque.host.mk:13: warning: ignoring old commands for target `/Users/ziangwang/Sources/vibeos/target/node-runtime/source/node-v24.14.0/out/Release/obj/gen/torque-generated/src/builtins/arraybuffer-tq-csa.cc'
tools/v8_gypfiles/run_torque.target.mk:13: warning: overriding commands for target `/Users/ziangwang/Sources/vibeos/target/node-runtime/source/node-v24.14.0/out/Release/obj/gen/torque-generated/src/builtins/base-tq-csa.cc'
tools/v8_gypfiles/run_torque.host.mk:13: warning: ignoring old commands for target `/Users/ziangwang/Sources/vibeos/target/node-runtime/source/node-v24.14.0/out/Release/obj/gen/torque-generated/src/builtins/base-tq-csa.cc'
tools/v8_gypfiles/run_torque.target.mk:13: warning: overriding commands for target `/Users/ziangwang/Sources/vibeos/target/node-runtime/source/node-v24.14.0/out/Release/obj/gen/torque-generated/src/builtins/boolean-tq-csa.cc'
tools/v8_gypfiles/run_torque.host.mk:13: warning: ignoring old commands for target `/Users/ziangwang/Sources/vibeos/target/node-runtime/source/node-v24.14.0/out/Release/obj/gen/torque-generated/src/builtins/boolean-tq-csa.cc'
tools/v8_gypfiles/run_torque.target.mk:13: warning: overriding commands for target `/Users/ziangwang/Sources/vibeos/target/node-runtime/source/node-v24.14.0/out/Release/obj/gen/torque-generated/src/builtins/builtins-bigint-tq-csa.cc'
tools/v8_gypfiles/run_torque.host.mk:13: warning: ignoring old commands for target `/Users/ziangwang/Sources/vibeos/target/node-runtime/source/node-v24.14.0/out/Release/obj/gen/torque-generated/src/builtins/builtins-bigint-tq-csa.cc'
tools/v8_gypfiles/run_torque.target.mk:13: warning: overriding commands for target `/Users/ziangwang/Sources/vibeos/target/node-runtime/source/node-v24.14.0/out/Release/obj/gen/torque-generated/src/builtins/builtins-string-tq-csa.cc'
tools/v8_gypfiles/run_torque.host.mk:13: warning: ignoring old commands for target `/Users/ziangwang/Sources/vibeos/target/node-runtime/source/node-v24.14.0/out/Release/obj/gen/torque-generated/src/builtins/builtins-string-tq-csa.cc'
tools/v8_gypfiles/run_torque.target.mk:13: warning: overriding commands for target `/Users/ziangwang/Sources/vibeos/target/node-runtime/source/node-v24.14.0/out/Release/obj/gen/torque-generated/src/builtins/cast-tq-csa.cc'
tools/v8_gypfiles/run_torque.host.mk:13: warning: ignoring old commands for target `/Users/ziangwang/Sources/vibeos/target/node-runtime/source/node-v24.14.0/out/Release/obj/gen/torque-generated/src/builtins/cast-tq-csa.cc'
tools/v8_gypfiles/run_torque.target.mk:13: warning: overriding commands for target `/Users/ziangwang/Sources/vibeos/target/node-runtime/source/node-v24.14.0/out/Release/obj/gen/torque-generated/src/builtins/collections-tq-csa.cc'
tools/v8_gypfiles/run_torque.host.mk:13: warning: ignoring old commands for target `/Users/ziangwang/Sources/vibeos/target/node-runtime/source/node-v24.14.0/out/Release/obj/gen/torque-generated/src/builtins/collections-tq-csa.cc'
tools/v8_gypfiles/run_torque.target.mk:13: warning: overriding commands for target `/Users/ziangwang/Sources/vibeos/target/node-runtime/source/node-v24.14.0/out/Release/obj/gen/torque-generated/src/builtins/constructor-tq-csa.cc'
tools/v8_gypfiles/run_torque.host.mk:13: warning: ignoring old commands for target `/Users/ziangwang/Sources/vibeos/target/node-runtime/source/node-v24.14.0/out/Release/obj/gen/torque-generated/src/builtins/constructor-tq-csa.cc'
tools/v8_gypfiles/run_torque.target.mk:13: warning: overriding commands for target `/Users/ziangwang/Sources/vibeos/target/node-runtime/source/node-v24.14.0/out/Release/obj/gen/torque-generated/src/builtins/conversion-tq-csa.cc'
tools/v8_gypfiles/run_torque.host.mk:13: warning: ignoring old commands for target `/Users/ziangwang/Sources/vibeos/target/node-runtime/source/node-v24.14.0/out/Release/obj/gen/torque-generated/src/builtins/conversion-tq-csa.cc'
tools/v8_gypfiles/run_torque.target.mk:13: warning: overriding commands for target `/Users/ziangwang/Sources/vibeos/target/node-runtime/source/node-v24.14.0/out/Release/obj/gen/torque-generated/src/builtins/convert-tq-csa.cc'
tools/v8_gypfiles/run_torque.host.mk:13: warning: ignoring old commands for target `/Users/ziangwang/Sources/vibeos/target/node-runtime/source/node-v24.14.0/out/Release/obj/gen/torque-generated/src/builtins/convert-tq-csa.cc'
tools/v8_gypfiles/run_torque.target.mk:13: warning: overriding commands for target `/Users/ziangwang/Sources/vibeos/target/node-runtime/source/node-v24.14.0/out/Release/obj/gen/torque-generated/src/builtins/console-tq-csa.cc'
tools/v8_gypfiles/run_torque.host.mk:13: warning: ignoring old commands for target `/Users/ziangwang/Sources/vibeos/target/node-runtime/source/node-v24.14.0/out/Release/obj/gen/torque-generated/src/builtins/console-tq-csa.cc'
tools/v8_gypfiles/run_torque.target.mk:13: warning: overriding commands for target `/Users/ziangwang/Sources/vibeos/target/node-runtime/source/node-v24.14.0/out/Release/obj/gen/torque-generated/src/builtins/data-view-tq-csa.cc'
tools/v8_gypfiles/run_torque.host.mk:13: warning: ignoring old commands for target `/Users/ziangwang/Sources/vibeos/target/node-runtime/source/node-v24.14.0/out/Release/obj/gen/torque-generated/src/builtins/data-view-tq-csa.cc'
tools/v8_gypfiles/run_torque.target.mk:13: warning: overriding commands for target `/Users/ziangwang/Sources/vibeos/target/node-runtime/source/node-v24.14.0/out/Release/obj/gen/torque-generated/src/builtins/finalization-registry-tq-csa.cc'
tools/v8_gypfiles/run_torque.host.mk:13: warning: ignoring old commands for target `/Users/ziangwang/Sources/vibeos/target/node-runtime/source/node-v24.14.0/out/Release/obj/gen/torque-generated/src/builtins/finalization-registry-tq-csa.cc'
tools/v8_gypfiles/run_torque.target.mk:13: warning: overriding commands for target `/Users/ziangwang/Sources/vibeos/target/node-runtime/source/node-v24.14.0/out/Release/obj/gen/torque-generated/src/builtins/frames-tq-csa.cc'
tools/v8_gypfiles/run_torque.host.mk:13: warning: ignoring old commands for target `/Users/ziangwang/Sources/vibeos/target/node-runtime/source/node-v24.14.0/out/Release/obj/gen/torque-generated/src/builtins/frames-tq-csa.cc'
tools/v8_gypfiles/run_torque.target.mk:13: warning: overriding commands for target `/Users/ziangwang/Sources/vibeos/target/node-runtime/source/node-v24.14.0/out/Release/obj/gen/torque-generated/src/builtins/frame-arguments-tq-csa.cc'
tools/v8_gypfiles/run_torque.host.mk:13: warning: ignoring old commands for target `/Users/ziangwang/Sources/vibeos/target/node-runtime/source/node-v24.14.0/out/Release/obj/gen/torque-generated/src/builtins/frame-arguments-tq-csa.cc'
tools/v8_gypfiles/run_torque.target.mk:13: warning: overriding commands for target `/Users/ziangwang/Sources/vibeos/target/node-runtime/source/node-v24.14.0/out/Release/obj/gen/torque-generated/src/builtins/function-tq-csa.cc'
tools/v8_gypfiles/run_torque.host.mk:13: warning: ignoring old commands for target `/Users/ziangwang/Sources/vibeos/target/node-runtime/source/node-v24.14.0/out/Release/obj/gen/torque-generated/src/builtins/function-tq-csa.cc'
tools/v8_gypfiles/run_torque.target.mk:13: warning: overriding commands for target `/Users/ziangwang/Sources/vibeos/target/node-runtime/source/node-v24.14.0/out/Release/obj/gen/torque-generated/src/builtins/growable-fixed-array-tq-csa.cc'
tools/v8_gypfiles/run_torque.host.mk:13: warning: ignoring old commands for target `/Users/ziangwang/Sources/vibeos/target/node-runtime/source/node-v24.14.0/out/Release/obj/gen/torque-generated/src/builtins/growable-fixed-array-tq-csa.cc'
tools/v8_gypfiles/run_torque.target.mk:13: warning: overriding commands for target `/Users/ziangwang/Sources/vibeos/target/node-runtime/source/node-v24.14.0/out/Release/obj/gen/torque-generated/src/builtins/ic-callable-tq-csa.cc'
tools/v8_gypfiles/run_torque.host.mk:13: warning: ignoring old commands for target `/Users/ziangwang/Sources/vibeos/target/node-runtime/source/node-v24.14.0/out/Release/obj/gen/torque-generated/src/builtins/ic-callable-tq-csa.cc'
tools/v8_gypfiles/run_torque.target.mk:13: warning: overriding commands for target `/Users/ziangwang/Sources/vibeos/target/node-runtime/source/node-v24.14.0/out/Release/obj/gen/torque-generated/src/builtins/ic-tq-csa.cc'
tools/v8_gypfiles/run_torque.host.mk:13: warning: ignoring old commands for target `/Users/ziangwang/Sources/vibeos/target/node-runtime/source/node-v24.14.0/out/Release/obj/gen/torque-generated/src/builtins/ic-tq-csa.cc'
tools/v8_gypfiles/run_torque.target.mk:13: warning: overriding commands for target `/Users/ziangwang/Sources/vibeos/target/node-runtime/source/node-v24.14.0/out/Release/obj/gen/torque-generated/src/builtins/internal-coverage-tq-csa.cc'
tools/v8_gypfiles/run_torque.host.mk:13: warning: ignoring old commands for target `/Users/ziangwang/Sources/vibeos/target/node-runtime/source/node-v24.14.0/out/Release/obj/gen/torque-generated/src/builtins/internal-coverage-tq-csa.cc'
tools/v8_gypfiles/run_torque.target.mk:13: warning: overriding commands for target `/Users/ziangwang/Sources/vibeos/target/node-runtime/source/node-v24.14.0/out/Release/obj/gen/torque-generated/src/builtins/internal-tq-csa.cc'
tools/v8_gypfiles/run_torque.host.mk:13: warning: ignoring old commands for target `/Users/ziangwang/Sources/vibeos/target/node-runtime/source/node-v24.14.0/out/Release/obj/gen/torque-generated/src/builtins/internal-tq-csa.cc'
tools/v8_gypfiles/run_torque.target.mk:13: warning: overriding commands for target `/Users/ziangwang/Sources/vibeos/target/node-runtime/source/node-v24.14.0/out/Release/obj/gen/torque-generated/src/builtins/iterator-tq-csa.cc'
tools/v8_gypfiles/run_torque.host.mk:13: warning: ignoring old commands for target `/Users/ziangwang/Sources/vibeos/target/node-runtime/source/node-v24.14.0/out/Release/obj/gen/torque-generated/src/builtins/iterator-tq-csa.cc'
tools/v8_gypfiles/run_torque.target.mk:13: warning: overriding commands for target `/Users/ziangwang/Sources/vibeos/target/node-runtime/source/node-v24.14.0/out/Release/obj/gen/torque-generated/src/builtins/iterator-from-tq-csa.cc'
tools/v8_gypfiles/run_torque.host.mk:13: warning: ignoring old commands for target `/Users/ziangwang/Sources/vibeos/target/node-runtime/source/node-v24.14.0/out/Release/obj/gen/torque-generated/src/builtins/iterator-from-tq-csa.cc'
tools/v8_gypfiles/run_torque.target.mk:13: warning: overriding commands for target `/Users/ziangwang/Sources/vibeos/target/node-runtime/source/node-v24.14.0/out/Release/obj/gen/torque-generated/src/builtins/iterator-helpers-tq-csa.cc'
tools/v8_gypfiles/run_torque.host.mk:13: warning: ignoring old commands for target `/Users/ziangwang/Sources/vibeos/target/node-runtime/source/node-v24.14.0/out/Release/obj/gen/torque-generated/src/builtins/iterator-helpers-tq-csa.cc'
tools/v8_gypfiles/run_torque.target.mk:13: warning: overriding commands for target `/Users/ziangwang/Sources/vibeos/target/node-runtime/source/node-v24.14.0/out/Release/obj/gen/torque-generated/src/builtins/map-groupby-tq-csa.cc'
tools/v8_gypfiles/run_torque.host.mk:13: warning: ignoring old commands for target `/Users/ziangwang/Sources/vibeos/target/node-runtime/source/node-v24.14.0/out/Release/obj/gen/torque-generated/src/builtins/map-groupby-tq-csa.cc'
tools/v8_gypfiles/run_torque.target.mk:13: warning: overriding commands for target `/Users/ziangwang/Sources/vibeos/target/node-runtime/source/node-v24.14.0/out/Release/obj/gen/torque-generated/src/builtins/math-tq-csa.cc'
tools/v8_gypfiles/run_torque.host.mk:13: warning: ignoring old commands for target `/Users/ziangwang/Sources/vibeos/target/node-runtime/source/node-v24.14.0/out/Release/obj/gen/torque-generated/src/builtins/math-tq-csa.cc'
tools/v8_gypfiles/run_torque.target.mk:13: warning: overriding commands for target `/Users/ziangwang/Sources/vibeos/target/node-runtime/source/node-v24.14.0/out/Release/obj/gen/torque-generated/src/builtins/number-tq-csa.cc'
tools/v8_gypfiles/run_torque.host.mk:13: warning: ignoring old commands for target `/Users/ziangwang/Sources/vibeos/target/node-runtime/source/node-v24.14.0/out/Release/obj/gen/torque-generated/src/builtins/number-tq-csa.cc'
tools/v8_gypfiles/run_torque.target.mk:13: warning: overriding commands for target `/Users/ziangwang/Sources/vibeos/target/node-runtime/source/node-v24.14.0/out/Release/obj/gen/torque-generated/src/builtins/object-fromentries-tq-csa.cc'
tools/v8_gypfiles/run_torque.host.mk:13: warning: ignoring old commands for target `/Users/ziangwang/Sources/vibeos/target/node-runtime/source/node-v24.14.0/out/Release/obj/gen/torque-generated/src/builtins/object-fromentries-tq-csa.cc'
tools/v8_gypfiles/run_torque.target.mk:13: warning: overriding commands for target `/Users/ziangwang/Sources/vibeos/target/node-runtime/source/node-v24.14.0/out/Release/obj/gen/torque-generated/src/builtins/object-groupby-tq-csa.cc'
tools/v8_gypfiles/run_torque.host.mk:13: warning: ignoring old commands for target `/Users/ziangwang/Sources/vibeos/target/node-runtime/source/node-v24.14.0/out/Release/obj/gen/torque-generated/src/builtins/object-groupby-tq-csa.cc'
tools/v8_gypfiles/run_torque.target.mk:13: warning: overriding commands for target `/Users/ziangwang/Sources/vibeos/target/node-runtime/source/node-v24.14.0/out/Release/obj/gen/torque-generated/src/builtins/object-tq-csa.cc'
tools/v8_gypfiles/run_torque.host.mk:13: warning: ignoring old commands for target `/Users/ziangwang/Sources/vibeos/target/node-runtime/source/node-v24.14.0/out/Release/obj/gen/torque-generated/src/builtins/object-tq-csa.cc'
tools/v8_gypfiles/run_torque.target.mk:13: warning: overriding commands for target `/Users/ziangwang/Sources/vibeos/target/node-runtime/source/node-v24.14.0/out/Release/obj/gen/torque-generated/src/builtins/promise-abstract-operations-tq-csa.cc'
tools/v8_gypfiles/run_torque.host.mk:13: warning: ignoring old commands for target `/Users/ziangwang/Sources/vibeos/target/node-runtime/source/node-v24.14.0/out/Release/obj/gen/torque-generated/src/builtins/promise-abstract-operations-tq-csa.cc'
tools/v8_gypfiles/run_torque.target.mk:13: warning: overriding commands for target `/Users/ziangwang/Sources/vibeos/target/node-runtime/source/node-v24.14.0/out/Release/obj/gen/torque-generated/src/builtins/promise-all-tq-csa.cc'
tools/v8_gypfiles/run_torque.host.mk:13: warning: ignoring old commands for target `/Users/ziangwang/Sources/vibeos/target/node-runtime/source/node-v24.14.0/out/Release/obj/gen/torque-generated/src/builtins/promise-all-tq-csa.cc'
tools/v8_gypfiles/run_torque.target.mk:13: warning: overriding commands for target `/Users/ziangwang/Sources/vibeos/target/node-runtime/source/node-v24.14.0/out/Release/obj/gen/torque-generated/src/builtins/promise-all-element-closure-tq-csa.cc'
tools/v8_gypfiles/run_torque.host.mk:13: warning: ignoring old commands for target `/Users/ziangwang/Sources/vibeos/target/node-runtime/source/node-v24.14.0/out/Release/obj/gen/torque-generated/src/builtins/promise-all-element-closure-tq-csa.cc'
tools/v8_gypfiles/run_torque.target.mk:13: warning: overriding commands for target `/Users/ziangwang/Sources/vibeos/target/node-runtime/source/node-v24.14.0/out/Release/obj/gen/torque-generated/src/builtins/promise-any-tq-csa.cc'
tools/v8_gypfiles/run_torque.host.mk:13: warning: ignoring old commands for target `/Users/ziangwang/Sources/vibeos/target/node-runtime/source/node-v24.14.0/out/Release/obj/gen/torque-generated/src/builtins/promise-any-tq-csa.cc'
tools/v8_gypfiles/run_torque.target.mk:13: warning: overriding commands for target `/Users/ziangwang/Sources/vibeos/target/node-runtime/source/node-v24.14.0/out/Release/obj/gen/torque-generated/src/builtins/promise-constructor-tq-csa.cc'
tools/v8_gypfiles/run_torque.host.mk:13: warning: ignoring old commands for target `/Users/ziangwang/Sources/vibeos/target/node-runtime/source/node-v24.14.0/out/Release/obj/gen/torque-generated/src/builtins/promise-constructor-tq-csa.cc'
tools/v8_gypfiles/run_torque.target.mk:13: warning: overriding commands for target `/Users/ziangwang/Sources/vibeos/target/node-runtime/source/node-v24.14.0/out/Release/obj/gen/torque-generated/src/builtins/promise-finally-tq-csa.cc'
tools/v8_gypfiles/run_torque.host.mk:13: warning: ignoring old commands for target `/Users/ziangwang/Sources/vibeos/target/node-runtime/source/node-v24.14.0/out/Release/obj/gen/torque-generated/src/builtins/promise-finally-tq-csa.cc'
tools/v8_gypfiles/run_torque.target.mk:13: warning: overriding commands for target `/Users/ziangwang/Sources/vibeos/target/node-runtime/source/node-v24.14.0/out/Release/obj/gen/torque-generated/src/builtins/promise-jobs-tq-csa.cc'
tools/v8_gypfiles/run_torque.host.mk:13: warning: ignoring old commands for target `/Users/ziangwang/Sources/vibeos/target/node-runtime/source/node-v24.14.0/out/Release/obj/gen/torque-generated/src/builtins/promise-jobs-tq-csa.cc'
tools/v8_gypfiles/run_torque.target.mk:13: warning: overriding commands for target `/Users/ziangwang/Sources/vibeos/target/node-runtime/source/node-v24.14.0/out/Release/obj/gen/torque-generated/src/builtins/promise-misc-tq-csa.cc'
tools/v8_gypfiles/run_torque.host.mk:13: warning: ignoring old commands for target `/Users/ziangwang/Sources/vibeos/target/node-runtime/source/node-v24.14.0/out/Release/obj/gen/torque-generated/src/builtins/promise-misc-tq-csa.cc'
tools/v8_gypfiles/run_torque.target.mk:13: warning: overriding commands for target `/Users/ziangwang/Sources/vibeos/target/node-runtime/source/node-v24.14.0/out/Release/obj/gen/torque-generated/src/builtins/promise-race-tq-csa.cc'
tools/v8_gypfiles/run_torque.host.mk:13: warning: ignoring old commands for target `/Users/ziangwang/Sources/vibeos/target/node-runtime/source/node-v24.14.0/out/Release/obj/gen/torque-generated/src/builtins/promise-race-tq-csa.cc'
tools/v8_gypfiles/run_torque.target.mk:13: warning: overriding commands for target `/Users/ziangwang/Sources/vibeos/target/node-runtime/source/node-v24.14.0/out/Release/obj/gen/torque-generated/src/builtins/promise-reaction-job-tq-csa.cc'
tools/v8_gypfiles/run_torque.host.mk:13: warning: ignoring old commands for target `/Users/ziangwang/Sources/vibeos/target/node-runtime/source/node-v24.14.0/out/Release/obj/gen/torque-generated/src/builtins/promise-reaction-job-tq-csa.cc'
tools/v8_gypfiles/run_torque.target.mk:13: warning: overriding commands for target `/Users/ziangwang/Sources/vibeos/target/node-runtime/source/node-v24.14.0/out/Release/obj/gen/torque-generated/src/builtins/promise-resolve-tq-csa.cc'
tools/v8_gypfiles/run_torque.host.mk:13: warning: ignoring old commands for target `/Users/ziangwang/Sources/vibeos/target/node-runtime/source/node-v24.14.0/out/Release/obj/gen/torque-generated/src/builtins/promise-resolve-tq-csa.cc'
tools/v8_gypfiles/run_torque.target.mk:13: warning: overriding commands for target `/Users/ziangwang/Sources/vibeos/target/node-runtime/source/node-v24.14.0/out/Release/obj/gen/torque-generated/src/builtins/promise-then-tq-csa.cc'
tools/v8_gypfiles/run_torque.host.mk:13: warning: ignoring old commands for target `/Users/ziangwang/Sources/vibeos/target/node-runtime/source/node-v24.14.0/out/Release/obj/gen/torque-generated/src/builtins/promise-then-tq-csa.cc'
tools/v8_gypfiles/run_torque.target.mk:13: warning: overriding commands for target `/Users/ziangwang/Sources/vibeos/target/node-runtime/source/node-v24.14.0/out/Release/obj/gen/torque-generated/src/builtins/promise-try-tq-csa.cc'
tools/v8_gypfiles/run_torque.host.mk:13: warning: ignoring old commands for target `/Users/ziangwang/Sources/vibeos/target/node-runtime/source/node-v24.14.0/out/Release/obj/gen/torque-generated/src/builtins/promise-try-tq-csa.cc'
tools/v8_gypfiles/run_torque.target.mk:13: warning: overriding commands for target `/Users/ziangwang/Sources/vibeos/target/node-runtime/source/node-v24.14.0/out/Release/obj/gen/torque-generated/src/builtins/promise-withresolvers-tq-csa.cc'
tools/v8_gypfiles/run_torque.host.mk:13: warning: ignoring old commands for target `/Users/ziangwang/Sources/vibeos/target/node-runtime/source/node-v24.14.0/out/Release/obj/gen/torque-generated/src/builtins/promise-withresolvers-tq-csa.cc'
tools/v8_gypfiles/run_torque.target.mk:13: warning: overriding commands for target `/Users/ziangwang/Sources/vibeos/target/node-runtime/source/node-v24.14.0/out/Release/obj/gen/torque-generated/src/builtins/proxy-constructor-tq-csa.cc'
tools/v8_gypfiles/run_torque.host.mk:13: warning: ignoring old commands for target `/Users/ziangwang/Sources/vibeos/target/node-runtime/source/node-v24.14.0/out/Release/obj/gen/torque-generated/src/builtins/proxy-constructor-tq-csa.cc'
tools/v8_gypfiles/run_torque.target.mk:13: warning: overriding commands for target `/Users/ziangwang/Sources/vibeos/target/node-runtime/source/node-v24.14.0/out/Release/obj/gen/torque-generated/src/builtins/proxy-delete-property-tq-csa.cc'
tools/v8_gypfiles/run_torque.host.mk:13: warning: ignoring old commands for target `/Users/ziangwang/Sources/vibeos/target/node-runtime/source/node-v24.14.0/out/Release/obj/gen/torque-generated/src/builtins/proxy-delete-property-tq-csa.cc'
tools/v8_gypfiles/run_torque.target.mk:13: warning: overriding commands for target `/Users/ziangwang/Sources/vibeos/target/node-runtime/source/node-v24.14.0/out/Release/obj/gen/torque-generated/src/builtins/proxy-get-property-tq-csa.cc'
tools/v8_gypfiles/run_torque.host.mk:13: warning: ignoring old commands for target `/Users/ziangwang/Sources/vibeos/target/node-runtime/source/node-v24.14.0/out/Release/obj/gen/torque-generated/src/builtins/proxy-get-property-tq-csa.cc'
tools/v8_gypfiles/run_torque.target.mk:13: warning: overriding commands for target `/Users/ziangwang/Sources/vibeos/target/node-runtime/source/node-v24.14.0/out/Release/obj/gen/torque-generated/src/builtins/proxy-get-prototype-of-tq-csa.cc'
tools/v8_gypfiles/run_torque.host.mk:13: warning: ignoring old commands for target `/Users/ziangwang/Sources/vibeos/target/node-runtime/source/node-v24.14.0/out/Release/obj/gen/torque-generated/src/builtins/proxy-get-prototype-of-tq-csa.cc'
tools/v8_gypfiles/run_torque.target.mk:13: warning: overriding commands for target `/Users/ziangwang/Sources/vibeos/target/node-runtime/source/node-v24.14.0/out/Release/obj/gen/torque-generated/src/builtins/proxy-has-property-tq-csa.cc'
tools/v8_gypfiles/run_torque.host.mk:13: warning: ignoring old commands for target `/Users/ziangwang/Sources/vibeos/target/node-runtime/source/node-v24.14.0/out/Release/obj/gen/torque-generated/src/builtins/proxy-has-property-tq-csa.cc'
tools/v8_gypfiles/run_torque.target.mk:13: warning: overriding commands for target `/Users/ziangwang/Sources/vibeos/target/node-runtime/source/node-v24.14.0/out/Release/obj/gen/torque-generated/src/builtins/proxy-is-extensible-tq-csa.cc'
tools/v8_gypfiles/run_torque.host.mk:13: warning: ignoring old commands for target `/Users/ziangwang/Sources/vibeos/target/node-runtime/source/node-v24.14.0/out/Release/obj/gen/torque-generated/src/builtins/proxy-is-extensible-tq-csa.cc'
tools/v8_gypfiles/run_torque.target.mk:13: warning: overriding commands for target `/Users/ziangwang/Sources/vibeos/target/node-runtime/source/node-v24.14.0/out/Release/obj/gen/torque-generated/src/builtins/proxy-prevent-extensions-tq-csa.cc'
tools/v8_gypfiles/run_torque.host.mk:13: warning: ignoring old commands for target `/Users/ziangwang/Sources/vibeos/target/node-runtime/source/node-v24.14.0/out/Release/obj/gen/torque-generated/src/builtins/proxy-prevent-extensions-tq-csa.cc'
tools/v8_gypfiles/run_torque.target.mk:13: warning: overriding commands for target `/Users/ziangwang/Sources/vibeos/target/node-runtime/source/node-v24.14.0/out/Release/obj/gen/torque-generated/src/builtins/proxy-revocable-tq-csa.cc'
tools/v8_gypfiles/run_torque.host.mk:13: warning: ignoring old commands for target `/Users/ziangwang/Sources/vibeos/target/node-runtime/source/node-v24.14.0/out/Release/obj/gen/torque-generated/src/builtins/proxy-revocable-tq-csa.cc'
tools/v8_gypfiles/run_torque.target.mk:13: warning: overriding commands for target `/Users/ziangwang/Sources/vibeos/target/node-runtime/source/node-v24.14.0/out/Release/obj/gen/torque-generated/src/builtins/proxy-revoke-tq-csa.cc'
tools/v8_gypfiles/run_torque.host.mk:13: warning: ignoring old commands for target `/Users/ziangwang/Sources/vibeos/target/node-runtime/source/node-v24.14.0/out/Release/obj/gen/torque-generated/src/builtins/proxy-revoke-tq-csa.cc'
tools/v8_gypfiles/run_torque.target.mk:13: warning: overriding commands for target `/Users/ziangwang/Sources/vibeos/target/node-runtime/source/node-v24.14.0/out/Release/obj/gen/torque-generated/src/builtins/proxy-set-property-tq-csa.cc'
tools/v8_gypfiles/run_torque.host.mk:13: warning: ignoring old commands for target `/Users/ziangwang/Sources/vibeos/target/node-runtime/source/node-v24.14.0/out/Release/obj/gen/torque-generated/src/builtins/proxy-set-property-tq-csa.cc'
tools/v8_gypfiles/run_torque.target.mk:13: warning: overriding commands for target `/Users/ziangwang/Sources/vibeos/target/node-runtime/source/node-v24.14.0/out/Release/obj/gen/torque-generated/src/builtins/proxy-set-prototype-of-tq-csa.cc'
tools/v8_gypfiles/run_torque.host.mk:13: warning: ignoring old commands for target `/Users/ziangwang/Sources/vibeos/target/node-runtime/source/node-v24.14.0/out/Release/obj/gen/torque-generated/src/builtins/proxy-set-prototype-of-tq-csa.cc'
tools/v8_gypfiles/run_torque.target.mk:13: warning: overriding commands for target `/Users/ziangwang/Sources/vibeos/target/node-runtime/source/node-v24.14.0/out/Release/obj/gen/torque-generated/src/builtins/proxy-tq-csa.cc'
tools/v8_gypfiles/run_torque.host.mk:13: warning: ignoring old commands for target `/Users/ziangwang/Sources/vibeos/target/node-runtime/source/node-v24.14.0/out/Release/obj/gen/torque-generated/src/builtins/proxy-tq-csa.cc'
tools/v8_gypfiles/run_torque.target.mk:13: warning: overriding commands for target `/Users/ziangwang/Sources/vibeos/target/node-runtime/source/node-v24.14.0/out/Release/obj/gen/torque-generated/src/builtins/reflect-tq-csa.cc'
tools/v8_gypfiles/run_torque.host.mk:13: warning: ignoring old commands for target `/Users/ziangwang/Sources/vibeos/target/node-runtime/source/node-v24.14.0/out/Release/obj/gen/torque-generated/src/builtins/reflect-tq-csa.cc'
tools/v8_gypfiles/run_torque.target.mk:13: warning: overriding commands for target `/Users/ziangwang/Sources/vibeos/target/node-runtime/source/node-v24.14.0/out/Release/obj/gen/torque-generated/src/builtins/regexp-exec-tq-csa.cc'
tools/v8_gypfiles/run_torque.host.mk:13: warning: ignoring old commands for target `/Users/ziangwang/Sources/vibeos/target/node-runtime/source/node-v24.14.0/out/Release/obj/gen/torque-generated/src/builtins/regexp-exec-tq-csa.cc'
tools/v8_gypfiles/run_torque.target.mk:13: warning: overriding commands for target `/Users/ziangwang/Sources/vibeos/target/node-runtime/source/node-v24.14.0/out/Release/obj/gen/torque-generated/src/builtins/regexp-match-all-tq-csa.cc'
tools/v8_gypfiles/run_torque.host.mk:13: warning: ignoring old commands for target `/Users/ziangwang/Sources/vibeos/target/node-runtime/source/node-v24.14.0/out/Release/obj/gen/torque-generated/src/builtins/regexp-match-all-tq-csa.cc'
tools/v8_gypfiles/run_torque.target.mk:13: warning: overriding commands for target `/Users/ziangwang/Sources/vibeos/target/node-runtime/source/node-v24.14.0/out/Release/obj/gen/torque-generated/src/builtins/regexp-match-tq-csa.cc'
tools/v8_gypfiles/run_torque.host.mk:13: warning: ignoring old commands for target `/Users/ziangwang/Sources/vibeos/target/node-runtime/source/node-v24.14.0/out/Release/obj/gen/torque-generated/src/builtins/regexp-match-tq-csa.cc'
tools/v8_gypfiles/run_torque.target.mk:13: warning: overriding commands for target `/Users/ziangwang/Sources/vibeos/target/node-runtime/source/node-v24.14.0/out/Release/obj/gen/torque-generated/src/builtins/regexp-replace-tq-csa.cc'
tools/v8_gypfiles/run_torque.host.mk:13: warning: ignoring old commands for target `/Users/ziangwang/Sources/vibeos/target/node-runtime/source/node-v24.14.0/out/Release/obj/gen/torque-generated/src/builtins/regexp-replace-tq-csa.cc'
tools/v8_gypfiles/run_torque.target.mk:13: warning: overriding commands for target `/Users/ziangwang/Sources/vibeos/target/node-runtime/source/node-v24.14.0/out/Release/obj/gen/torque-generated/src/builtins/regexp-search-tq-csa.cc'
tools/v8_gypfiles/run_torque.host.mk:13: warning: ignoring old commands for target `/Users/ziangwang/Sources/vibeos/target/node-runtime/source/node-v24.14.0/out/Release/obj/gen/torque-generated/src/builtins/regexp-search-tq-csa.cc'
tools/v8_gypfiles/run_torque.target.mk:13: warning: overriding commands for target `/Users/ziangwang/Sources/vibeos/target/node-runtime/source/node-v24.14.0/out/Release/obj/gen/torque-generated/src/builtins/regexp-source-tq-csa.cc'
tools/v8_gypfiles/run_torque.host.mk:13: warning: ignoring old commands for target `/Users/ziangwang/Sources/vibeos/target/node-runtime/source/node-v24.14.0/out/Release/obj/gen/torque-generated/src/builtins/regexp-source-tq-csa.cc'
tools/v8_gypfiles/run_torque.target.mk:13: warning: overriding commands for target `/Users/ziangwang/Sources/vibeos/target/node-runtime/source/node-v24.14.0/out/Release/obj/gen/torque-generated/src/builtins/regexp-split-tq-csa.cc'
tools/v8_gypfiles/run_torque.host.mk:13: warning: ignoring old commands for target `/Users/ziangwang/Sources/vibeos/target/node-runtime/source/node-v24.14.0/out/Release/obj/gen/torque-generated/src/builtins/regexp-split-tq-csa.cc'
tools/v8_gypfiles/run_torque.target.mk:13: warning: overriding commands for target `/Users/ziangwang/Sources/vibeos/target/node-runtime/source/node-v24.14.0/out/Release/obj/gen/torque-generated/src/builtins/regexp-test-tq-csa.cc'
tools/v8_gypfiles/run_torque.host.mk:13: warning: ignoring old commands for target `/Users/ziangwang/Sources/vibeos/target/node-runtime/source/node-v24.14.0/out/Release/obj/gen/torque-generated/src/builtins/regexp-test-tq-csa.cc'
tools/v8_gypfiles/run_torque.target.mk:13: warning: overriding commands for target `/Users/ziangwang/Sources/vibeos/target/node-runtime/source/node-v24.14.0/out/Release/obj/gen/torque-generated/src/builtins/regexp-tq-csa.cc'
tools/v8_gypfiles/run_torque.host.mk:13: warning: ignoring old commands for target `/Users/ziangwang/Sources/vibeos/target/node-runtime/source/node-v24.14.0/out/Release/obj/gen/torque-generated/src/builtins/regexp-tq-csa.cc'
tools/v8_gypfiles/run_torque.target.mk:13: warning: overriding commands for target `/Users/ziangwang/Sources/vibeos/target/node-runtime/source/node-v24.14.0/out/Release/obj/gen/torque-generated/src/builtins/set-difference-tq-csa.cc'
tools/v8_gypfiles/run_torque.host.mk:13: warning: ignoring old commands for target `/Users/ziangwang/Sources/vibeos/target/node-runtime/source/node-v24.14.0/out/Release/obj/gen/torque-generated/src/builtins/set-difference-tq-csa.cc'
tools/v8_gypfiles/run_torque.target.mk:13: warning: overriding commands for target `/Users/ziangwang/Sources/vibeos/target/node-runtime/source/node-v24.14.0/out/Release/obj/gen/torque-generated/src/builtins/set-intersection-tq-csa.cc'
tools/v8_gypfiles/run_torque.host.mk:13: warning: ignoring old commands for target `/Users/ziangwang/Sources/vibeos/target/node-runtime/source/node-v24.14.0/out/Release/obj/gen/torque-generated/src/builtins/set-intersection-tq-csa.cc'
tools/v8_gypfiles/run_torque.target.mk:13: warning: overriding commands for target `/Users/ziangwang/Sources/vibeos/target/node-runtime/source/node-v24.14.0/out/Release/obj/gen/torque-generated/src/builtins/set-is-disjoint-from-tq-csa.cc'
tools/v8_gypfiles/run_torque.host.mk:13: warning: ignoring old commands for target `/Users/ziangwang/Sources/vibeos/target/node-runtime/source/node-v24.14.0/out/Release/obj/gen/torque-generated/src/builtins/set-is-disjoint-from-tq-csa.cc'
tools/v8_gypfiles/run_torque.target.mk:13: warning: overriding commands for target `/Users/ziangwang/Sources/vibeos/target/node-runtime/source/node-v24.14.0/out/Release/obj/gen/torque-generated/src/builtins/set-is-subset-of-tq-csa.cc'
tools/v8_gypfiles/run_torque.host.mk:13: warning: ignoring old commands for target `/Users/ziangwang/Sources/vibeos/target/node-runtime/source/node-v24.14.0/out/Release/obj/gen/torque-generated/src/builtins/set-is-subset-of-tq-csa.cc'
tools/v8_gypfiles/run_torque.target.mk:13: warning: overriding commands for target `/Users/ziangwang/Sources/vibeos/target/node-runtime/source/node-v24.14.0/out/Release/obj/gen/torque-generated/src/builtins/set-is-superset-of-tq-csa.cc'
tools/v8_gypfiles/run_torque.host.mk:13: warning: ignoring old commands for target `/Users/ziangwang/Sources/vibeos/target/node-runtime/source/node-v24.14.0/out/Release/obj/gen/torque-generated/src/builtins/set-is-superset-of-tq-csa.cc'
tools/v8_gypfiles/run_torque.target.mk:13: warning: overriding commands for target `/Users/ziangwang/Sources/vibeos/target/node-runtime/source/node-v24.14.0/out/Release/obj/gen/torque-generated/src/builtins/set-symmetric-difference-tq-csa.cc'
tools/v8_gypfiles/run_torque.host.mk:13: warning: ignoring old commands for target `/Users/ziangwang/Sources/vibeos/target/node-runtime/source/node-v24.14.0/out/Release/obj/gen/torque-generated/src/builtins/set-symmetric-difference-tq-csa.cc'
tools/v8_gypfiles/run_torque.target.mk:13: warning: overriding commands for target `/Users/ziangwang/Sources/vibeos/target/node-runtime/source/node-v24.14.0/out/Release/obj/gen/torque-generated/src/builtins/set-union-tq-csa.cc'
tools/v8_gypfiles/run_torque.host.mk:13: warning: ignoring old commands for target `/Users/ziangwang/Sources/vibeos/target/node-runtime/source/node-v24.14.0/out/Release/obj/gen/torque-generated/src/builtins/set-union-tq-csa.cc'
tools/v8_gypfiles/run_torque.target.mk:13: warning: overriding commands for target `/Users/ziangwang/Sources/vibeos/target/node-runtime/source/node-v24.14.0/out/Release/obj/gen/torque-generated/src/builtins/string-at-tq-csa.cc'
tools/v8_gypfiles/run_torque.host.mk:13: warning: ignoring old commands for target `/Users/ziangwang/Sources/vibeos/target/node-runtime/source/node-v24.14.0/out/Release/obj/gen/torque-generated/src/builtins/string-at-tq-csa.cc'
tools/v8_gypfiles/run_torque.target.mk:13: warning: overriding commands for target `/Users/ziangwang/Sources/vibeos/target/node-runtime/source/node-v24.14.0/out/Release/obj/gen/torque-generated/src/builtins/string-endswith-tq-csa.cc'
tools/v8_gypfiles/run_torque.host.mk:13: warning: ignoring old commands for target `/Users/ziangwang/Sources/vibeos/target/node-runtime/source/node-v24.14.0/out/Release/obj/gen/torque-generated/src/builtins/string-endswith-tq-csa.cc'
tools/v8_gypfiles/run_torque.target.mk:13: warning: overriding commands for target `/Users/ziangwang/Sources/vibeos/target/node-runtime/source/node-v24.14.0/out/Release/obj/gen/torque-generated/src/builtins/string-html-tq-csa.cc'
tools/v8_gypfiles/run_torque.host.mk:13: warning: ignoring old commands for target `/Users/ziangwang/Sources/vibeos/target/node-runtime/source/node-v24.14.0/out/Release/obj/gen/torque-generated/src/builtins/string-html-tq-csa.cc'
tools/v8_gypfiles/run_torque.target.mk:13: warning: overriding commands for target `/Users/ziangwang/Sources/vibeos/target/node-runtime/source/node-v24.14.0/out/Release/obj/gen/torque-generated/src/builtins/string-includes-tq-csa.cc'
tools/v8_gypfiles/run_torque.host.mk:13: warning: ignoring old commands for target `/Users/ziangwang/Sources/vibeos/target/node-runtime/source/node-v24.14.0/out/Release/obj/gen/torque-generated/src/builtins/string-includes-tq-csa.cc'
tools/v8_gypfiles/run_torque.target.mk:13: warning: overriding commands for target `/Users/ziangwang/Sources/vibeos/target/node-runtime/source/node-v24.14.0/out/Release/obj/gen/torque-generated/src/builtins/string-indexof-tq-csa.cc'
tools/v8_gypfiles/run_torque.host.mk:13: warning: ignoring old commands for target `/Users/ziangwang/Sources/vibeos/target/node-runtime/source/node-v24.14.0/out/Release/obj/gen/torque-generated/src/builtins/string-indexof-tq-csa.cc'
tools/v8_gypfiles/run_torque.target.mk:13: warning: overriding commands for target `/Users/ziangwang/Sources/vibeos/target/node-runtime/source/node-v24.14.0/out/Release/obj/gen/torque-generated/src/builtins/string-iswellformed-tq-csa.cc'
tools/v8_gypfiles/run_torque.host.mk:13: warning: ignoring old commands for target `/Users/ziangwang/Sources/vibeos/target/node-runtime/source/node-v24.14.0/out/Release/obj/gen/torque-generated/src/builtins/string-iswellformed-tq-csa.cc'
tools/v8_gypfiles/run_torque.target.mk:13: warning: overriding commands for target `/Users/ziangwang/Sources/vibeos/target/node-runtime/source/node-v24.14.0/out/Release/obj/gen/torque-generated/src/builtins/string-iterator-tq-csa.cc'
tools/v8_gypfiles/run_torque.host.mk:13: warning: ignoring old commands for target `/Users/ziangwang/Sources/vibeos/target/node-runtime/source/node-v24.14.0/out/Release/obj/gen/torque-generated/src/builtins/string-iterator-tq-csa.cc'
tools/v8_gypfiles/run_torque.target.mk:13: warning: overriding commands for target `/Users/ziangwang/Sources/vibeos/target/node-runtime/source/node-v24.14.0/out/Release/obj/gen/torque-generated/src/builtins/string-match-search-tq-csa.cc'
tools/v8_gypfiles/run_torque.host.mk:13: warning: ignoring old commands for target `/Users/ziangwang/Sources/vibeos/target/node-runtime/source/node-v24.14.0/out/Release/obj/gen/torque-generated/src/builtins/string-match-search-tq-csa.cc'
tools/v8_gypfiles/run_torque.target.mk:13: warning: overriding commands for target `/Users/ziangwang/Sources/vibeos/target/node-runtime/source/node-v24.14.0/out/Release/obj/gen/torque-generated/src/builtins/string-pad-tq-csa.cc'
tools/v8_gypfiles/run_torque.host.mk:13: warning: ignoring old commands for target `/Users/ziangwang/Sources/vibeos/target/node-runtime/source/node-v24.14.0/out/Release/obj/gen/torque-generated/src/builtins/string-pad-tq-csa.cc'
tools/v8_gypfiles/run_torque.target.mk:13: warning: overriding commands for target `/Users/ziangwang/Sources/vibeos/target/node-runtime/source/node-v24.14.0/out/Release/obj/gen/torque-generated/src/builtins/string-repeat-tq-csa.cc'
tools/v8_gypfiles/run_torque.host.mk:13: warning: ignoring old commands for target `/Users/ziangwang/Sources/vibeos/target/node-runtime/source/node-v24.14.0/out/Release/obj/gen/torque-generated/src/builtins/string-repeat-tq-csa.cc'
tools/v8_gypfiles/run_torque.target.mk:13: warning: overriding commands for target `/Users/ziangwang/Sources/vibeos/target/node-runtime/source/node-v24.14.0/out/Release/obj/gen/torque-generated/src/builtins/string-replaceall-tq-csa.cc'
tools/v8_gypfiles/run_torque.host.mk:13: warning: ignoring old commands for target `/Users/ziangwang/Sources/vibeos/target/node-runtime/source/node-v24.14.0/out/Release/obj/gen/torque-generated/src/builtins/string-replaceall-tq-csa.cc'
tools/v8_gypfiles/run_torque.target.mk:13: warning: overriding commands for target `/Users/ziangwang/Sources/vibeos/target/node-runtime/source/node-v24.14.0/out/Release/obj/gen/torque-generated/src/builtins/string-slice-tq-csa.cc'
tools/v8_gypfiles/run_torque.host.mk:13: warning: ignoring old commands for target `/Users/ziangwang/Sources/vibeos/target/node-runtime/source/node-v24.14.0/out/Release/obj/gen/torque-generated/src/builtins/string-slice-tq-csa.cc'
tools/v8_gypfiles/run_torque.target.mk:13: warning: overriding commands for target `/Users/ziangwang/Sources/vibeos/target/node-runtime/source/node-v24.14.0/out/Release/obj/gen/torque-generated/src/builtins/string-startswith-tq-csa.cc'
tools/v8_gypfiles/run_torque.host.mk:13: warning: ignoring old commands for target `/Users/ziangwang/Sources/vibeos/target/node-runtime/source/node-v24.14.0/out/Release/obj/gen/torque-generated/src/builtins/string-startswith-tq-csa.cc'
tools/v8_gypfiles/run_torque.target.mk:13: warning: overriding commands for target `/Users/ziangwang/Sources/vibeos/target/node-runtime/source/node-v24.14.0/out/Release/obj/gen/torque-generated/src/builtins/string-substr-tq-csa.cc'
tools/v8_gypfiles/run_torque.host.mk:13: warning: ignoring old commands for target `/Users/ziangwang/Sources/vibeos/target/node-runtime/source/node-v24.14.0/out/Release/obj/gen/torque-generated/src/builtins/string-substr-tq-csa.cc'
tools/v8_gypfiles/run_torque.target.mk:13: warning: overriding commands for target `/Users/ziangwang/Sources/vibeos/target/node-runtime/source/node-v24.14.0/out/Release/obj/gen/torque-generated/src/builtins/string-substring-tq-csa.cc'
tools/v8_gypfiles/run_torque.host.mk:13: warning: ignoring old commands for target `/Users/ziangwang/Sources/vibeos/target/node-runtime/source/node-v24.14.0/out/Release/obj/gen/torque-generated/src/builtins/string-substring-tq-csa.cc'
tools/v8_gypfiles/run_torque.target.mk:13: warning: overriding commands for target `/Users/ziangwang/Sources/vibeos/target/node-runtime/source/node-v24.14.0/out/Release/obj/gen/torque-generated/src/builtins/string-towellformed-tq-csa.cc'
tools/v8_gypfiles/run_torque.host.mk:13: warning: ignoring old commands for target `/Users/ziangwang/Sources/vibeos/target/node-runtime/source/node-v24.14.0/out/Release/obj/gen/torque-generated/src/builtins/string-towellformed-tq-csa.cc'
tools/v8_gypfiles/run_torque.target.mk:13: warning: overriding commands for target `/Users/ziangwang/Sources/vibeos/target/node-runtime/source/node-v24.14.0/out/Release/obj/gen/torque-generated/src/builtins/string-trim-tq-csa.cc'
tools/v8_gypfiles/run_torque.host.mk:13: warning: ignoring old commands for target `/Users/ziangwang/Sources/vibeos/target/node-runtime/source/node-v24.14.0/out/Release/obj/gen/torque-generated/src/builtins/string-trim-tq-csa.cc'
tools/v8_gypfiles/run_torque.target.mk:13: warning: overriding commands for target `/Users/ziangwang/Sources/vibeos/target/node-runtime/source/node-v24.14.0/out/Release/obj/gen/torque-generated/src/builtins/suppressed-error-tq-csa.cc'
tools/v8_gypfiles/run_torque.host.mk:13: warning: ignoring old commands for target `/Users/ziangwang/Sources/vibeos/target/node-runtime/source/node-v24.14.0/out/Release/obj/gen/torque-generated/src/builtins/suppressed-error-tq-csa.cc'
tools/v8_gypfiles/run_torque.target.mk:13: warning: overriding commands for target `/Users/ziangwang/Sources/vibeos/target/node-runtime/source/node-v24.14.0/out/Release/obj/gen/torque-generated/src/builtins/symbol-tq-csa.cc'
tools/v8_gypfiles/run_torque.host.mk:13: warning: ignoring old commands for target `/Users/ziangwang/Sources/vibeos/target/node-runtime/source/node-v24.14.0/out/Release/obj/gen/torque-generated/src/builtins/symbol-tq-csa.cc'
tools/v8_gypfiles/run_torque.target.mk:13: warning: overriding commands for target `/Users/ziangwang/Sources/vibeos/target/node-runtime/source/node-v24.14.0/out/Release/obj/gen/torque-generated/src/builtins/torque-internal-tq-csa.cc'
tools/v8_gypfiles/run_torque.host.mk:13: warning: ignoring old commands for target `/Users/ziangwang/Sources/vibeos/target/node-runtime/source/node-v24.14.0/out/Release/obj/gen/torque-generated/src/builtins/torque-internal-tq-csa.cc'
tools/v8_gypfiles/run_torque.target.mk:13: warning: overriding commands for target `/Users/ziangwang/Sources/vibeos/target/node-runtime/source/node-v24.14.0/out/Release/obj/gen/torque-generated/src/builtins/typed-array-at-tq-csa.cc'
tools/v8_gypfiles/run_torque.host.mk:13: warning: ignoring old commands for target `/Users/ziangwang/Sources/vibeos/target/node-runtime/source/node-v24.14.0/out/Release/obj/gen/torque-generated/src/builtins/typed-array-at-tq-csa.cc'
tools/v8_gypfiles/run_torque.target.mk:13: warning: overriding commands for target `/Users/ziangwang/Sources/vibeos/target/node-runtime/source/node-v24.14.0/out/Release/obj/gen/torque-generated/src/builtins/typed-array-createtypedarray-tq-csa.cc'
tools/v8_gypfiles/run_torque.host.mk:13: warning: ignoring old commands for target `/Users/ziangwang/Sources/vibeos/target/node-runtime/source/node-v24.14.0/out/Release/obj/gen/torque-generated/src/builtins/typed-array-createtypedarray-tq-csa.cc'
tools/v8_gypfiles/run_torque.target.mk:13: warning: overriding commands for target `/Users/ziangwang/Sources/vibeos/target/node-runtime/source/node-v24.14.0/out/Release/obj/gen/torque-generated/src/builtins/typed-array-every-tq-csa.cc'
tools/v8_gypfiles/run_torque.host.mk:13: warning: ignoring old commands for target `/Users/ziangwang/Sources/vibeos/target/node-runtime/source/node-v24.14.0/out/Release/obj/gen/torque-generated/src/builtins/typed-array-every-tq-csa.cc'
tools/v8_gypfiles/run_torque.target.mk:13: warning: overriding commands for target `/Users/ziangwang/Sources/vibeos/target/node-runtime/source/node-v24.14.0/out/Release/obj/gen/torque-generated/src/builtins/typed-array-entries-tq-csa.cc'
tools/v8_gypfiles/run_torque.host.mk:13: warning: ignoring old commands for target `/Users/ziangwang/Sources/vibeos/target/node-runtime/source/node-v24.14.0/out/Release/obj/gen/torque-generated/src/builtins/typed-array-entries-tq-csa.cc'
tools/v8_gypfiles/run_torque.target.mk:13: warning: overriding commands for target `/Users/ziangwang/Sources/vibeos/target/node-runtime/source/node-v24.14.0/out/Release/obj/gen/torque-generated/src/builtins/typed-array-filter-tq-csa.cc'
tools/v8_gypfiles/run_torque.host.mk:13: warning: ignoring old commands for target `/Users/ziangwang/Sources/vibeos/target/node-runtime/source/node-v24.14.0/out/Release/obj/gen/torque-generated/src/builtins/typed-array-filter-tq-csa.cc'
tools/v8_gypfiles/run_torque.target.mk:13: warning: overriding commands for target `/Users/ziangwang/Sources/vibeos/target/node-runtime/source/node-v24.14.0/out/Release/obj/gen/torque-generated/src/builtins/typed-array-find-tq-csa.cc'
tools/v8_gypfiles/run_torque.host.mk:13: warning: ignoring old commands for target `/Users/ziangwang/Sources/vibeos/target/node-runtime/source/node-v24.14.0/out/Release/obj/gen/torque-generated/src/builtins/typed-array-find-tq-csa.cc'
tools/v8_gypfiles/run_torque.target.mk:13: warning: overriding commands for target `/Users/ziangwang/Sources/vibeos/target/node-runtime/source/node-v24.14.0/out/Release/obj/gen/torque-generated/src/builtins/typed-array-findindex-tq-csa.cc'
tools/v8_gypfiles/run_torque.host.mk:13: warning: ignoring old commands for target `/Users/ziangwang/Sources/vibeos/target/node-runtime/source/node-v24.14.0/out/Release/obj/gen/torque-generated/src/builtins/typed-array-findindex-tq-csa.cc'
tools/v8_gypfiles/run_torque.target.mk:13: warning: overriding commands for target `/Users/ziangwang/Sources/vibeos/target/node-runtime/source/node-v24.14.0/out/Release/obj/gen/torque-generated/src/builtins/typed-array-findlast-tq-csa.cc'
tools/v8_gypfiles/run_torque.host.mk:13: warning: ignoring old commands for target `/Users/ziangwang/Sources/vibeos/target/node-runtime/source/node-v24.14.0/out/Release/obj/gen/torque-generated/src/builtins/typed-array-findlast-tq-csa.cc'
tools/v8_gypfiles/run_torque.target.mk:13: warning: overriding commands for target `/Users/ziangwang/Sources/vibeos/target/node-runtime/source/node-v24.14.0/out/Release/obj/gen/torque-generated/src/builtins/typed-array-findlastindex-tq-csa.cc'
tools/v8_gypfiles/run_torque.host.mk:13: warning: ignoring old commands for target `/Users/ziangwang/Sources/vibeos/target/node-runtime/source/node-v24.14.0/out/Release/obj/gen/torque-generated/src/builtins/typed-array-findlastindex-tq-csa.cc'
tools/v8_gypfiles/run_torque.target.mk:13: warning: overriding commands for target `/Users/ziangwang/Sources/vibeos/target/node-runtime/source/node-v24.14.0/out/Release/obj/gen/torque-generated/src/builtins/typed-array-foreach-tq-csa.cc'
tools/v8_gypfiles/run_torque.host.mk:13: warning: ignoring old commands for target `/Users/ziangwang/Sources/vibeos/target/node-runtime/source/node-v24.14.0/out/Release/obj/gen/torque-generated/src/builtins/typed-array-foreach-tq-csa.cc'
tools/v8_gypfiles/run_torque.target.mk:13: warning: overriding commands for target `/Users/ziangwang/Sources/vibeos/target/node-runtime/source/node-v24.14.0/out/Release/obj/gen/torque-generated/src/builtins/typed-array-from-tq-csa.cc'
tools/v8_gypfiles/run_torque.host.mk:13: warning: ignoring old commands for target `/Users/ziangwang/Sources/vibeos/target/node-runtime/source/node-v24.14.0/out/Release/obj/gen/torque-generated/src/builtins/typed-array-from-tq-csa.cc'
tools/v8_gypfiles/run_torque.target.mk:13: warning: overriding commands for target `/Users/ziangwang/Sources/vibeos/target/node-runtime/source/node-v24.14.0/out/Release/obj/gen/torque-generated/src/builtins/typed-array-keys-tq-csa.cc'
tools/v8_gypfiles/run_torque.host.mk:13: warning: ignoring old commands for target `/Users/ziangwang/Sources/vibeos/target/node-runtime/source/node-v24.14.0/out/Release/obj/gen/torque-generated/src/builtins/typed-array-keys-tq-csa.cc'
tools/v8_gypfiles/run_torque.target.mk:13: warning: overriding commands for target `/Users/ziangwang/Sources/vibeos/target/node-runtime/source/node-v24.14.0/out/Release/obj/gen/torque-generated/src/builtins/typed-array-of-tq-csa.cc'
tools/v8_gypfiles/run_torque.host.mk:13: warning: ignoring old commands for target `/Users/ziangwang/Sources/vibeos/target/node-runtime/source/node-v24.14.0/out/Release/obj/gen/torque-generated/src/builtins/typed-array-of-tq-csa.cc'
tools/v8_gypfiles/run_torque.target.mk:13: warning: overriding commands for target `/Users/ziangwang/Sources/vibeos/target/node-runtime/source/node-v24.14.0/out/Release/obj/gen/torque-generated/src/builtins/typed-array-reduce-tq-csa.cc'
tools/v8_gypfiles/run_torque.host.mk:13: warning: ignoring old commands for target `/Users/ziangwang/Sources/vibeos/target/node-runtime/source/node-v24.14.0/out/Release/obj/gen/torque-generated/src/builtins/typed-array-reduce-tq-csa.cc'
tools/v8_gypfiles/run_torque.target.mk:13: warning: overriding commands for target `/Users/ziangwang/Sources/vibeos/target/node-runtime/source/node-v24.14.0/out/Release/obj/gen/torque-generated/src/builtins/typed-array-reduceright-tq-csa.cc'
tools/v8_gypfiles/run_torque.host.mk:13: warning: ignoring old commands for target `/Users/ziangwang/Sources/vibeos/target/node-runtime/source/node-v24.14.0/out/Release/obj/gen/torque-generated/src/builtins/typed-array-reduceright-tq-csa.cc'
tools/v8_gypfiles/run_torque.target.mk:13: warning: overriding commands for target `/Users/ziangwang/Sources/vibeos/target/node-runtime/source/node-v24.14.0/out/Release/obj/gen/torque-generated/src/builtins/typed-array-set-tq-csa.cc'
tools/v8_gypfiles/run_torque.host.mk:13: warning: ignoring old commands for target `/Users/ziangwang/Sources/vibeos/target/node-runtime/source/node-v24.14.0/out/Release/obj/gen/torque-generated/src/builtins/typed-array-set-tq-csa.cc'
tools/v8_gypfiles/run_torque.target.mk:13: warning: overriding commands for target `/Users/ziangwang/Sources/vibeos/target/node-runtime/source/node-v24.14.0/out/Release/obj/gen/torque-generated/src/builtins/typed-array-slice-tq-csa.cc'
tools/v8_gypfiles/run_torque.host.mk:13: warning: ignoring old commands for target `/Users/ziangwang/Sources/vibeos/target/node-runtime/source/node-v24.14.0/out/Release/obj/gen/torque-generated/src/builtins/typed-array-slice-tq-csa.cc'
tools/v8_gypfiles/run_torque.target.mk:13: warning: overriding commands for target `/Users/ziangwang/Sources/vibeos/target/node-runtime/source/node-v24.14.0/out/Release/obj/gen/torque-generated/src/builtins/typed-array-some-tq-csa.cc'
tools/v8_gypfiles/run_torque.host.mk:13: warning: ignoring old commands for target `/Users/ziangwang/Sources/vibeos/target/node-runtime/source/node-v24.14.0/out/Release/obj/gen/torque-generated/src/builtins/typed-array-some-tq-csa.cc'
tools/v8_gypfiles/run_torque.target.mk:13: warning: overriding commands for target `/Users/ziangwang/Sources/vibeos/target/node-runtime/source/node-v24.14.0/out/Release/obj/gen/torque-generated/src/builtins/typed-array-sort-tq-csa.cc'
tools/v8_gypfiles/run_torque.host.mk:13: warning: ignoring old commands for target `/Users/ziangwang/Sources/vibeos/target/node-runtime/source/node-v24.14.0/out/Release/obj/gen/torque-generated/src/builtins/typed-array-sort-tq-csa.cc'
tools/v8_gypfiles/run_torque.target.mk:13: warning: overriding commands for target `/Users/ziangwang/Sources/vibeos/target/node-runtime/source/node-v24.14.0/out/Release/obj/gen/torque-generated/src/builtins/typed-array-subarray-tq-csa.cc'
tools/v8_gypfiles/run_torque.host.mk:13: warning: ignoring old commands for target `/Users/ziangwang/Sources/vibeos/target/node-runtime/source/node-v24.14.0/out/Release/obj/gen/torque-generated/src/builtins/typed-array-subarray-tq-csa.cc'
tools/v8_gypfiles/run_torque.target.mk:13: warning: overriding commands for target `/Users/ziangwang/Sources/vibeos/target/node-runtime/source/node-v24.14.0/out/Release/obj/gen/torque-generated/src/builtins/typed-array-to-reversed-tq-csa.cc'
tools/v8_gypfiles/run_torque.host.mk:13: warning: ignoring old commands for target `/Users/ziangwang/Sources/vibeos/target/node-runtime/source/node-v24.14.0/out/Release/obj/gen/torque-generated/src/builtins/typed-array-to-reversed-tq-csa.cc'
tools/v8_gypfiles/run_torque.target.mk:13: warning: overriding commands for target `/Users/ziangwang/Sources/vibeos/target/node-runtime/source/node-v24.14.0/out/Release/obj/gen/torque-generated/src/builtins/typed-array-to-sorted-tq-csa.cc'
tools/v8_gypfiles/run_torque.host.mk:13: warning: ignoring old commands for target `/Users/ziangwang/Sources/vibeos/target/node-runtime/source/node-v24.14.0/out/Release/obj/gen/torque-generated/src/builtins/typed-array-to-sorted-tq-csa.cc'
tools/v8_gypfiles/run_torque.target.mk:13: warning: overriding commands for target `/Users/ziangwang/Sources/vibeos/target/node-runtime/source/node-v24.14.0/out/Release/obj/gen/torque-generated/src/builtins/typed-array-values-tq-csa.cc'
tools/v8_gypfiles/run_torque.host.mk:13: warning: ignoring old commands for target `/Users/ziangwang/Sources/vibeos/target/node-runtime/source/node-v24.14.0/out/Release/obj/gen/torque-generated/src/builtins/typed-array-values-tq-csa.cc'
tools/v8_gypfiles/run_torque.target.mk:13: warning: overriding commands for target `/Users/ziangwang/Sources/vibeos/target/node-runtime/source/node-v24.14.0/out/Release/obj/gen/torque-generated/src/builtins/typed-array-with-tq-csa.cc'
tools/v8_gypfiles/run_torque.host.mk:13: warning: ignoring old commands for target `/Users/ziangwang/Sources/vibeos/target/node-runtime/source/node-v24.14.0/out/Release/obj/gen/torque-generated/src/builtins/typed-array-with-tq-csa.cc'
tools/v8_gypfiles/run_torque.target.mk:13: warning: overriding commands for target `/Users/ziangwang/Sources/vibeos/target/node-runtime/source/node-v24.14.0/out/Release/obj/gen/torque-generated/src/builtins/typed-array-tq-csa.cc'
tools/v8_gypfiles/run_torque.host.mk:13: warning: ignoring old commands for target `/Users/ziangwang/Sources/vibeos/target/node-runtime/source/node-v24.14.0/out/Release/obj/gen/torque-generated/src/builtins/typed-array-tq-csa.cc'
tools/v8_gypfiles/run_torque.target.mk:13: warning: overriding commands for target `/Users/ziangwang/Sources/vibeos/target/node-runtime/source/node-v24.14.0/out/Release/obj/gen/torque-generated/src/builtins/weak-ref-tq-csa.cc'
tools/v8_gypfiles/run_torque.host.mk:13: warning: ignoring old commands for target `/Users/ziangwang/Sources/vibeos/target/node-runtime/source/node-v24.14.0/out/Release/obj/gen/torque-generated/src/builtins/weak-ref-tq-csa.cc'
tools/v8_gypfiles/run_torque.target.mk:13: warning: overriding commands for target `/Users/ziangwang/Sources/vibeos/target/node-runtime/source/node-v24.14.0/out/Release/obj/gen/torque-generated/src/ic/handler-configuration-tq-csa.cc'
tools/v8_gypfiles/run_torque.host.mk:13: warning: ignoring old commands for target `/Users/ziangwang/Sources/vibeos/target/node-runtime/source/node-v24.14.0/out/Release/obj/gen/torque-generated/src/ic/handler-configuration-tq-csa.cc'
tools/v8_gypfiles/run_torque.target.mk:13: warning: overriding commands for target `/Users/ziangwang/Sources/vibeos/target/node-runtime/source/node-v24.14.0/out/Release/obj/gen/torque-generated/src/objects/allocation-site-tq-csa.cc'
tools/v8_gypfiles/run_torque.host.mk:13: warning: ignoring old commands for target `/Users/ziangwang/Sources/vibeos/target/node-runtime/source/node-v24.14.0/out/Release/obj/gen/torque-generated/src/objects/allocation-site-tq-csa.cc'
tools/v8_gypfiles/run_torque.target.mk:13: warning: overriding commands for target `/Users/ziangwang/Sources/vibeos/target/node-runtime/source/node-v24.14.0/out/Release/obj/gen/torque-generated/src/objects/api-callbacks-tq-csa.cc'
tools/v8_gypfiles/run_torque.host.mk:13: warning: ignoring old commands for target `/Users/ziangwang/Sources/vibeos/target/node-runtime/source/node-v24.14.0/out/Release/obj/gen/torque-generated/src/objects/api-callbacks-tq-csa.cc'
tools/v8_gypfiles/run_torque.target.mk:13: warning: overriding commands for target `/Users/ziangwang/Sources/vibeos/target/node-runtime/source/node-v24.14.0/out/Release/obj/gen/torque-generated/src/objects/arguments-tq-csa.cc'
tools/v8_gypfiles/run_torque.host.mk:13: warning: ignoring old commands for target `/Users/ziangwang/Sources/vibeos/target/node-runtime/source/node-v24.14.0/out/Release/obj/gen/torque-generated/src/objects/arguments-tq-csa.cc'
tools/v8_gypfiles/run_torque.target.mk:13: warning: overriding commands for target `/Users/ziangwang/Sources/vibeos/target/node-runtime/source/node-v24.14.0/out/Release/obj/gen/torque-generated/src/objects/bigint-tq-csa.cc'
tools/v8_gypfiles/run_torque.host.mk:13: warning: ignoring old commands for target `/Users/ziangwang/Sources/vibeos/target/node-runtime/source/node-v24.14.0/out/Release/obj/gen/torque-generated/src/objects/bigint-tq-csa.cc'
tools/v8_gypfiles/run_torque.target.mk:13: warning: overriding commands for target `/Users/ziangwang/Sources/vibeos/target/node-runtime/source/node-v24.14.0/out/Release/obj/gen/torque-generated/src/objects/call-site-info-tq-csa.cc'
tools/v8_gypfiles/run_torque.host.mk:13: warning: ignoring old commands for target `/Users/ziangwang/Sources/vibeos/target/node-runtime/source/node-v24.14.0/out/Release/obj/gen/torque-generated/src/objects/call-site-info-tq-csa.cc'
tools/v8_gypfiles/run_torque.target.mk:13: warning: overriding commands for target `/Users/ziangwang/Sources/vibeos/target/node-runtime/source/node-v24.14.0/out/Release/obj/gen/torque-generated/src/objects/cell-tq-csa.cc'
tools/v8_gypfiles/run_torque.host.mk:13: warning: ignoring old commands for target `/Users/ziangwang/Sources/vibeos/target/node-runtime/source/node-v24.14.0/out/Release/obj/gen/torque-generated/src/objects/cell-tq-csa.cc'
tools/v8_gypfiles/run_torque.target.mk:13: warning: overriding commands for target `/Users/ziangwang/Sources/vibeos/target/node-runtime/source/node-v24.14.0/out/Release/obj/gen/torque-generated/src/objects/bytecode-array-tq-csa.cc'
tools/v8_gypfiles/run_torque.host.mk:13: warning: ignoring old commands for target `/Users/ziangwang/Sources/vibeos/target/node-runtime/source/node-v24.14.0/out/Release/obj/gen/torque-generated/src/objects/bytecode-array-tq-csa.cc'
tools/v8_gypfiles/run_torque.target.mk:13: warning: overriding commands for target `/Users/ziangwang/Sources/vibeos/target/node-runtime/source/node-v24.14.0/out/Release/obj/gen/torque-generated/src/objects/contexts-tq-csa.cc'
tools/v8_gypfiles/run_torque.host.mk:13: warning: ignoring old commands for target `/Users/ziangwang/Sources/vibeos/target/node-runtime/source/node-v24.14.0/out/Release/obj/gen/torque-generated/src/objects/contexts-tq-csa.cc'
tools/v8_gypfiles/run_torque.target.mk:13: warning: overriding commands for target `/Users/ziangwang/Sources/vibeos/target/node-runtime/source/node-v24.14.0/out/Release/obj/gen/torque-generated/src/objects/data-handler-tq-csa.cc'
tools/v8_gypfiles/run_torque.host.mk:13: warning: ignoring old commands for target `/Users/ziangwang/Sources/vibeos/target/node-runtime/source/node-v24.14.0/out/Release/obj/gen/torque-generated/src/objects/data-handler-tq-csa.cc'
tools/v8_gypfiles/run_torque.target.mk:13: warning: overriding commands for target `/Users/ziangwang/Sources/vibeos/target/node-runtime/source/node-v24.14.0/out/Release/obj/gen/torque-generated/src/objects/debug-objects-tq-csa.cc'
tools/v8_gypfiles/run_torque.host.mk:13: warning: ignoring old commands for target `/Users/ziangwang/Sources/vibeos/target/node-runtime/source/node-v24.14.0/out/Release/obj/gen/torque-generated/src/objects/debug-objects-tq-csa.cc'
tools/v8_gypfiles/run_torque.target.mk:13: warning: overriding commands for target `/Users/ziangwang/Sources/vibeos/target/node-runtime/source/node-v24.14.0/out/Release/obj/gen/torque-generated/src/objects/descriptor-array-tq-csa.cc'
tools/v8_gypfiles/run_torque.host.mk:13: warning: ignoring old commands for target `/Users/ziangwang/Sources/vibeos/target/node-runtime/source/node-v24.14.0/out/Release/obj/gen/torque-generated/src/objects/descriptor-array-tq-csa.cc'
tools/v8_gypfiles/run_torque.target.mk:13: warning: overriding commands for target `/Users/ziangwang/Sources/vibeos/target/node-runtime/source/node-v24.14.0/out/Release/obj/gen/torque-generated/src/objects/embedder-data-array-tq-csa.cc'
tools/v8_gypfiles/run_torque.host.mk:13: warning: ignoring old commands for target `/Users/ziangwang/Sources/vibeos/target/node-runtime/source/node-v24.14.0/out/Release/obj/gen/torque-generated/src/objects/embedder-data-array-tq-csa.cc'
tools/v8_gypfiles/run_torque.target.mk:13: warning: overriding commands for target `/Users/ziangwang/Sources/vibeos/target/node-runtime/source/node-v24.14.0/out/Release/obj/gen/torque-generated/src/objects/feedback-cell-tq-csa.cc'
tools/v8_gypfiles/run_torque.host.mk:13: warning: ignoring old commands for target `/Users/ziangwang/Sources/vibeos/target/node-runtime/source/node-v24.14.0/out/Release/obj/gen/torque-generated/src/objects/feedback-cell-tq-csa.cc'
tools/v8_gypfiles/run_torque.target.mk:13: warning: overriding commands for target `/Users/ziangwang/Sources/vibeos/target/node-runtime/source/node-v24.14.0/out/Release/obj/gen/torque-generated/src/objects/feedback-vector-tq-csa.cc'
tools/v8_gypfiles/run_torque.host.mk:13: warning: ignoring old commands for target `/Users/ziangwang/Sources/vibeos/target/node-runtime/source/node-v24.14.0/out/Release/obj/gen/torque-generated/src/objects/feedback-vector-tq-csa.cc'
tools/v8_gypfiles/run_torque.target.mk:13: warning: overriding commands for target `/Users/ziangwang/Sources/vibeos/target/node-runtime/source/node-v24.14.0/out/Release/obj/gen/torque-generated/src/objects/fixed-array-tq-csa.cc'
tools/v8_gypfiles/run_torque.host.mk:13: warning: ignoring old commands for target `/Users/ziangwang/Sources/vibeos/target/node-runtime/source/node-v24.14.0/out/Release/obj/gen/torque-generated/src/objects/fixed-array-tq-csa.cc'
tools/v8_gypfiles/run_torque.target.mk:13: warning: overriding commands for target `/Users/ziangwang/Sources/vibeos/target/node-runtime/source/node-v24.14.0/out/Release/obj/gen/torque-generated/src/objects/foreign-tq-csa.cc'
tools/v8_gypfiles/run_torque.host.mk:13: warning: ignoring old commands for target `/Users/ziangwang/Sources/vibeos/target/node-runtime/source/node-v24.14.0/out/Release/obj/gen/torque-generated/src/objects/foreign-tq-csa.cc'
tools/v8_gypfiles/run_torque.target.mk:13: warning: overriding commands for target `/Users/ziangwang/Sources/vibeos/target/node-runtime/source/node-v24.14.0/out/Release/obj/gen/torque-generated/src/objects/free-space-tq-csa.cc'
tools/v8_gypfiles/run_torque.host.mk:13: warning: ignoring old commands for target `/Users/ziangwang/Sources/vibeos/target/node-runtime/source/node-v24.14.0/out/Release/obj/gen/torque-generated/src/objects/free-space-tq-csa.cc'
tools/v8_gypfiles/run_torque.target.mk:13: warning: overriding commands for target `/Users/ziangwang/Sources/vibeos/target/node-runtime/source/node-v24.14.0/out/Release/obj/gen/torque-generated/src/objects/heap-number-tq-csa.cc'
tools/v8_gypfiles/run_torque.host.mk:13: warning: ignoring old commands for target `/Users/ziangwang/Sources/vibeos/target/node-runtime/source/node-v24.14.0/out/Release/obj/gen/torque-generated/src/objects/heap-number-tq-csa.cc'
tools/v8_gypfiles/run_torque.target.mk:13: warning: overriding commands for target `/Users/ziangwang/Sources/vibeos/target/node-runtime/source/node-v24.14.0/out/Release/obj/gen/torque-generated/src/objects/heap-object-tq-csa.cc'
tools/v8_gypfiles/run_torque.host.mk:13: warning: ignoring old commands for target `/Users/ziangwang/Sources/vibeos/target/node-runtime/source/node-v24.14.0/out/Release/obj/gen/torque-generated/src/objects/heap-object-tq-csa.cc'
tools/v8_gypfiles/run_torque.target.mk:13: warning: overriding commands for target `/Users/ziangwang/Sources/vibeos/target/node-runtime/source/node-v24.14.0/out/Release/obj/gen/torque-generated/src/objects/js-array-buffer-tq-csa.cc'
tools/v8_gypfiles/run_torque.host.mk:13: warning: ignoring old commands for target `/Users/ziangwang/Sources/vibeos/target/node-runtime/source/node-v24.14.0/out/Release/obj/gen/torque-generated/src/objects/js-array-buffer-tq-csa.cc'
tools/v8_gypfiles/run_torque.target.mk:13: warning: overriding commands for target `/Users/ziangwang/Sources/vibeos/target/node-runtime/source/node-v24.14.0/out/Release/obj/gen/torque-generated/src/objects/js-array-tq-csa.cc'
tools/v8_gypfiles/run_torque.host.mk:13: warning: ignoring old commands for target `/Users/ziangwang/Sources/vibeos/target/node-runtime/source/node-v24.14.0/out/Release/obj/gen/torque-generated/src/objects/js-array-tq-csa.cc'
tools/v8_gypfiles/run_torque.target.mk:13: warning: overriding commands for target `/Users/ziangwang/Sources/vibeos/target/node-runtime/source/node-v24.14.0/out/Release/obj/gen/torque-generated/src/objects/js-atomics-synchronization-tq-csa.cc'
tools/v8_gypfiles/run_torque.host.mk:13: warning: ignoring old commands for target `/Users/ziangwang/Sources/vibeos/target/node-runtime/source/node-v24.14.0/out/Release/obj/gen/torque-generated/src/objects/js-atomics-synchronization-tq-csa.cc'
tools/v8_gypfiles/run_torque.target.mk:13: warning: overriding commands for target `/Users/ziangwang/Sources/vibeos/target/node-runtime/source/node-v24.14.0/out/Release/obj/gen/torque-generated/src/objects/js-collection-iterator-tq-csa.cc'
tools/v8_gypfiles/run_torque.host.mk:13: warning: ignoring old commands for target `/Users/ziangwang/Sources/vibeos/target/node-runtime/source/node-v24.14.0/out/Release/obj/gen/torque-generated/src/objects/js-collection-iterator-tq-csa.cc'
tools/v8_gypfiles/run_torque.target.mk:13: warning: overriding commands for target `/Users/ziangwang/Sources/vibeos/target/node-runtime/source/node-v24.14.0/out/Release/obj/gen/torque-generated/src/objects/js-collection-tq-csa.cc'
tools/v8_gypfiles/run_torque.host.mk:13: warning: ignoring old commands for target `/Users/ziangwang/Sources/vibeos/target/node-runtime/source/node-v24.14.0/out/Release/obj/gen/torque-generated/src/objects/js-collection-tq-csa.cc'
tools/v8_gypfiles/run_torque.target.mk:13: warning: overriding commands for target `/Users/ziangwang/Sources/vibeos/target/node-runtime/source/node-v24.14.0/out/Release/obj/gen/torque-generated/src/objects/js-disposable-stack-tq-csa.cc'
tools/v8_gypfiles/run_torque.host.mk:13: warning: ignoring old commands for target `/Users/ziangwang/Sources/vibeos/target/node-runtime/source/node-v24.14.0/out/Release/obj/gen/torque-generated/src/objects/js-disposable-stack-tq-csa.cc'
tools/v8_gypfiles/run_torque.target.mk:13: warning: overriding commands for target `/Users/ziangwang/Sources/vibeos/target/node-runtime/source/node-v24.14.0/out/Release/obj/gen/torque-generated/src/objects/js-function-tq-csa.cc'
tools/v8_gypfiles/run_torque.host.mk:13: warning: ignoring old commands for target `/Users/ziangwang/Sources/vibeos/target/node-runtime/source/node-v24.14.0/out/Release/obj/gen/torque-generated/src/objects/js-function-tq-csa.cc'
tools/v8_gypfiles/run_torque.target.mk:13: warning: overriding commands for target `/Users/ziangwang/Sources/vibeos/target/node-runtime/source/node-v24.14.0/out/Release/obj/gen/torque-generated/src/objects/js-generator-tq-csa.cc'
tools/v8_gypfiles/run_torque.host.mk:13: warning: ignoring old commands for target `/Users/ziangwang/Sources/vibeos/target/node-runtime/source/node-v24.14.0/out/Release/obj/gen/torque-generated/src/objects/js-generator-tq-csa.cc'
tools/v8_gypfiles/run_torque.target.mk:13: warning: overriding commands for target `/Users/ziangwang/Sources/vibeos/target/node-runtime/source/node-v24.14.0/out/Release/obj/gen/torque-generated/src/objects/js-iterator-helpers-tq-csa.cc'
tools/v8_gypfiles/run_torque.host.mk:13: warning: ignoring old commands for target `/Users/ziangwang/Sources/vibeos/target/node-runtime/source/node-v24.14.0/out/Release/obj/gen/torque-generated/src/objects/js-iterator-helpers-tq-csa.cc'
tools/v8_gypfiles/run_torque.target.mk:13: warning: overriding commands for target `/Users/ziangwang/Sources/vibeos/target/node-runtime/source/node-v24.14.0/out/Release/obj/gen/torque-generated/src/objects/js-objects-tq-csa.cc'
tools/v8_gypfiles/run_torque.host.mk:13: warning: ignoring old commands for target `/Users/ziangwang/Sources/vibeos/target/node-runtime/source/node-v24.14.0/out/Release/obj/gen/torque-generated/src/objects/js-objects-tq-csa.cc'
tools/v8_gypfiles/run_torque.target.mk:13: warning: overriding commands for target `/Users/ziangwang/Sources/vibeos/target/node-runtime/source/node-v24.14.0/out/Release/obj/gen/torque-generated/src/objects/js-promise-tq-csa.cc'
tools/v8_gypfiles/run_torque.host.mk:13: warning: ignoring old commands for target `/Users/ziangwang/Sources/vibeos/target/node-runtime/source/node-v24.14.0/out/Release/obj/gen/torque-generated/src/objects/js-promise-tq-csa.cc'
tools/v8_gypfiles/run_torque.target.mk:13: warning: overriding commands for target `/Users/ziangwang/Sources/vibeos/target/node-runtime/source/node-v24.14.0/out/Release/obj/gen/torque-generated/src/objects/js-proxy-tq-csa.cc'
tools/v8_gypfiles/run_torque.host.mk:13: warning: ignoring old commands for target `/Users/ziangwang/Sources/vibeos/target/node-runtime/source/node-v24.14.0/out/Release/obj/gen/torque-generated/src/objects/js-proxy-tq-csa.cc'
tools/v8_gypfiles/run_torque.target.mk:13: warning: overriding commands for target `/Users/ziangwang/Sources/vibeos/target/node-runtime/source/node-v24.14.0/out/Release/obj/gen/torque-generated/src/objects/js-raw-json-tq-csa.cc'
tools/v8_gypfiles/run_torque.host.mk:13: warning: ignoring old commands for target `/Users/ziangwang/Sources/vibeos/target/node-runtime/source/node-v24.14.0/out/Release/obj/gen/torque-generated/src/objects/js-raw-json-tq-csa.cc'
tools/v8_gypfiles/run_torque.target.mk:13: warning: overriding commands for target `/Users/ziangwang/Sources/vibeos/target/node-runtime/source/node-v24.14.0/out/Release/obj/gen/torque-generated/src/objects/js-regexp-string-iterator-tq-csa.cc'
tools/v8_gypfiles/run_torque.host.mk:13: warning: ignoring old commands for target `/Users/ziangwang/Sources/vibeos/target/node-runtime/source/node-v24.14.0/out/Release/obj/gen/torque-generated/src/objects/js-regexp-string-iterator-tq-csa.cc'
tools/v8_gypfiles/run_torque.target.mk:13: warning: overriding commands for target `/Users/ziangwang/Sources/vibeos/target/node-runtime/source/node-v24.14.0/out/Release/obj/gen/torque-generated/src/objects/js-regexp-tq-csa.cc'
tools/v8_gypfiles/run_torque.host.mk:13: warning: ignoring old commands for target `/Users/ziangwang/Sources/vibeos/target/node-runtime/source/node-v24.14.0/out/Release/obj/gen/torque-generated/src/objects/js-regexp-tq-csa.cc'
tools/v8_gypfiles/run_torque.target.mk:13: warning: overriding commands for target `/Users/ziangwang/Sources/vibeos/target/node-runtime/source/node-v24.14.0/out/Release/obj/gen/torque-generated/src/objects/js-shadow-realm-tq-csa.cc'
tools/v8_gypfiles/run_torque.host.mk:13: warning: ignoring old commands for target `/Users/ziangwang/Sources/vibeos/target/node-runtime/source/node-v24.14.0/out/Release/obj/gen/torque-generated/src/objects/js-shadow-realm-tq-csa.cc'
tools/v8_gypfiles/run_torque.target.mk:13: warning: overriding commands for target `/Users/ziangwang/Sources/vibeos/target/node-runtime/source/node-v24.14.0/out/Release/obj/gen/torque-generated/src/objects/js-shared-array-tq-csa.cc'
tools/v8_gypfiles/run_torque.host.mk:13: warning: ignoring old commands for target `/Users/ziangwang/Sources/vibeos/target/node-runtime/source/node-v24.14.0/out/Release/obj/gen/torque-generated/src/objects/js-shared-array-tq-csa.cc'
tools/v8_gypfiles/run_torque.target.mk:13: warning: overriding commands for target `/Users/ziangwang/Sources/vibeos/target/node-runtime/source/node-v24.14.0/out/Release/obj/gen/torque-generated/src/objects/js-struct-tq-csa.cc'
tools/v8_gypfiles/run_torque.host.mk:13: warning: ignoring old commands for target `/Users/ziangwang/Sources/vibeos/target/node-runtime/source/node-v24.14.0/out/Release/obj/gen/torque-generated/src/objects/js-struct-tq-csa.cc'
tools/v8_gypfiles/run_torque.target.mk:13: warning: overriding commands for target `/Users/ziangwang/Sources/vibeos/target/node-runtime/source/node-v24.14.0/out/Release/obj/gen/torque-generated/src/objects/js-temporal-objects-tq-csa.cc'
tools/v8_gypfiles/run_torque.host.mk:13: warning: ignoring old commands for target `/Users/ziangwang/Sources/vibeos/target/node-runtime/source/node-v24.14.0/out/Release/obj/gen/torque-generated/src/objects/js-temporal-objects-tq-csa.cc'
tools/v8_gypfiles/run_torque.target.mk:13: warning: overriding commands for target `/Users/ziangwang/Sources/vibeos/target/node-runtime/source/node-v24.14.0/out/Release/obj/gen/torque-generated/src/objects/js-weak-refs-tq-csa.cc'
tools/v8_gypfiles/run_torque.host.mk:13: warning: ignoring old commands for target `/Users/ziangwang/Sources/vibeos/target/node-runtime/source/node-v24.14.0/out/Release/obj/gen/torque-generated/src/objects/js-weak-refs-tq-csa.cc'
tools/v8_gypfiles/run_torque.target.mk:13: warning: overriding commands for target `/Users/ziangwang/Sources/vibeos/target/node-runtime/source/node-v24.14.0/out/Release/obj/gen/torque-generated/src/objects/literal-objects-tq-csa.cc'
tools/v8_gypfiles/run_torque.host.mk:13: warning: ignoring old commands for target `/Users/ziangwang/Sources/vibeos/target/node-runtime/source/node-v24.14.0/out/Release/obj/gen/torque-generated/src/objects/literal-objects-tq-csa.cc'
tools/v8_gypfiles/run_torque.target.mk:13: warning: overriding commands for target `/Users/ziangwang/Sources/vibeos/target/node-runtime/source/node-v24.14.0/out/Release/obj/gen/torque-generated/src/objects/map-tq-csa.cc'
tools/v8_gypfiles/run_torque.host.mk:13: warning: ignoring old commands for target `/Users/ziangwang/Sources/vibeos/target/node-runtime/source/node-v24.14.0/out/Release/obj/gen/torque-generated/src/objects/map-tq-csa.cc'
tools/v8_gypfiles/run_torque.target.mk:13: warning: overriding commands for target `/Users/ziangwang/Sources/vibeos/target/node-runtime/source/node-v24.14.0/out/Release/obj/gen/torque-generated/src/objects/megadom-handler-tq-csa.cc'
tools/v8_gypfiles/run_torque.host.mk:13: warning: ignoring old commands for target `/Users/ziangwang/Sources/vibeos/target/node-runtime/source/node-v24.14.0/out/Release/obj/gen/torque-generated/src/objects/megadom-handler-tq-csa.cc'
tools/v8_gypfiles/run_torque.target.mk:13: warning: overriding commands for target `/Users/ziangwang/Sources/vibeos/target/node-runtime/source/node-v24.14.0/out/Release/obj/gen/torque-generated/src/objects/microtask-tq-csa.cc'
tools/v8_gypfiles/run_torque.host.mk:13: warning: ignoring old commands for target `/Users/ziangwang/Sources/vibeos/target/node-runtime/source/node-v24.14.0/out/Release/obj/gen/torque-generated/src/objects/microtask-tq-csa.cc'
tools/v8_gypfiles/run_torque.target.mk:13: warning: overriding commands for target `/Users/ziangwang/Sources/vibeos/target/node-runtime/source/node-v24.14.0/out/Release/obj/gen/torque-generated/src/objects/module-tq-csa.cc'
tools/v8_gypfiles/run_torque.host.mk:13: warning: ignoring old commands for target `/Users/ziangwang/Sources/vibeos/target/node-runtime/source/node-v24.14.0/out/Release/obj/gen/torque-generated/src/objects/module-tq-csa.cc'
tools/v8_gypfiles/run_torque.target.mk:13: warning: overriding commands for target `/Users/ziangwang/Sources/vibeos/target/node-runtime/source/node-v24.14.0/out/Release/obj/gen/torque-generated/src/objects/name-tq-csa.cc'
tools/v8_gypfiles/run_torque.host.mk:13: warning: ignoring old commands for target `/Users/ziangwang/Sources/vibeos/target/node-runtime/source/node-v24.14.0/out/Release/obj/gen/torque-generated/src/objects/name-tq-csa.cc'
tools/v8_gypfiles/run_torque.target.mk:13: warning: overriding commands for target `/Users/ziangwang/Sources/vibeos/target/node-runtime/source/node-v24.14.0/out/Release/obj/gen/torque-generated/src/objects/oddball-tq-csa.cc'
tools/v8_gypfiles/run_torque.host.mk:13: warning: ignoring old commands for target `/Users/ziangwang/Sources/vibeos/target/node-runtime/source/node-v24.14.0/out/Release/obj/gen/torque-generated/src/objects/oddball-tq-csa.cc'
tools/v8_gypfiles/run_torque.target.mk:13: warning: overriding commands for target `/Users/ziangwang/Sources/vibeos/target/node-runtime/source/node-v24.14.0/out/Release/obj/gen/torque-generated/src/objects/hole-tq-csa.cc'
tools/v8_gypfiles/run_torque.host.mk:13: warning: ignoring old commands for target `/Users/ziangwang/Sources/vibeos/target/node-runtime/source/node-v24.14.0/out/Release/obj/gen/torque-generated/src/objects/hole-tq-csa.cc'
tools/v8_gypfiles/run_torque.target.mk:13: warning: overriding commands for target `/Users/ziangwang/Sources/vibeos/target/node-runtime/source/node-v24.14.0/out/Release/obj/gen/torque-generated/src/objects/trusted-object-tq-csa.cc'
tools/v8_gypfiles/run_torque.host.mk:13: warning: ignoring old commands for target `/Users/ziangwang/Sources/vibeos/target/node-runtime/source/node-v24.14.0/out/Release/obj/gen/torque-generated/src/objects/trusted-object-tq-csa.cc'
tools/v8_gypfiles/run_torque.target.mk:13: warning: overriding commands for target `/Users/ziangwang/Sources/vibeos/target/node-runtime/source/node-v24.14.0/out/Release/obj/gen/torque-generated/src/objects/ordered-hash-table-tq-csa.cc'
tools/v8_gypfiles/run_torque.host.mk:13: warning: ignoring old commands for target `/Users/ziangwang/Sources/vibeos/target/node-runtime/source/node-v24.14.0/out/Release/obj/gen/torque-generated/src/objects/ordered-hash-table-tq-csa.cc'
tools/v8_gypfiles/run_torque.target.mk:13: warning: overriding commands for target `/Users/ziangwang/Sources/vibeos/target/node-runtime/source/node-v24.14.0/out/Release/obj/gen/torque-generated/src/objects/primitive-heap-object-tq-csa.cc'
tools/v8_gypfiles/run_torque.host.mk:13: warning: ignoring old commands for target `/Users/ziangwang/Sources/vibeos/target/node-runtime/source/node-v24.14.0/out/Release/obj/gen/torque-generated/src/objects/primitive-heap-object-tq-csa.cc'
tools/v8_gypfiles/run_torque.target.mk:13: warning: overriding commands for target `/Users/ziangwang/Sources/vibeos/target/node-runtime/source/node-v24.14.0/out/Release/obj/gen/torque-generated/src/objects/promise-tq-csa.cc'
tools/v8_gypfiles/run_torque.host.mk:13: warning: ignoring old commands for target `/Users/ziangwang/Sources/vibeos/target/node-runtime/source/node-v24.14.0/out/Release/obj/gen/torque-generated/src/objects/promise-tq-csa.cc'
tools/v8_gypfiles/run_torque.target.mk:13: warning: overriding commands for target `/Users/ziangwang/Sources/vibeos/target/node-runtime/source/node-v24.14.0/out/Release/obj/gen/torque-generated/src/objects/property-array-tq-csa.cc'
tools/v8_gypfiles/run_torque.host.mk:13: warning: ignoring old commands for target `/Users/ziangwang/Sources/vibeos/target/node-runtime/source/node-v24.14.0/out/Release/obj/gen/torque-generated/src/objects/property-array-tq-csa.cc'
tools/v8_gypfiles/run_torque.target.mk:13: warning: overriding commands for target `/Users/ziangwang/Sources/vibeos/target/node-runtime/source/node-v24.14.0/out/Release/obj/gen/torque-generated/src/objects/property-cell-tq-csa.cc'
tools/v8_gypfiles/run_torque.host.mk:13: warning: ignoring old commands for target `/Users/ziangwang/Sources/vibeos/target/node-runtime/source/node-v24.14.0/out/Release/obj/gen/torque-generated/src/objects/property-cell-tq-csa.cc'
tools/v8_gypfiles/run_torque.target.mk:13: warning: overriding commands for target `/Users/ziangwang/Sources/vibeos/target/node-runtime/source/node-v24.14.0/out/Release/obj/gen/torque-generated/src/objects/property-descriptor-object-tq-csa.cc'
tools/v8_gypfiles/run_torque.host.mk:13: warning: ignoring old commands for target `/Users/ziangwang/Sources/vibeos/target/node-runtime/source/node-v24.14.0/out/Release/obj/gen/torque-generated/src/objects/property-descriptor-object-tq-csa.cc'
tools/v8_gypfiles/run_torque.target.mk:13: warning: overriding commands for target `/Users/ziangwang/Sources/vibeos/target/node-runtime/source/node-v24.14.0/out/Release/obj/gen/torque-generated/src/objects/prototype-info-tq-csa.cc'
tools/v8_gypfiles/run_torque.host.mk:13: warning: ignoring old commands for target `/Users/ziangwang/Sources/vibeos/target/node-runtime/source/node-v24.14.0/out/Release/obj/gen/torque-generated/src/objects/prototype-info-tq-csa.cc'
tools/v8_gypfiles/run_torque.target.mk:13: warning: overriding commands for target `/Users/ziangwang/Sources/vibeos/target/node-runtime/source/node-v24.14.0/out/Release/obj/gen/torque-generated/src/objects/regexp-match-info-tq-csa.cc'
tools/v8_gypfiles/run_torque.host.mk:13: warning: ignoring old commands for target `/Users/ziangwang/Sources/vibeos/target/node-runtime/source/node-v24.14.0/out/Release/obj/gen/torque-generated/src/objects/regexp-match-info-tq-csa.cc'
tools/v8_gypfiles/run_torque.target.mk:13: warning: overriding commands for target `/Users/ziangwang/Sources/vibeos/target/node-runtime/source/node-v24.14.0/out/Release/obj/gen/torque-generated/src/objects/scope-info-tq-csa.cc'
tools/v8_gypfiles/run_torque.host.mk:13: warning: ignoring old commands for target `/Users/ziangwang/Sources/vibeos/target/node-runtime/source/node-v24.14.0/out/Release/obj/gen/torque-generated/src/objects/scope-info-tq-csa.cc'
tools/v8_gypfiles/run_torque.target.mk:13: warning: overriding commands for target `/Users/ziangwang/Sources/vibeos/target/node-runtime/source/node-v24.14.0/out/Release/obj/gen/torque-generated/src/objects/script-tq-csa.cc'
tools/v8_gypfiles/run_torque.host.mk:13: warning: ignoring old commands for target `/Users/ziangwang/Sources/vibeos/target/node-runtime/source/node-v24.14.0/out/Release/obj/gen/torque-generated/src/objects/script-tq-csa.cc'
tools/v8_gypfiles/run_torque.target.mk:13: warning: overriding commands for target `/Users/ziangwang/Sources/vibeos/target/node-runtime/source/node-v24.14.0/out/Release/obj/gen/torque-generated/src/objects/shared-function-info-tq-csa.cc'
tools/v8_gypfiles/run_torque.host.mk:13: warning: ignoring old commands for target `/Users/ziangwang/Sources/vibeos/target/node-runtime/source/node-v24.14.0/out/Release/obj/gen/torque-generated/src/objects/shared-function-info-tq-csa.cc'
tools/v8_gypfiles/run_torque.target.mk:13: warning: overriding commands for target `/Users/ziangwang/Sources/vibeos/target/node-runtime/source/node-v24.14.0/out/Release/obj/gen/torque-generated/src/objects/source-text-module-tq-csa.cc'
tools/v8_gypfiles/run_torque.host.mk:13: warning: ignoring old commands for target `/Users/ziangwang/Sources/vibeos/target/node-runtime/source/node-v24.14.0/out/Release/obj/gen/torque-generated/src/objects/source-text-module-tq-csa.cc'
tools/v8_gypfiles/run_torque.target.mk:13: warning: overriding commands for target `/Users/ziangwang/Sources/vibeos/target/node-runtime/source/node-v24.14.0/out/Release/obj/gen/torque-generated/src/objects/string-tq-csa.cc'
tools/v8_gypfiles/run_torque.host.mk:13: warning: ignoring old commands for target `/Users/ziangwang/Sources/vibeos/target/node-runtime/source/node-v24.14.0/out/Release/obj/gen/torque-generated/src/objects/string-tq-csa.cc'
tools/v8_gypfiles/run_torque.target.mk:13: warning: overriding commands for target `/Users/ziangwang/Sources/vibeos/target/node-runtime/source/node-v24.14.0/out/Release/obj/gen/torque-generated/src/objects/struct-tq-csa.cc'
tools/v8_gypfiles/run_torque.host.mk:13: warning: ignoring old commands for target `/Users/ziangwang/Sources/vibeos/target/node-runtime/source/node-v24.14.0/out/Release/obj/gen/torque-generated/src/objects/struct-tq-csa.cc'
tools/v8_gypfiles/run_torque.target.mk:13: warning: overriding commands for target `/Users/ziangwang/Sources/vibeos/target/node-runtime/source/node-v24.14.0/out/Release/obj/gen/torque-generated/src/objects/swiss-hash-table-helpers-tq-csa.cc'
tools/v8_gypfiles/run_torque.host.mk:13: warning: ignoring old commands for target `/Users/ziangwang/Sources/vibeos/target/node-runtime/source/node-v24.14.0/out/Release/obj/gen/torque-generated/src/objects/swiss-hash-table-helpers-tq-csa.cc'
tools/v8_gypfiles/run_torque.target.mk:13: warning: overriding commands for target `/Users/ziangwang/Sources/vibeos/target/node-runtime/source/node-v24.14.0/out/Release/obj/gen/torque-generated/src/objects/swiss-name-dictionary-tq-csa.cc'
tools/v8_gypfiles/run_torque.host.mk:13: warning: ignoring old commands for target `/Users/ziangwang/Sources/vibeos/target/node-runtime/source/node-v24.14.0/out/Release/obj/gen/torque-generated/src/objects/swiss-name-dictionary-tq-csa.cc'
tools/v8_gypfiles/run_torque.target.mk:13: warning: overriding commands for target `/Users/ziangwang/Sources/vibeos/target/node-runtime/source/node-v24.14.0/out/Release/obj/gen/torque-generated/src/objects/synthetic-module-tq-csa.cc'
tools/v8_gypfiles/run_torque.host.mk:13: warning: ignoring old commands for target `/Users/ziangwang/Sources/vibeos/target/node-runtime/source/node-v24.14.0/out/Release/obj/gen/torque-generated/src/objects/synthetic-module-tq-csa.cc'
tools/v8_gypfiles/run_torque.target.mk:13: warning: overriding commands for target `/Users/ziangwang/Sources/vibeos/target/node-runtime/source/node-v24.14.0/out/Release/obj/gen/torque-generated/src/objects/template-objects-tq-csa.cc'
tools/v8_gypfiles/run_torque.host.mk:13: warning: ignoring old commands for target `/Users/ziangwang/Sources/vibeos/target/node-runtime/source/node-v24.14.0/out/Release/obj/gen/torque-generated/src/objects/template-objects-tq-csa.cc'
tools/v8_gypfiles/run_torque.target.mk:13: warning: overriding commands for target `/Users/ziangwang/Sources/vibeos/target/node-runtime/source/node-v24.14.0/out/Release/obj/gen/torque-generated/src/objects/templates-tq-csa.cc'
tools/v8_gypfiles/run_torque.host.mk:13: warning: ignoring old commands for target `/Users/ziangwang/Sources/vibeos/target/node-runtime/source/node-v24.14.0/out/Release/obj/gen/torque-generated/src/objects/templates-tq-csa.cc'
tools/v8_gypfiles/run_torque.target.mk:13: warning: overriding commands for target `/Users/ziangwang/Sources/vibeos/target/node-runtime/source/node-v24.14.0/out/Release/obj/gen/torque-generated/src/objects/torque-defined-classes-tq-csa.cc'
tools/v8_gypfiles/run_torque.host.mk:13: warning: ignoring old commands for target `/Users/ziangwang/Sources/vibeos/target/node-runtime/source/node-v24.14.0/out/Release/obj/gen/torque-generated/src/objects/torque-defined-classes-tq-csa.cc'
tools/v8_gypfiles/run_torque.target.mk:13: warning: overriding commands for target `/Users/ziangwang/Sources/vibeos/target/node-runtime/source/node-v24.14.0/out/Release/obj/gen/torque-generated/src/objects/turbofan-types-tq-csa.cc'
tools/v8_gypfiles/run_torque.host.mk:13: warning: ignoring old commands for target `/Users/ziangwang/Sources/vibeos/target/node-runtime/source/node-v24.14.0/out/Release/obj/gen/torque-generated/src/objects/turbofan-types-tq-csa.cc'
tools/v8_gypfiles/run_torque.target.mk:13: warning: overriding commands for target `/Users/ziangwang/Sources/vibeos/target/node-runtime/source/node-v24.14.0/out/Release/obj/gen/torque-generated/src/objects/turboshaft-types-tq-csa.cc'
tools/v8_gypfiles/run_torque.host.mk:13: warning: ignoring old commands for target `/Users/ziangwang/Sources/vibeos/target/node-runtime/source/node-v24.14.0/out/Release/obj/gen/torque-generated/src/objects/turboshaft-types-tq-csa.cc'
tools/v8_gypfiles/run_torque.target.mk:13: warning: overriding commands for target `/Users/ziangwang/Sources/vibeos/target/node-runtime/source/node-v24.14.0/out/Release/obj/gen/torque-generated/test/torque/test-torque-tq-csa.cc'
tools/v8_gypfiles/run_torque.host.mk:13: warning: ignoring old commands for target `/Users/ziangwang/Sources/vibeos/target/node-runtime/source/node-v24.14.0/out/Release/obj/gen/torque-generated/test/torque/test-torque-tq-csa.cc'
tools/v8_gypfiles/run_torque.target.mk:13: warning: overriding commands for target `/Users/ziangwang/Sources/vibeos/target/node-runtime/source/node-v24.14.0/out/Release/obj/gen/torque-generated/third_party/v8/builtins/array-sort-tq-csa.cc'
tools/v8_gypfiles/run_torque.host.mk:13: warning: ignoring old commands for target `/Users/ziangwang/Sources/vibeos/target/node-runtime/source/node-v24.14.0/out/Release/obj/gen/torque-generated/third_party/v8/builtins/array-sort-tq-csa.cc'
tools/v8_gypfiles/run_torque.target.mk:13: warning: overriding commands for target `/Users/ziangwang/Sources/vibeos/target/node-runtime/source/node-v24.14.0/out/Release/obj/gen/torque-generated/src/builtins/aggregate-error-tq-csa.h'
tools/v8_gypfiles/run_torque.host.mk:13: warning: ignoring old commands for target `/Users/ziangwang/Sources/vibeos/target/node-runtime/source/node-v24.14.0/out/Release/obj/gen/torque-generated/src/builtins/aggregate-error-tq-csa.h'
tools/v8_gypfiles/run_torque.target.mk:13: warning: overriding commands for target `/Users/ziangwang/Sources/vibeos/target/node-runtime/source/node-v24.14.0/out/Release/obj/gen/torque-generated/src/builtins/array-at-tq-csa.h'
tools/v8_gypfiles/run_torque.host.mk:13: warning: ignoring old commands for target `/Users/ziangwang/Sources/vibeos/target/node-runtime/source/node-v24.14.0/out/Release/obj/gen/torque-generated/src/builtins/array-at-tq-csa.h'
tools/v8_gypfiles/run_torque.target.mk:13: warning: overriding commands for target `/Users/ziangwang/Sources/vibeos/target/node-runtime/source/node-v24.14.0/out/Release/obj/gen/torque-generated/src/builtins/array-concat-tq-csa.h'
tools/v8_gypfiles/run_torque.host.mk:13: warning: ignoring old commands for target `/Users/ziangwang/Sources/vibeos/target/node-runtime/source/node-v24.14.0/out/Release/obj/gen/torque-generated/src/builtins/array-concat-tq-csa.h'
tools/v8_gypfiles/run_torque.target.mk:13: warning: overriding commands for target `/Users/ziangwang/Sources/vibeos/target/node-runtime/source/node-v24.14.0/out/Release/obj/gen/torque-generated/src/builtins/array-copywithin-tq-csa.h'
tools/v8_gypfiles/run_torque.host.mk:13: warning: ignoring old commands for target `/Users/ziangwang/Sources/vibeos/target/node-runtime/source/node-v24.14.0/out/Release/obj/gen/torque-generated/src/builtins/array-copywithin-tq-csa.h'
tools/v8_gypfiles/run_torque.target.mk:13: warning: overriding commands for target `/Users/ziangwang/Sources/vibeos/target/node-runtime/source/node-v24.14.0/out/Release/obj/gen/torque-generated/src/builtins/array-every-tq-csa.h'
tools/v8_gypfiles/run_torque.host.mk:13: warning: ignoring old commands for target `/Users/ziangwang/Sources/vibeos/target/node-runtime/source/node-v24.14.0/out/Release/obj/gen/torque-generated/src/builtins/array-every-tq-csa.h'
tools/v8_gypfiles/run_torque.target.mk:13: warning: overriding commands for target `/Users/ziangwang/Sources/vibeos/target/node-runtime/source/node-v24.14.0/out/Release/obj/gen/torque-generated/src/builtins/array-filter-tq-csa.h'
tools/v8_gypfiles/run_torque.host.mk:13: warning: ignoring old commands for target `/Users/ziangwang/Sources/vibeos/target/node-runtime/source/node-v24.14.0/out/Release/obj/gen/torque-generated/src/builtins/array-filter-tq-csa.h'
tools/v8_gypfiles/run_torque.target.mk:13: warning: overriding commands for target `/Users/ziangwang/Sources/vibeos/target/node-runtime/source/node-v24.14.0/out/Release/obj/gen/torque-generated/src/builtins/array-find-tq-csa.h'
tools/v8_gypfiles/run_torque.host.mk:13: warning: ignoring old commands for target `/Users/ziangwang/Sources/vibeos/target/node-runtime/source/node-v24.14.0/out/Release/obj/gen/torque-generated/src/builtins/array-find-tq-csa.h'
tools/v8_gypfiles/run_torque.target.mk:13: warning: overriding commands for target `/Users/ziangwang/Sources/vibeos/target/node-runtime/source/node-v24.14.0/out/Release/obj/gen/torque-generated/src/builtins/array-findindex-tq-csa.h'
tools/v8_gypfiles/run_torque.host.mk:13: warning: ignoring old commands for target `/Users/ziangwang/Sources/vibeos/target/node-runtime/source/node-v24.14.0/out/Release/obj/gen/torque-generated/src/builtins/array-findindex-tq-csa.h'
tools/v8_gypfiles/run_torque.target.mk:13: warning: overriding commands for target `/Users/ziangwang/Sources/vibeos/target/node-runtime/source/node-v24.14.0/out/Release/obj/gen/torque-generated/src/builtins/array-findlast-tq-csa.h'
tools/v8_gypfiles/run_torque.host.mk:13: warning: ignoring old commands for target `/Users/ziangwang/Sources/vibeos/target/node-runtime/source/node-v24.14.0/out/Release/obj/gen/torque-generated/src/builtins/array-findlast-tq-csa.h'
tools/v8_gypfiles/run_torque.target.mk:13: warning: overriding commands for target `/Users/ziangwang/Sources/vibeos/target/node-runtime/source/node-v24.14.0/out/Release/obj/gen/torque-generated/src/builtins/array-findlastindex-tq-csa.h'
tools/v8_gypfiles/run_torque.host.mk:13: warning: ignoring old commands for target `/Users/ziangwang/Sources/vibeos/target/node-runtime/source/node-v24.14.0/out/Release/obj/gen/torque-generated/src/builtins/array-findlastindex-tq-csa.h'
tools/v8_gypfiles/run_torque.target.mk:13: warning: overriding commands for target `/Users/ziangwang/Sources/vibeos/target/node-runtime/source/node-v24.14.0/out/Release/obj/gen/torque-generated/src/builtins/array-flat-tq-csa.h'
tools/v8_gypfiles/run_torque.host.mk:13: warning: ignoring old commands for target `/Users/ziangwang/Sources/vibeos/target/node-runtime/source/node-v24.14.0/out/Release/obj/gen/torque-generated/src/builtins/array-flat-tq-csa.h'
tools/v8_gypfiles/run_torque.target.mk:13: warning: overriding commands for target `/Users/ziangwang/Sources/vibeos/target/node-runtime/source/node-v24.14.0/out/Release/obj/gen/torque-generated/src/builtins/array-foreach-tq-csa.h'
tools/v8_gypfiles/run_torque.host.mk:13: warning: ignoring old commands for target `/Users/ziangwang/Sources/vibeos/target/node-runtime/source/node-v24.14.0/out/Release/obj/gen/torque-generated/src/builtins/array-foreach-tq-csa.h'
tools/v8_gypfiles/run_torque.target.mk:13: warning: overriding commands for target `/Users/ziangwang/Sources/vibeos/target/node-runtime/source/node-v24.14.0/out/Release/obj/gen/torque-generated/src/builtins/array-from-async-tq-csa.h'
tools/v8_gypfiles/run_torque.host.mk:13: warning: ignoring old commands for target `/Users/ziangwang/Sources/vibeos/target/node-runtime/source/node-v24.14.0/out/Release/obj/gen/torque-generated/src/builtins/array-from-async-tq-csa.h'
tools/v8_gypfiles/run_torque.target.mk:13: warning: overriding commands for target `/Users/ziangwang/Sources/vibeos/target/node-runtime/source/node-v24.14.0/out/Release/obj/gen/torque-generated/src/builtins/array-from-tq-csa.h'
tools/v8_gypfiles/run_torque.host.mk:13: warning: ignoring old commands for target `/Users/ziangwang/Sources/vibeos/target/node-runtime/source/node-v24.14.0/out/Release/obj/gen/torque-generated/src/builtins/array-from-tq-csa.h'
tools/v8_gypfiles/run_torque.target.mk:13: warning: overriding commands for target `/Users/ziangwang/Sources/vibeos/target/node-runtime/source/node-v24.14.0/out/Release/obj/gen/torque-generated/src/builtins/array-isarray-tq-csa.h'
tools/v8_gypfiles/run_torque.host.mk:13: warning: ignoring old commands for target `/Users/ziangwang/Sources/vibeos/target/node-runtime/source/node-v24.14.0/out/Release/obj/gen/torque-generated/src/builtins/array-isarray-tq-csa.h'
tools/v8_gypfiles/run_torque.target.mk:13: warning: overriding commands for target `/Users/ziangwang/Sources/vibeos/target/node-runtime/source/node-v24.14.0/out/Release/obj/gen/torque-generated/src/builtins/array-join-tq-csa.h'
tools/v8_gypfiles/run_torque.host.mk:13: warning: ignoring old commands for target `/Users/ziangwang/Sources/vibeos/target/node-runtime/source/node-v24.14.0/out/Release/obj/gen/torque-generated/src/builtins/array-join-tq-csa.h'
tools/v8_gypfiles/run_torque.target.mk:13: warning: overriding commands for target `/Users/ziangwang/Sources/vibeos/target/node-runtime/source/node-v24.14.0/out/Release/obj/gen/torque-generated/src/builtins/array-lastindexof-tq-csa.h'
tools/v8_gypfiles/run_torque.host.mk:13: warning: ignoring old commands for target `/Users/ziangwang/Sources/vibeos/target/node-runtime/source/node-v24.14.0/out/Release/obj/gen/torque-generated/src/builtins/array-lastindexof-tq-csa.h'
tools/v8_gypfiles/run_torque.target.mk:13: warning: overriding commands for target `/Users/ziangwang/Sources/vibeos/target/node-runtime/source/node-v24.14.0/out/Release/obj/gen/torque-generated/src/builtins/array-map-tq-csa.h'
tools/v8_gypfiles/run_torque.host.mk:13: warning: ignoring old commands for target `/Users/ziangwang/Sources/vibeos/target/node-runtime/source/node-v24.14.0/out/Release/obj/gen/torque-generated/src/builtins/array-map-tq-csa.h'
tools/v8_gypfiles/run_torque.target.mk:13: warning: overriding commands for target `/Users/ziangwang/Sources/vibeos/target/node-runtime/source/node-v24.14.0/out/Release/obj/gen/torque-generated/src/builtins/array-of-tq-csa.h'
tools/v8_gypfiles/run_torque.host.mk:13: warning: ignoring old commands for target `/Users/ziangwang/Sources/vibeos/target/node-runtime/source/node-v24.14.0/out/Release/obj/gen/torque-generated/src/builtins/array-of-tq-csa.h'
tools/v8_gypfiles/run_torque.target.mk:13: warning: overriding commands for target `/Users/ziangwang/Sources/vibeos/target/node-runtime/source/node-v24.14.0/out/Release/obj/gen/torque-generated/src/builtins/array-reduce-right-tq-csa.h'
tools/v8_gypfiles/run_torque.host.mk:13: warning: ignoring old commands for target `/Users/ziangwang/Sources/vibeos/target/node-runtime/source/node-v24.14.0/out/Release/obj/gen/torque-generated/src/builtins/array-reduce-right-tq-csa.h'
tools/v8_gypfiles/run_torque.target.mk:13: warning: overriding commands for target `/Users/ziangwang/Sources/vibeos/target/node-runtime/source/node-v24.14.0/out/Release/obj/gen/torque-generated/src/builtins/array-reduce-tq-csa.h'
tools/v8_gypfiles/run_torque.host.mk:13: warning: ignoring old commands for target `/Users/ziangwang/Sources/vibeos/target/node-runtime/source/node-v24.14.0/out/Release/obj/gen/torque-generated/src/builtins/array-reduce-tq-csa.h'
tools/v8_gypfiles/run_torque.target.mk:13: warning: overriding commands for target `/Users/ziangwang/Sources/vibeos/target/node-runtime/source/node-v24.14.0/out/Release/obj/gen/torque-generated/src/builtins/array-reverse-tq-csa.h'
tools/v8_gypfiles/run_torque.host.mk:13: warning: ignoring old commands for target `/Users/ziangwang/Sources/vibeos/target/node-runtime/source/node-v24.14.0/out/Release/obj/gen/torque-generated/src/builtins/array-reverse-tq-csa.h'
tools/v8_gypfiles/run_torque.target.mk:13: warning: overriding commands for target `/Users/ziangwang/Sources/vibeos/target/node-runtime/source/node-v24.14.0/out/Release/obj/gen/torque-generated/src/builtins/array-shift-tq-csa.h'
tools/v8_gypfiles/run_torque.host.mk:13: warning: ignoring old commands for target `/Users/ziangwang/Sources/vibeos/target/node-runtime/source/node-v24.14.0/out/Release/obj/gen/torque-generated/src/builtins/array-shift-tq-csa.h'
tools/v8_gypfiles/run_torque.target.mk:13: warning: overriding commands for target `/Users/ziangwang/Sources/vibeos/target/node-runtime/source/node-v24.14.0/out/Release/obj/gen/torque-generated/src/builtins/array-slice-tq-csa.h'
tools/v8_gypfiles/run_torque.host.mk:13: warning: ignoring old commands for target `/Users/ziangwang/Sources/vibeos/target/node-runtime/source/node-v24.14.0/out/Release/obj/gen/torque-generated/src/builtins/array-slice-tq-csa.h'
tools/v8_gypfiles/run_torque.target.mk:13: warning: overriding commands for target `/Users/ziangwang/Sources/vibeos/target/node-runtime/source/node-v24.14.0/out/Release/obj/gen/torque-generated/src/builtins/array-some-tq-csa.h'
tools/v8_gypfiles/run_torque.host.mk:13: warning: ignoring old commands for target `/Users/ziangwang/Sources/vibeos/target/node-runtime/source/node-v24.14.0/out/Release/obj/gen/torque-generated/src/builtins/array-some-tq-csa.h'
tools/v8_gypfiles/run_torque.target.mk:13: warning: overriding commands for target `/Users/ziangwang/Sources/vibeos/target/node-runtime/source/node-v24.14.0/out/Release/obj/gen/torque-generated/src/builtins/array-splice-tq-csa.h'
tools/v8_gypfiles/run_torque.host.mk:13: warning: ignoring old commands for target `/Users/ziangwang/Sources/vibeos/target/node-runtime/source/node-v24.14.0/out/Release/obj/gen/torque-generated/src/builtins/array-splice-tq-csa.h'
tools/v8_gypfiles/run_torque.target.mk:13: warning: overriding commands for target `/Users/ziangwang/Sources/vibeos/target/node-runtime/source/node-v24.14.0/out/Release/obj/gen/torque-generated/src/builtins/array-to-reversed-tq-csa.h'
tools/v8_gypfiles/run_torque.host.mk:13: warning: ignoring old commands for target `/Users/ziangwang/Sources/vibeos/target/node-runtime/source/node-v24.14.0/out/Release/obj/gen/torque-generated/src/builtins/array-to-reversed-tq-csa.h'
tools/v8_gypfiles/run_torque.target.mk:13: warning: overriding commands for target `/Users/ziangwang/Sources/vibeos/target/node-runtime/source/node-v24.14.0/out/Release/obj/gen/torque-generated/src/builtins/array-to-sorted-tq-csa.h'
tools/v8_gypfiles/run_torque.host.mk:13: warning: ignoring old commands for target `/Users/ziangwang/Sources/vibeos/target/node-runtime/source/node-v24.14.0/out/Release/obj/gen/torque-generated/src/builtins/array-to-sorted-tq-csa.h'
tools/v8_gypfiles/run_torque.target.mk:13: warning: overriding commands for target `/Users/ziangwang/Sources/vibeos/target/node-runtime/source/node-v24.14.0/out/Release/obj/gen/torque-generated/src/builtins/array-to-spliced-tq-csa.h'
tools/v8_gypfiles/run_torque.host.mk:13: warning: ignoring old commands for target `/Users/ziangwang/Sources/vibeos/target/node-runtime/source/node-v24.14.0/out/Release/obj/gen/torque-generated/src/builtins/array-to-spliced-tq-csa.h'
tools/v8_gypfiles/run_torque.target.mk:13: warning: overriding commands for target `/Users/ziangwang/Sources/vibeos/target/node-runtime/source/node-v24.14.0/out/Release/obj/gen/torque-generated/src/builtins/array-unshift-tq-csa.h'
tools/v8_gypfiles/run_torque.host.mk:13: warning: ignoring old commands for target `/Users/ziangwang/Sources/vibeos/target/node-runtime/source/node-v24.14.0/out/Release/obj/gen/torque-generated/src/builtins/array-unshift-tq-csa.h'
tools/v8_gypfiles/run_torque.target.mk:13: warning: overriding commands for target `/Users/ziangwang/Sources/vibeos/target/node-runtime/source/node-v24.14.0/out/Release/obj/gen/torque-generated/src/builtins/array-with-tq-csa.h'
tools/v8_gypfiles/run_torque.host.mk:13: warning: ignoring old commands for target `/Users/ziangwang/Sources/vibeos/target/node-runtime/source/node-v24.14.0/out/Release/obj/gen/torque-generated/src/builtins/array-with-tq-csa.h'
tools/v8_gypfiles/run_torque.target.mk:13: warning: overriding commands for target `/Users/ziangwang/Sources/vibeos/target/node-runtime/source/node-v24.14.0/out/Release/obj/gen/torque-generated/src/builtins/array-tq-csa.h'
tools/v8_gypfiles/run_torque.host.mk:13: warning: ignoring old commands for target `/Users/ziangwang/Sources/vibeos/target/node-runtime/source/node-v24.14.0/out/Release/obj/gen/torque-generated/src/builtins/array-tq-csa.h'
tools/v8_gypfiles/run_torque.target.mk:13: warning: overriding commands for target `/Users/ziangwang/Sources/vibeos/target/node-runtime/source/node-v24.14.0/out/Release/obj/gen/torque-generated/src/builtins/arraybuffer-tq-csa.h'
tools/v8_gypfiles/run_torque.host.mk:13: warning: ignoring old commands for target `/Users/ziangwang/Sources/vibeos/target/node-runtime/source/node-v24.14.0/out/Release/obj/gen/torque-generated/src/builtins/arraybuffer-tq-csa.h'
tools/v8_gypfiles/run_torque.target.mk:13: warning: overriding commands for target `/Users/ziangwang/Sources/vibeos/target/node-runtime/source/node-v24.14.0/out/Release/obj/gen/torque-generated/src/builtins/base-tq-csa.h'
tools/v8_gypfiles/run_torque.host.mk:13: warning: ignoring old commands for target `/Users/ziangwang/Sources/vibeos/target/node-runtime/source/node-v24.14.0/out/Release/obj/gen/torque-generated/src/builtins/base-tq-csa.h'
tools/v8_gypfiles/run_torque.target.mk:13: warning: overriding commands for target `/Users/ziangwang/Sources/vibeos/target/node-runtime/source/node-v24.14.0/out/Release/obj/gen/torque-generated/src/builtins/boolean-tq-csa.h'
tools/v8_gypfiles/run_torque.host.mk:13: warning: ignoring old commands for target `/Users/ziangwang/Sources/vibeos/target/node-runtime/source/node-v24.14.0/out/Release/obj/gen/torque-generated/src/builtins/boolean-tq-csa.h'
tools/v8_gypfiles/run_torque.target.mk:13: warning: overriding commands for target `/Users/ziangwang/Sources/vibeos/target/node-runtime/source/node-v24.14.0/out/Release/obj/gen/torque-generated/src/builtins/builtins-bigint-tq-csa.h'
tools/v8_gypfiles/run_torque.host.mk:13: warning: ignoring old commands for target `/Users/ziangwang/Sources/vibeos/target/node-runtime/source/node-v24.14.0/out/Release/obj/gen/torque-generated/src/builtins/builtins-bigint-tq-csa.h'
tools/v8_gypfiles/run_torque.target.mk:13: warning: overriding commands for target `/Users/ziangwang/Sources/vibeos/target/node-runtime/source/node-v24.14.0/out/Release/obj/gen/torque-generated/src/builtins/builtins-string-tq-csa.h'
tools/v8_gypfiles/run_torque.host.mk:13: warning: ignoring old commands for target `/Users/ziangwang/Sources/vibeos/target/node-runtime/source/node-v24.14.0/out/Release/obj/gen/torque-generated/src/builtins/builtins-string-tq-csa.h'
tools/v8_gypfiles/run_torque.target.mk:13: warning: overriding commands for target `/Users/ziangwang/Sources/vibeos/target/node-runtime/source/node-v24.14.0/out/Release/obj/gen/torque-generated/src/builtins/cast-tq-csa.h'
tools/v8_gypfiles/run_torque.host.mk:13: warning: ignoring old commands for target `/Users/ziangwang/Sources/vibeos/target/node-runtime/source/node-v24.14.0/out/Release/obj/gen/torque-generated/src/builtins/cast-tq-csa.h'
tools/v8_gypfiles/run_torque.target.mk:13: warning: overriding commands for target `/Users/ziangwang/Sources/vibeos/target/node-runtime/source/node-v24.14.0/out/Release/obj/gen/torque-generated/src/builtins/collections-tq-csa.h'
tools/v8_gypfiles/run_torque.host.mk:13: warning: ignoring old commands for target `/Users/ziangwang/Sources/vibeos/target/node-runtime/source/node-v24.14.0/out/Release/obj/gen/torque-generated/src/builtins/collections-tq-csa.h'
tools/v8_gypfiles/run_torque.target.mk:13: warning: overriding commands for target `/Users/ziangwang/Sources/vibeos/target/node-runtime/source/node-v24.14.0/out/Release/obj/gen/torque-generated/src/builtins/constructor-tq-csa.h'
tools/v8_gypfiles/run_torque.host.mk:13: warning: ignoring old commands for target `/Users/ziangwang/Sources/vibeos/target/node-runtime/source/node-v24.14.0/out/Release/obj/gen/torque-generated/src/builtins/constructor-tq-csa.h'
tools/v8_gypfiles/run_torque.target.mk:13: warning: overriding commands for target `/Users/ziangwang/Sources/vibeos/target/node-runtime/source/node-v24.14.0/out/Release/obj/gen/torque-generated/src/builtins/conversion-tq-csa.h'
tools/v8_gypfiles/run_torque.host.mk:13: warning: ignoring old commands for target `/Users/ziangwang/Sources/vibeos/target/node-runtime/source/node-v24.14.0/out/Release/obj/gen/torque-generated/src/builtins/conversion-tq-csa.h'
tools/v8_gypfiles/run_torque.target.mk:13: warning: overriding commands for target `/Users/ziangwang/Sources/vibeos/target/node-runtime/source/node-v24.14.0/out/Release/obj/gen/torque-generated/src/builtins/convert-tq-csa.h'
tools/v8_gypfiles/run_torque.host.mk:13: warning: ignoring old commands for target `/Users/ziangwang/Sources/vibeos/target/node-runtime/source/node-v24.14.0/out/Release/obj/gen/torque-generated/src/builtins/convert-tq-csa.h'
tools/v8_gypfiles/run_torque.target.mk:13: warning: overriding commands for target `/Users/ziangwang/Sources/vibeos/target/node-runtime/source/node-v24.14.0/out/Release/obj/gen/torque-generated/src/builtins/console-tq-csa.h'
tools/v8_gypfiles/run_torque.host.mk:13: warning: ignoring old commands for target `/Users/ziangwang/Sources/vibeos/target/node-runtime/source/node-v24.14.0/out/Release/obj/gen/torque-generated/src/builtins/console-tq-csa.h'
tools/v8_gypfiles/run_torque.target.mk:13: warning: overriding commands for target `/Users/ziangwang/Sources/vibeos/target/node-runtime/source/node-v24.14.0/out/Release/obj/gen/torque-generated/src/builtins/data-view-tq-csa.h'
tools/v8_gypfiles/run_torque.host.mk:13: warning: ignoring old commands for target `/Users/ziangwang/Sources/vibeos/target/node-runtime/source/node-v24.14.0/out/Release/obj/gen/torque-generated/src/builtins/data-view-tq-csa.h'
tools/v8_gypfiles/run_torque.target.mk:13: warning: overriding commands for target `/Users/ziangwang/Sources/vibeos/target/node-runtime/source/node-v24.14.0/out/Release/obj/gen/torque-generated/src/builtins/finalization-registry-tq-csa.h'
tools/v8_gypfiles/run_torque.host.mk:13: warning: ignoring old commands for target `/Users/ziangwang/Sources/vibeos/target/node-runtime/source/node-v24.14.0/out/Release/obj/gen/torque-generated/src/builtins/finalization-registry-tq-csa.h'
tools/v8_gypfiles/run_torque.target.mk:13: warning: overriding commands for target `/Users/ziangwang/Sources/vibeos/target/node-runtime/source/node-v24.14.0/out/Release/obj/gen/torque-generated/src/builtins/frames-tq-csa.h'
tools/v8_gypfiles/run_torque.host.mk:13: warning: ignoring old commands for target `/Users/ziangwang/Sources/vibeos/target/node-runtime/source/node-v24.14.0/out/Release/obj/gen/torque-generated/src/builtins/frames-tq-csa.h'
tools/v8_gypfiles/run_torque.target.mk:13: warning: overriding commands for target `/Users/ziangwang/Sources/vibeos/target/node-runtime/source/node-v24.14.0/out/Release/obj/gen/torque-generated/src/builtins/frame-arguments-tq-csa.h'
tools/v8_gypfiles/run_torque.host.mk:13: warning: ignoring old commands for target `/Users/ziangwang/Sources/vibeos/target/node-runtime/source/node-v24.14.0/out/Release/obj/gen/torque-generated/src/builtins/frame-arguments-tq-csa.h'
tools/v8_gypfiles/run_torque.target.mk:13: warning: overriding commands for target `/Users/ziangwang/Sources/vibeos/target/node-runtime/source/node-v24.14.0/out/Release/obj/gen/torque-generated/src/builtins/function-tq-csa.h'
tools/v8_gypfiles/run_torque.host.mk:13: warning: ignoring old commands for target `/Users/ziangwang/Sources/vibeos/target/node-runtime/source/node-v24.14.0/out/Release/obj/gen/torque-generated/src/builtins/function-tq-csa.h'
tools/v8_gypfiles/run_torque.target.mk:13: warning: overriding commands for target `/Users/ziangwang/Sources/vibeos/target/node-runtime/source/node-v24.14.0/out/Release/obj/gen/torque-generated/src/builtins/growable-fixed-array-tq-csa.h'
tools/v8_gypfiles/run_torque.host.mk:13: warning: ignoring old commands for target `/Users/ziangwang/Sources/vibeos/target/node-runtime/source/node-v24.14.0/out/Release/obj/gen/torque-generated/src/builtins/growable-fixed-array-tq-csa.h'
tools/v8_gypfiles/run_torque.target.mk:13: warning: overriding commands for target `/Users/ziangwang/Sources/vibeos/target/node-runtime/source/node-v24.14.0/out/Release/obj/gen/torque-generated/src/builtins/ic-callable-tq-csa.h'
tools/v8_gypfiles/run_torque.host.mk:13: warning: ignoring old commands for target `/Users/ziangwang/Sources/vibeos/target/node-runtime/source/node-v24.14.0/out/Release/obj/gen/torque-generated/src/builtins/ic-callable-tq-csa.h'
tools/v8_gypfiles/run_torque.target.mk:13: warning: overriding commands for target `/Users/ziangwang/Sources/vibeos/target/node-runtime/source/node-v24.14.0/out/Release/obj/gen/torque-generated/src/builtins/ic-tq-csa.h'
tools/v8_gypfiles/run_torque.host.mk:13: warning: ignoring old commands for target `/Users/ziangwang/Sources/vibeos/target/node-runtime/source/node-v24.14.0/out/Release/obj/gen/torque-generated/src/builtins/ic-tq-csa.h'
tools/v8_gypfiles/run_torque.target.mk:13: warning: overriding commands for target `/Users/ziangwang/Sources/vibeos/target/node-runtime/source/node-v24.14.0/out/Release/obj/gen/torque-generated/src/builtins/internal-coverage-tq-csa.h'
tools/v8_gypfiles/run_torque.host.mk:13: warning: ignoring old commands for target `/Users/ziangwang/Sources/vibeos/target/node-runtime/source/node-v24.14.0/out/Release/obj/gen/torque-generated/src/builtins/internal-coverage-tq-csa.h'
tools/v8_gypfiles/run_torque.target.mk:13: warning: overriding commands for target `/Users/ziangwang/Sources/vibeos/target/node-runtime/source/node-v24.14.0/out/Release/obj/gen/torque-generated/src/builtins/internal-tq-csa.h'
tools/v8_gypfiles/run_torque.host.mk:13: warning: ignoring old commands for target `/Users/ziangwang/Sources/vibeos/target/node-runtime/source/node-v24.14.0/out/Release/obj/gen/torque-generated/src/builtins/internal-tq-csa.h'
tools/v8_gypfiles/run_torque.target.mk:13: warning: overriding commands for target `/Users/ziangwang/Sources/vibeos/target/node-runtime/source/node-v24.14.0/out/Release/obj/gen/torque-generated/src/builtins/iterator-tq-csa.h'
tools/v8_gypfiles/run_torque.host.mk:13: warning: ignoring old commands for target `/Users/ziangwang/Sources/vibeos/target/node-runtime/source/node-v24.14.0/out/Release/obj/gen/torque-generated/src/builtins/iterator-tq-csa.h'
tools/v8_gypfiles/run_torque.target.mk:13: warning: overriding commands for target `/Users/ziangwang/Sources/vibeos/target/node-runtime/source/node-v24.14.0/out/Release/obj/gen/torque-generated/src/builtins/iterator-from-tq-csa.h'
tools/v8_gypfiles/run_torque.host.mk:13: warning: ignoring old commands for target `/Users/ziangwang/Sources/vibeos/target/node-runtime/source/node-v24.14.0/out/Release/obj/gen/torque-generated/src/builtins/iterator-from-tq-csa.h'
tools/v8_gypfiles/run_torque.target.mk:13: warning: overriding commands for target `/Users/ziangwang/Sources/vibeos/target/node-runtime/source/node-v24.14.0/out/Release/obj/gen/torque-generated/src/builtins/iterator-helpers-tq-csa.h'
tools/v8_gypfiles/run_torque.host.mk:13: warning: ignoring old commands for target `/Users/ziangwang/Sources/vibeos/target/node-runtime/source/node-v24.14.0/out/Release/obj/gen/torque-generated/src/builtins/iterator-helpers-tq-csa.h'
tools/v8_gypfiles/run_torque.target.mk:13: warning: overriding commands for target `/Users/ziangwang/Sources/vibeos/target/node-runtime/source/node-v24.14.0/out/Release/obj/gen/torque-generated/src/builtins/map-groupby-tq-csa.h'
tools/v8_gypfiles/run_torque.host.mk:13: warning: ignoring old commands for target `/Users/ziangwang/Sources/vibeos/target/node-runtime/source/node-v24.14.0/out/Release/obj/gen/torque-generated/src/builtins/map-groupby-tq-csa.h'
tools/v8_gypfiles/run_torque.target.mk:13: warning: overriding commands for target `/Users/ziangwang/Sources/vibeos/target/node-runtime/source/node-v24.14.0/out/Release/obj/gen/torque-generated/src/builtins/math-tq-csa.h'
tools/v8_gypfiles/run_torque.host.mk:13: warning: ignoring old commands for target `/Users/ziangwang/Sources/vibeos/target/node-runtime/source/node-v24.14.0/out/Release/obj/gen/torque-generated/src/builtins/math-tq-csa.h'
tools/v8_gypfiles/run_torque.target.mk:13: warning: overriding commands for target `/Users/ziangwang/Sources/vibeos/target/node-runtime/source/node-v24.14.0/out/Release/obj/gen/torque-generated/src/builtins/number-tq-csa.h'
tools/v8_gypfiles/run_torque.host.mk:13: warning: ignoring old commands for target `/Users/ziangwang/Sources/vibeos/target/node-runtime/source/node-v24.14.0/out/Release/obj/gen/torque-generated/src/builtins/number-tq-csa.h'
tools/v8_gypfiles/run_torque.target.mk:13: warning: overriding commands for target `/Users/ziangwang/Sources/vibeos/target/node-runtime/source/node-v24.14.0/out/Release/obj/gen/torque-generated/src/builtins/object-fromentries-tq-csa.h'
tools/v8_gypfiles/run_torque.host.mk:13: warning: ignoring old commands for target `/Users/ziangwang/Sources/vibeos/target/node-runtime/source/node-v24.14.0/out/Release/obj/gen/torque-generated/src/builtins/object-fromentries-tq-csa.h'
tools/v8_gypfiles/run_torque.target.mk:13: warning: overriding commands for target `/Users/ziangwang/Sources/vibeos/target/node-runtime/source/node-v24.14.0/out/Release/obj/gen/torque-generated/src/builtins/object-groupby-tq-csa.h'
tools/v8_gypfiles/run_torque.host.mk:13: warning: ignoring old commands for target `/Users/ziangwang/Sources/vibeos/target/node-runtime/source/node-v24.14.0/out/Release/obj/gen/torque-generated/src/builtins/object-groupby-tq-csa.h'
tools/v8_gypfiles/run_torque.target.mk:13: warning: overriding commands for target `/Users/ziangwang/Sources/vibeos/target/node-runtime/source/node-v24.14.0/out/Release/obj/gen/torque-generated/src/builtins/object-tq-csa.h'
tools/v8_gypfiles/run_torque.host.mk:13: warning: ignoring old commands for target `/Users/ziangwang/Sources/vibeos/target/node-runtime/source/node-v24.14.0/out/Release/obj/gen/torque-generated/src/builtins/object-tq-csa.h'
tools/v8_gypfiles/run_torque.target.mk:13: warning: overriding commands for target `/Users/ziangwang/Sources/vibeos/target/node-runtime/source/node-v24.14.0/out/Release/obj/gen/torque-generated/src/builtins/promise-abstract-operations-tq-csa.h'
tools/v8_gypfiles/run_torque.host.mk:13: warning: ignoring old commands for target `/Users/ziangwang/Sources/vibeos/target/node-runtime/source/node-v24.14.0/out/Release/obj/gen/torque-generated/src/builtins/promise-abstract-operations-tq-csa.h'
tools/v8_gypfiles/run_torque.target.mk:13: warning: overriding commands for target `/Users/ziangwang/Sources/vibeos/target/node-runtime/source/node-v24.14.0/out/Release/obj/gen/torque-generated/src/builtins/promise-all-tq-csa.h'
tools/v8_gypfiles/run_torque.host.mk:13: warning: ignoring old commands for target `/Users/ziangwang/Sources/vibeos/target/node-runtime/source/node-v24.14.0/out/Release/obj/gen/torque-generated/src/builtins/promise-all-tq-csa.h'
tools/v8_gypfiles/run_torque.target.mk:13: warning: overriding commands for target `/Users/ziangwang/Sources/vibeos/target/node-runtime/source/node-v24.14.0/out/Release/obj/gen/torque-generated/src/builtins/promise-all-element-closure-tq-csa.h'
tools/v8_gypfiles/run_torque.host.mk:13: warning: ignoring old commands for target `/Users/ziangwang/Sources/vibeos/target/node-runtime/source/node-v24.14.0/out/Release/obj/gen/torque-generated/src/builtins/promise-all-element-closure-tq-csa.h'
tools/v8_gypfiles/run_torque.target.mk:13: warning: overriding commands for target `/Users/ziangwang/Sources/vibeos/target/node-runtime/source/node-v24.14.0/out/Release/obj/gen/torque-generated/src/builtins/promise-any-tq-csa.h'
tools/v8_gypfiles/run_torque.host.mk:13: warning: ignoring old commands for target `/Users/ziangwang/Sources/vibeos/target/node-runtime/source/node-v24.14.0/out/Release/obj/gen/torque-generated/src/builtins/promise-any-tq-csa.h'
tools/v8_gypfiles/run_torque.target.mk:13: warning: overriding commands for target `/Users/ziangwang/Sources/vibeos/target/node-runtime/source/node-v24.14.0/out/Release/obj/gen/torque-generated/src/builtins/promise-constructor-tq-csa.h'
tools/v8_gypfiles/run_torque.host.mk:13: warning: ignoring old commands for target `/Users/ziangwang/Sources/vibeos/target/node-runtime/source/node-v24.14.0/out/Release/obj/gen/torque-generated/src/builtins/promise-constructor-tq-csa.h'
tools/v8_gypfiles/run_torque.target.mk:13: warning: overriding commands for target `/Users/ziangwang/Sources/vibeos/target/node-runtime/source/node-v24.14.0/out/Release/obj/gen/torque-generated/src/builtins/promise-finally-tq-csa.h'
tools/v8_gypfiles/run_torque.host.mk:13: warning: ignoring old commands for target `/Users/ziangwang/Sources/vibeos/target/node-runtime/source/node-v24.14.0/out/Release/obj/gen/torque-generated/src/builtins/promise-finally-tq-csa.h'
tools/v8_gypfiles/run_torque.target.mk:13: warning: overriding commands for target `/Users/ziangwang/Sources/vibeos/target/node-runtime/source/node-v24.14.0/out/Release/obj/gen/torque-generated/src/builtins/promise-jobs-tq-csa.h'
tools/v8_gypfiles/run_torque.host.mk:13: warning: ignoring old commands for target `/Users/ziangwang/Sources/vibeos/target/node-runtime/source/node-v24.14.0/out/Release/obj/gen/torque-generated/src/builtins/promise-jobs-tq-csa.h'
tools/v8_gypfiles/run_torque.target.mk:13: warning: overriding commands for target `/Users/ziangwang/Sources/vibeos/target/node-runtime/source/node-v24.14.0/out/Release/obj/gen/torque-generated/src/builtins/promise-misc-tq-csa.h'
tools/v8_gypfiles/run_torque.host.mk:13: warning: ignoring old commands for target `/Users/ziangwang/Sources/vibeos/target/node-runtime/source/node-v24.14.0/out/Release/obj/gen/torque-generated/src/builtins/promise-misc-tq-csa.h'
tools/v8_gypfiles/run_torque.target.mk:13: warning: overriding commands for target `/Users/ziangwang/Sources/vibeos/target/node-runtime/source/node-v24.14.0/out/Release/obj/gen/torque-generated/src/builtins/promise-race-tq-csa.h'
tools/v8_gypfiles/run_torque.host.mk:13: warning: ignoring old commands for target `/Users/ziangwang/Sources/vibeos/target/node-runtime/source/node-v24.14.0/out/Release/obj/gen/torque-generated/src/builtins/promise-race-tq-csa.h'
tools/v8_gypfiles/run_torque.target.mk:13: warning: overriding commands for target `/Users/ziangwang/Sources/vibeos/target/node-runtime/source/node-v24.14.0/out/Release/obj/gen/torque-generated/src/builtins/promise-reaction-job-tq-csa.h'
tools/v8_gypfiles/run_torque.host.mk:13: warning: ignoring old commands for target `/Users/ziangwang/Sources/vibeos/target/node-runtime/source/node-v24.14.0/out/Release/obj/gen/torque-generated/src/builtins/promise-reaction-job-tq-csa.h'
tools/v8_gypfiles/run_torque.target.mk:13: warning: overriding commands for target `/Users/ziangwang/Sources/vibeos/target/node-runtime/source/node-v24.14.0/out/Release/obj/gen/torque-generated/src/builtins/promise-resolve-tq-csa.h'
tools/v8_gypfiles/run_torque.host.mk:13: warning: ignoring old commands for target `/Users/ziangwang/Sources/vibeos/target/node-runtime/source/node-v24.14.0/out/Release/obj/gen/torque-generated/src/builtins/promise-resolve-tq-csa.h'
tools/v8_gypfiles/run_torque.target.mk:13: warning: overriding commands for target `/Users/ziangwang/Sources/vibeos/target/node-runtime/source/node-v24.14.0/out/Release/obj/gen/torque-generated/src/builtins/promise-then-tq-csa.h'
tools/v8_gypfiles/run_torque.host.mk:13: warning: ignoring old commands for target `/Users/ziangwang/Sources/vibeos/target/node-runtime/source/node-v24.14.0/out/Release/obj/gen/torque-generated/src/builtins/promise-then-tq-csa.h'
tools/v8_gypfiles/run_torque.target.mk:13: warning: overriding commands for target `/Users/ziangwang/Sources/vibeos/target/node-runtime/source/node-v24.14.0/out/Release/obj/gen/torque-generated/src/builtins/promise-try-tq-csa.h'
tools/v8_gypfiles/run_torque.host.mk:13: warning: ignoring old commands for target `/Users/ziangwang/Sources/vibeos/target/node-runtime/source/node-v24.14.0/out/Release/obj/gen/torque-generated/src/builtins/promise-try-tq-csa.h'
tools/v8_gypfiles/run_torque.target.mk:13: warning: overriding commands for target `/Users/ziangwang/Sources/vibeos/target/node-runtime/source/node-v24.14.0/out/Release/obj/gen/torque-generated/src/builtins/promise-withresolvers-tq-csa.h'
tools/v8_gypfiles/run_torque.host.mk:13: warning: ignoring old commands for target `/Users/ziangwang/Sources/vibeos/target/node-runtime/source/node-v24.14.0/out/Release/obj/gen/torque-generated/src/builtins/promise-withresolvers-tq-csa.h'
tools/v8_gypfiles/run_torque.target.mk:13: warning: overriding commands for target `/Users/ziangwang/Sources/vibeos/target/node-runtime/source/node-v24.14.0/out/Release/obj/gen/torque-generated/src/builtins/proxy-constructor-tq-csa.h'
tools/v8_gypfiles/run_torque.host.mk:13: warning: ignoring old commands for target `/Users/ziangwang/Sources/vibeos/target/node-runtime/source/node-v24.14.0/out/Release/obj/gen/torque-generated/src/builtins/proxy-constructor-tq-csa.h'
tools/v8_gypfiles/run_torque.target.mk:13: warning: overriding commands for target `/Users/ziangwang/Sources/vibeos/target/node-runtime/source/node-v24.14.0/out/Release/obj/gen/torque-generated/src/builtins/proxy-delete-property-tq-csa.h'
tools/v8_gypfiles/run_torque.host.mk:13: warning: ignoring old commands for target `/Users/ziangwang/Sources/vibeos/target/node-runtime/source/node-v24.14.0/out/Release/obj/gen/torque-generated/src/builtins/proxy-delete-property-tq-csa.h'
tools/v8_gypfiles/run_torque.target.mk:13: warning: overriding commands for target `/Users/ziangwang/Sources/vibeos/target/node-runtime/source/node-v24.14.0/out/Release/obj/gen/torque-generated/src/builtins/proxy-get-property-tq-csa.h'
tools/v8_gypfiles/run_torque.host.mk:13: warning: ignoring old commands for target `/Users/ziangwang/Sources/vibeos/target/node-runtime/source/node-v24.14.0/out/Release/obj/gen/torque-generated/src/builtins/proxy-get-property-tq-csa.h'
tools/v8_gypfiles/run_torque.target.mk:13: warning: overriding commands for target `/Users/ziangwang/Sources/vibeos/target/node-runtime/source/node-v24.14.0/out/Release/obj/gen/torque-generated/src/builtins/proxy-get-prototype-of-tq-csa.h'
tools/v8_gypfiles/run_torque.host.mk:13: warning: ignoring old commands for target `/Users/ziangwang/Sources/vibeos/target/node-runtime/source/node-v24.14.0/out/Release/obj/gen/torque-generated/src/builtins/proxy-get-prototype-of-tq-csa.h'
tools/v8_gypfiles/run_torque.target.mk:13: warning: overriding commands for target `/Users/ziangwang/Sources/vibeos/target/node-runtime/source/node-v24.14.0/out/Release/obj/gen/torque-generated/src/builtins/proxy-has-property-tq-csa.h'
tools/v8_gypfiles/run_torque.host.mk:13: warning: ignoring old commands for target `/Users/ziangwang/Sources/vibeos/target/node-runtime/source/node-v24.14.0/out/Release/obj/gen/torque-generated/src/builtins/proxy-has-property-tq-csa.h'
tools/v8_gypfiles/run_torque.target.mk:13: warning: overriding commands for target `/Users/ziangwang/Sources/vibeos/target/node-runtime/source/node-v24.14.0/out/Release/obj/gen/torque-generated/src/builtins/proxy-is-extensible-tq-csa.h'
tools/v8_gypfiles/run_torque.host.mk:13: warning: ignoring old commands for target `/Users/ziangwang/Sources/vibeos/target/node-runtime/source/node-v24.14.0/out/Release/obj/gen/torque-generated/src/builtins/proxy-is-extensible-tq-csa.h'
tools/v8_gypfiles/run_torque.target.mk:13: warning: overriding commands for target `/Users/ziangwang/Sources/vibeos/target/node-runtime/source/node-v24.14.0/out/Release/obj/gen/torque-generated/src/builtins/proxy-prevent-extensions-tq-csa.h'
tools/v8_gypfiles/run_torque.host.mk:13: warning: ignoring old commands for target `/Users/ziangwang/Sources/vibeos/target/node-runtime/source/node-v24.14.0/out/Release/obj/gen/torque-generated/src/builtins/proxy-prevent-extensions-tq-csa.h'
tools/v8_gypfiles/run_torque.target.mk:13: warning: overriding commands for target `/Users/ziangwang/Sources/vibeos/target/node-runtime/source/node-v24.14.0/out/Release/obj/gen/torque-generated/src/builtins/proxy-revocable-tq-csa.h'
tools/v8_gypfiles/run_torque.host.mk:13: warning: ignoring old commands for target `/Users/ziangwang/Sources/vibeos/target/node-runtime/source/node-v24.14.0/out/Release/obj/gen/torque-generated/src/builtins/proxy-revocable-tq-csa.h'
tools/v8_gypfiles/run_torque.target.mk:13: warning: overriding commands for target `/Users/ziangwang/Sources/vibeos/target/node-runtime/source/node-v24.14.0/out/Release/obj/gen/torque-generated/src/builtins/proxy-revoke-tq-csa.h'
tools/v8_gypfiles/run_torque.host.mk:13: warning: ignoring old commands for target `/Users/ziangwang/Sources/vibeos/target/node-runtime/source/node-v24.14.0/out/Release/obj/gen/torque-generated/src/builtins/proxy-revoke-tq-csa.h'
tools/v8_gypfiles/run_torque.target.mk:13: warning: overriding commands for target `/Users/ziangwang/Sources/vibeos/target/node-runtime/source/node-v24.14.0/out/Release/obj/gen/torque-generated/src/builtins/proxy-set-property-tq-csa.h'
tools/v8_gypfiles/run_torque.host.mk:13: warning: ignoring old commands for target `/Users/ziangwang/Sources/vibeos/target/node-runtime/source/node-v24.14.0/out/Release/obj/gen/torque-generated/src/builtins/proxy-set-property-tq-csa.h'
tools/v8_gypfiles/run_torque.target.mk:13: warning: overriding commands for target `/Users/ziangwang/Sources/vibeos/target/node-runtime/source/node-v24.14.0/out/Release/obj/gen/torque-generated/src/builtins/proxy-set-prototype-of-tq-csa.h'
tools/v8_gypfiles/run_torque.host.mk:13: warning: ignoring old commands for target `/Users/ziangwang/Sources/vibeos/target/node-runtime/source/node-v24.14.0/out/Release/obj/gen/torque-generated/src/builtins/proxy-set-prototype-of-tq-csa.h'
tools/v8_gypfiles/run_torque.target.mk:13: warning: overriding commands for target `/Users/ziangwang/Sources/vibeos/target/node-runtime/source/node-v24.14.0/out/Release/obj/gen/torque-generated/src/builtins/proxy-tq-csa.h'
tools/v8_gypfiles/run_torque.host.mk:13: warning: ignoring old commands for target `/Users/ziangwang/Sources/vibeos/target/node-runtime/source/node-v24.14.0/out/Release/obj/gen/torque-generated/src/builtins/proxy-tq-csa.h'
tools/v8_gypfiles/run_torque.target.mk:13: warning: overriding commands for target `/Users/ziangwang/Sources/vibeos/target/node-runtime/source/node-v24.14.0/out/Release/obj/gen/torque-generated/src/builtins/reflect-tq-csa.h'
tools/v8_gypfiles/run_torque.host.mk:13: warning: ignoring old commands for target `/Users/ziangwang/Sources/vibeos/target/node-runtime/source/node-v24.14.0/out/Release/obj/gen/torque-generated/src/builtins/reflect-tq-csa.h'
tools/v8_gypfiles/run_torque.target.mk:13: warning: overriding commands for target `/Users/ziangwang/Sources/vibeos/target/node-runtime/source/node-v24.14.0/out/Release/obj/gen/torque-generated/src/builtins/regexp-exec-tq-csa.h'
tools/v8_gypfiles/run_torque.host.mk:13: warning: ignoring old commands for target `/Users/ziangwang/Sources/vibeos/target/node-runtime/source/node-v24.14.0/out/Release/obj/gen/torque-generated/src/builtins/regexp-exec-tq-csa.h'
tools/v8_gypfiles/run_torque.target.mk:13: warning: overriding commands for target `/Users/ziangwang/Sources/vibeos/target/node-runtime/source/node-v24.14.0/out/Release/obj/gen/torque-generated/src/builtins/regexp-match-all-tq-csa.h'
tools/v8_gypfiles/run_torque.host.mk:13: warning: ignoring old commands for target `/Users/ziangwang/Sources/vibeos/target/node-runtime/source/node-v24.14.0/out/Release/obj/gen/torque-generated/src/builtins/regexp-match-all-tq-csa.h'
tools/v8_gypfiles/run_torque.target.mk:13: warning: overriding commands for target `/Users/ziangwang/Sources/vibeos/target/node-runtime/source/node-v24.14.0/out/Release/obj/gen/torque-generated/src/builtins/regexp-match-tq-csa.h'
tools/v8_gypfiles/run_torque.host.mk:13: warning: ignoring old commands for target `/Users/ziangwang/Sources/vibeos/target/node-runtime/source/node-v24.14.0/out/Release/obj/gen/torque-generated/src/builtins/regexp-match-tq-csa.h'
tools/v8_gypfiles/run_torque.target.mk:13: warning: overriding commands for target `/Users/ziangwang/Sources/vibeos/target/node-runtime/source/node-v24.14.0/out/Release/obj/gen/torque-generated/src/builtins/regexp-replace-tq-csa.h'
tools/v8_gypfiles/run_torque.host.mk:13: warning: ignoring old commands for target `/Users/ziangwang/Sources/vibeos/target/node-runtime/source/node-v24.14.0/out/Release/obj/gen/torque-generated/src/builtins/regexp-replace-tq-csa.h'
tools/v8_gypfiles/run_torque.target.mk:13: warning: overriding commands for target `/Users/ziangwang/Sources/vibeos/target/node-runtime/source/node-v24.14.0/out/Release/obj/gen/torque-generated/src/builtins/regexp-search-tq-csa.h'
tools/v8_gypfiles/run_torque.host.mk:13: warning: ignoring old commands for target `/Users/ziangwang/Sources/vibeos/target/node-runtime/source/node-v24.14.0/out/Release/obj/gen/torque-generated/src/builtins/regexp-search-tq-csa.h'
tools/v8_gypfiles/run_torque.target.mk:13: warning: overriding commands for target `/Users/ziangwang/Sources/vibeos/target/node-runtime/source/node-v24.14.0/out/Release/obj/gen/torque-generated/src/builtins/regexp-source-tq-csa.h'
tools/v8_gypfiles/run_torque.host.mk:13: warning: ignoring old commands for target `/Users/ziangwang/Sources/vibeos/target/node-runtime/source/node-v24.14.0/out/Release/obj/gen/torque-generated/src/builtins/regexp-source-tq-csa.h'
tools/v8_gypfiles/run_torque.target.mk:13: warning: overriding commands for target `/Users/ziangwang/Sources/vibeos/target/node-runtime/source/node-v24.14.0/out/Release/obj/gen/torque-generated/src/builtins/regexp-split-tq-csa.h'
tools/v8_gypfiles/run_torque.host.mk:13: warning: ignoring old commands for target `/Users/ziangwang/Sources/vibeos/target/node-runtime/source/node-v24.14.0/out/Release/obj/gen/torque-generated/src/builtins/regexp-split-tq-csa.h'
tools/v8_gypfiles/run_torque.target.mk:13: warning: overriding commands for target `/Users/ziangwang/Sources/vibeos/target/node-runtime/source/node-v24.14.0/out/Release/obj/gen/torque-generated/src/builtins/regexp-test-tq-csa.h'
tools/v8_gypfiles/run_torque.host.mk:13: warning: ignoring old commands for target `/Users/ziangwang/Sources/vibeos/target/node-runtime/source/node-v24.14.0/out/Release/obj/gen/torque-generated/src/builtins/regexp-test-tq-csa.h'
tools/v8_gypfiles/run_torque.target.mk:13: warning: overriding commands for target `/Users/ziangwang/Sources/vibeos/target/node-runtime/source/node-v24.14.0/out/Release/obj/gen/torque-generated/src/builtins/regexp-tq-csa.h'
tools/v8_gypfiles/run_torque.host.mk:13: warning: ignoring old commands for target `/Users/ziangwang/Sources/vibeos/target/node-runtime/source/node-v24.14.0/out/Release/obj/gen/torque-generated/src/builtins/regexp-tq-csa.h'
tools/v8_gypfiles/run_torque.target.mk:13: warning: overriding commands for target `/Users/ziangwang/Sources/vibeos/target/node-runtime/source/node-v24.14.0/out/Release/obj/gen/torque-generated/src/builtins/set-difference-tq-csa.h'
tools/v8_gypfiles/run_torque.host.mk:13: warning: ignoring old commands for target `/Users/ziangwang/Sources/vibeos/target/node-runtime/source/node-v24.14.0/out/Release/obj/gen/torque-generated/src/builtins/set-difference-tq-csa.h'
tools/v8_gypfiles/run_torque.target.mk:13: warning: overriding commands for target `/Users/ziangwang/Sources/vibeos/target/node-runtime/source/node-v24.14.0/out/Release/obj/gen/torque-generated/src/builtins/set-intersection-tq-csa.h'
tools/v8_gypfiles/run_torque.host.mk:13: warning: ignoring old commands for target `/Users/ziangwang/Sources/vibeos/target/node-runtime/source/node-v24.14.0/out/Release/obj/gen/torque-generated/src/builtins/set-intersection-tq-csa.h'
tools/v8_gypfiles/run_torque.target.mk:13: warning: overriding commands for target `/Users/ziangwang/Sources/vibeos/target/node-runtime/source/node-v24.14.0/out/Release/obj/gen/torque-generated/src/builtins/set-is-disjoint-from-tq-csa.h'
tools/v8_gypfiles/run_torque.host.mk:13: warning: ignoring old commands for target `/Users/ziangwang/Sources/vibeos/target/node-runtime/source/node-v24.14.0/out/Release/obj/gen/torque-generated/src/builtins/set-is-disjoint-from-tq-csa.h'
tools/v8_gypfiles/run_torque.target.mk:13: warning: overriding commands for target `/Users/ziangwang/Sources/vibeos/target/node-runtime/source/node-v24.14.0/out/Release/obj/gen/torque-generated/src/builtins/set-is-subset-of-tq-csa.h'
tools/v8_gypfiles/run_torque.host.mk:13: warning: ignoring old commands for target `/Users/ziangwang/Sources/vibeos/target/node-runtime/source/node-v24.14.0/out/Release/obj/gen/torque-generated/src/builtins/set-is-subset-of-tq-csa.h'
tools/v8_gypfiles/run_torque.target.mk:13: warning: overriding commands for target `/Users/ziangwang/Sources/vibeos/target/node-runtime/source/node-v24.14.0/out/Release/obj/gen/torque-generated/src/builtins/set-is-superset-of-tq-csa.h'
tools/v8_gypfiles/run_torque.host.mk:13: warning: ignoring old commands for target `/Users/ziangwang/Sources/vibeos/target/node-runtime/source/node-v24.14.0/out/Release/obj/gen/torque-generated/src/builtins/set-is-superset-of-tq-csa.h'
tools/v8_gypfiles/run_torque.target.mk:13: warning: overriding commands for target `/Users/ziangwang/Sources/vibeos/target/node-runtime/source/node-v24.14.0/out/Release/obj/gen/torque-generated/src/builtins/set-symmetric-difference-tq-csa.h'
tools/v8_gypfiles/run_torque.host.mk:13: warning: ignoring old commands for target `/Users/ziangwang/Sources/vibeos/target/node-runtime/source/node-v24.14.0/out/Release/obj/gen/torque-generated/src/builtins/set-symmetric-difference-tq-csa.h'
tools/v8_gypfiles/run_torque.target.mk:13: warning: overriding commands for target `/Users/ziangwang/Sources/vibeos/target/node-runtime/source/node-v24.14.0/out/Release/obj/gen/torque-generated/src/builtins/set-union-tq-csa.h'
tools/v8_gypfiles/run_torque.host.mk:13: warning: ignoring old commands for target `/Users/ziangwang/Sources/vibeos/target/node-runtime/source/node-v24.14.0/out/Release/obj/gen/torque-generated/src/builtins/set-union-tq-csa.h'
tools/v8_gypfiles/run_torque.target.mk:13: warning: overriding commands for target `/Users/ziangwang/Sources/vibeos/target/node-runtime/source/node-v24.14.0/out/Release/obj/gen/torque-generated/src/builtins/string-at-tq-csa.h'
tools/v8_gypfiles/run_torque.host.mk:13: warning: ignoring old commands for target `/Users/ziangwang/Sources/vibeos/target/node-runtime/source/node-v24.14.0/out/Release/obj/gen/torque-generated/src/builtins/string-at-tq-csa.h'
tools/v8_gypfiles/run_torque.target.mk:13: warning: overriding commands for target `/Users/ziangwang/Sources/vibeos/target/node-runtime/source/node-v24.14.0/out/Release/obj/gen/torque-generated/src/builtins/string-endswith-tq-csa.h'
tools/v8_gypfiles/run_torque.host.mk:13: warning: ignoring old commands for target `/Users/ziangwang/Sources/vibeos/target/node-runtime/source/node-v24.14.0/out/Release/obj/gen/torque-generated/src/builtins/string-endswith-tq-csa.h'
tools/v8_gypfiles/run_torque.target.mk:13: warning: overriding commands for target `/Users/ziangwang/Sources/vibeos/target/node-runtime/source/node-v24.14.0/out/Release/obj/gen/torque-generated/src/builtins/string-html-tq-csa.h'
tools/v8_gypfiles/run_torque.host.mk:13: warning: ignoring old commands for target `/Users/ziangwang/Sources/vibeos/target/node-runtime/source/node-v24.14.0/out/Release/obj/gen/torque-generated/src/builtins/string-html-tq-csa.h'
tools/v8_gypfiles/run_torque.target.mk:13: warning: overriding commands for target `/Users/ziangwang/Sources/vibeos/target/node-runtime/source/node-v24.14.0/out/Release/obj/gen/torque-generated/src/builtins/string-includes-tq-csa.h'
tools/v8_gypfiles/run_torque.host.mk:13: warning: ignoring old commands for target `/Users/ziangwang/Sources/vibeos/target/node-runtime/source/node-v24.14.0/out/Release/obj/gen/torque-generated/src/builtins/string-includes-tq-csa.h'
tools/v8_gypfiles/run_torque.target.mk:13: warning: overriding commands for target `/Users/ziangwang/Sources/vibeos/target/node-runtime/source/node-v24.14.0/out/Release/obj/gen/torque-generated/src/builtins/string-indexof-tq-csa.h'
tools/v8_gypfiles/run_torque.host.mk:13: warning: ignoring old commands for target `/Users/ziangwang/Sources/vibeos/target/node-runtime/source/node-v24.14.0/out/Release/obj/gen/torque-generated/src/builtins/string-indexof-tq-csa.h'
tools/v8_gypfiles/run_torque.target.mk:13: warning: overriding commands for target `/Users/ziangwang/Sources/vibeos/target/node-runtime/source/node-v24.14.0/out/Release/obj/gen/torque-generated/src/builtins/string-iswellformed-tq-csa.h'
tools/v8_gypfiles/run_torque.host.mk:13: warning: ignoring old commands for target `/Users/ziangwang/Sources/vibeos/target/node-runtime/source/node-v24.14.0/out/Release/obj/gen/torque-generated/src/builtins/string-iswellformed-tq-csa.h'
tools/v8_gypfiles/run_torque.target.mk:13: warning: overriding commands for target `/Users/ziangwang/Sources/vibeos/target/node-runtime/source/node-v24.14.0/out/Release/obj/gen/torque-generated/src/builtins/string-iterator-tq-csa.h'
tools/v8_gypfiles/run_torque.host.mk:13: warning: ignoring old commands for target `/Users/ziangwang/Sources/vibeos/target/node-runtime/source/node-v24.14.0/out/Release/obj/gen/torque-generated/src/builtins/string-iterator-tq-csa.h'
tools/v8_gypfiles/run_torque.target.mk:13: warning: overriding commands for target `/Users/ziangwang/Sources/vibeos/target/node-runtime/source/node-v24.14.0/out/Release/obj/gen/torque-generated/src/builtins/string-match-search-tq-csa.h'
tools/v8_gypfiles/run_torque.host.mk:13: warning: ignoring old commands for target `/Users/ziangwang/Sources/vibeos/target/node-runtime/source/node-v24.14.0/out/Release/obj/gen/torque-generated/src/builtins/string-match-search-tq-csa.h'
tools/v8_gypfiles/run_torque.target.mk:13: warning: overriding commands for target `/Users/ziangwang/Sources/vibeos/target/node-runtime/source/node-v24.14.0/out/Release/obj/gen/torque-generated/src/builtins/string-pad-tq-csa.h'
tools/v8_gypfiles/run_torque.host.mk:13: warning: ignoring old commands for target `/Users/ziangwang/Sources/vibeos/target/node-runtime/source/node-v24.14.0/out/Release/obj/gen/torque-generated/src/builtins/string-pad-tq-csa.h'
tools/v8_gypfiles/run_torque.target.mk:13: warning: overriding commands for target `/Users/ziangwang/Sources/vibeos/target/node-runtime/source/node-v24.14.0/out/Release/obj/gen/torque-generated/src/builtins/string-repeat-tq-csa.h'
tools/v8_gypfiles/run_torque.host.mk:13: warning: ignoring old commands for target `/Users/ziangwang/Sources/vibeos/target/node-runtime/source/node-v24.14.0/out/Release/obj/gen/torque-generated/src/builtins/string-repeat-tq-csa.h'
tools/v8_gypfiles/run_torque.target.mk:13: warning: overriding commands for target `/Users/ziangwang/Sources/vibeos/target/node-runtime/source/node-v24.14.0/out/Release/obj/gen/torque-generated/src/builtins/string-replaceall-tq-csa.h'
tools/v8_gypfiles/run_torque.host.mk:13: warning: ignoring old commands for target `/Users/ziangwang/Sources/vibeos/target/node-runtime/source/node-v24.14.0/out/Release/obj/gen/torque-generated/src/builtins/string-replaceall-tq-csa.h'
tools/v8_gypfiles/run_torque.target.mk:13: warning: overriding commands for target `/Users/ziangwang/Sources/vibeos/target/node-runtime/source/node-v24.14.0/out/Release/obj/gen/torque-generated/src/builtins/string-slice-tq-csa.h'
tools/v8_gypfiles/run_torque.host.mk:13: warning: ignoring old commands for target `/Users/ziangwang/Sources/vibeos/target/node-runtime/source/node-v24.14.0/out/Release/obj/gen/torque-generated/src/builtins/string-slice-tq-csa.h'
tools/v8_gypfiles/run_torque.target.mk:13: warning: overriding commands for target `/Users/ziangwang/Sources/vibeos/target/node-runtime/source/node-v24.14.0/out/Release/obj/gen/torque-generated/src/builtins/string-startswith-tq-csa.h'
tools/v8_gypfiles/run_torque.host.mk:13: warning: ignoring old commands for target `/Users/ziangwang/Sources/vibeos/target/node-runtime/source/node-v24.14.0/out/Release/obj/gen/torque-generated/src/builtins/string-startswith-tq-csa.h'
tools/v8_gypfiles/run_torque.target.mk:13: warning: overriding commands for target `/Users/ziangwang/Sources/vibeos/target/node-runtime/source/node-v24.14.0/out/Release/obj/gen/torque-generated/src/builtins/string-substr-tq-csa.h'
tools/v8_gypfiles/run_torque.host.mk:13: warning: ignoring old commands for target `/Users/ziangwang/Sources/vibeos/target/node-runtime/source/node-v24.14.0/out/Release/obj/gen/torque-generated/src/builtins/string-substr-tq-csa.h'
tools/v8_gypfiles/run_torque.target.mk:13: warning: overriding commands for target `/Users/ziangwang/Sources/vibeos/target/node-runtime/source/node-v24.14.0/out/Release/obj/gen/torque-generated/src/builtins/string-substring-tq-csa.h'
tools/v8_gypfiles/run_torque.host.mk:13: warning: ignoring old commands for target `/Users/ziangwang/Sources/vibeos/target/node-runtime/source/node-v24.14.0/out/Release/obj/gen/torque-generated/src/builtins/string-substring-tq-csa.h'
tools/v8_gypfiles/run_torque.target.mk:13: warning: overriding commands for target `/Users/ziangwang/Sources/vibeos/target/node-runtime/source/node-v24.14.0/out/Release/obj/gen/torque-generated/src/builtins/string-towellformed-tq-csa.h'
tools/v8_gypfiles/run_torque.host.mk:13: warning: ignoring old commands for target `/Users/ziangwang/Sources/vibeos/target/node-runtime/source/node-v24.14.0/out/Release/obj/gen/torque-generated/src/builtins/string-towellformed-tq-csa.h'
tools/v8_gypfiles/run_torque.target.mk:13: warning: overriding commands for target `/Users/ziangwang/Sources/vibeos/target/node-runtime/source/node-v24.14.0/out/Release/obj/gen/torque-generated/src/builtins/string-trim-tq-csa.h'
tools/v8_gypfiles/run_torque.host.mk:13: warning: ignoring old commands for target `/Users/ziangwang/Sources/vibeos/target/node-runtime/source/node-v24.14.0/out/Release/obj/gen/torque-generated/src/builtins/string-trim-tq-csa.h'
tools/v8_gypfiles/run_torque.target.mk:13: warning: overriding commands for target `/Users/ziangwang/Sources/vibeos/target/node-runtime/source/node-v24.14.0/out/Release/obj/gen/torque-generated/src/builtins/suppressed-error-tq-csa.h'
tools/v8_gypfiles/run_torque.host.mk:13: warning: ignoring old commands for target `/Users/ziangwang/Sources/vibeos/target/node-runtime/source/node-v24.14.0/out/Release/obj/gen/torque-generated/src/builtins/suppressed-error-tq-csa.h'
tools/v8_gypfiles/run_torque.target.mk:13: warning: overriding commands for target `/Users/ziangwang/Sources/vibeos/target/node-runtime/source/node-v24.14.0/out/Release/obj/gen/torque-generated/src/builtins/symbol-tq-csa.h'
tools/v8_gypfiles/run_torque.host.mk:13: warning: ignoring old commands for target `/Users/ziangwang/Sources/vibeos/target/node-runtime/source/node-v24.14.0/out/Release/obj/gen/torque-generated/src/builtins/symbol-tq-csa.h'
tools/v8_gypfiles/run_torque.target.mk:13: warning: overriding commands for target `/Users/ziangwang/Sources/vibeos/target/node-runtime/source/node-v24.14.0/out/Release/obj/gen/torque-generated/src/builtins/torque-internal-tq-csa.h'
tools/v8_gypfiles/run_torque.host.mk:13: warning: ignoring old commands for target `/Users/ziangwang/Sources/vibeos/target/node-runtime/source/node-v24.14.0/out/Release/obj/gen/torque-generated/src/builtins/torque-internal-tq-csa.h'
tools/v8_gypfiles/run_torque.target.mk:13: warning: overriding commands for target `/Users/ziangwang/Sources/vibeos/target/node-runtime/source/node-v24.14.0/out/Release/obj/gen/torque-generated/src/builtins/typed-array-at-tq-csa.h'
tools/v8_gypfiles/run_torque.host.mk:13: warning: ignoring old commands for target `/Users/ziangwang/Sources/vibeos/target/node-runtime/source/node-v24.14.0/out/Release/obj/gen/torque-generated/src/builtins/typed-array-at-tq-csa.h'
tools/v8_gypfiles/run_torque.target.mk:13: warning: overriding commands for target `/Users/ziangwang/Sources/vibeos/target/node-runtime/source/node-v24.14.0/out/Release/obj/gen/torque-generated/src/builtins/typed-array-createtypedarray-tq-csa.h'
tools/v8_gypfiles/run_torque.host.mk:13: warning: ignoring old commands for target `/Users/ziangwang/Sources/vibeos/target/node-runtime/source/node-v24.14.0/out/Release/obj/gen/torque-generated/src/builtins/typed-array-createtypedarray-tq-csa.h'
tools/v8_gypfiles/run_torque.target.mk:13: warning: overriding commands for target `/Users/ziangwang/Sources/vibeos/target/node-runtime/source/node-v24.14.0/out/Release/obj/gen/torque-generated/src/builtins/typed-array-every-tq-csa.h'
tools/v8_gypfiles/run_torque.host.mk:13: warning: ignoring old commands for target `/Users/ziangwang/Sources/vibeos/target/node-runtime/source/node-v24.14.0/out/Release/obj/gen/torque-generated/src/builtins/typed-array-every-tq-csa.h'
tools/v8_gypfiles/run_torque.target.mk:13: warning: overriding commands for target `/Users/ziangwang/Sources/vibeos/target/node-runtime/source/node-v24.14.0/out/Release/obj/gen/torque-generated/src/builtins/typed-array-entries-tq-csa.h'
tools/v8_gypfiles/run_torque.host.mk:13: warning: ignoring old commands for target `/Users/ziangwang/Sources/vibeos/target/node-runtime/source/node-v24.14.0/out/Release/obj/gen/torque-generated/src/builtins/typed-array-entries-tq-csa.h'
tools/v8_gypfiles/run_torque.target.mk:13: warning: overriding commands for target `/Users/ziangwang/Sources/vibeos/target/node-runtime/source/node-v24.14.0/out/Release/obj/gen/torque-generated/src/builtins/typed-array-filter-tq-csa.h'
tools/v8_gypfiles/run_torque.host.mk:13: warning: ignoring old commands for target `/Users/ziangwang/Sources/vibeos/target/node-runtime/source/node-v24.14.0/out/Release/obj/gen/torque-generated/src/builtins/typed-array-filter-tq-csa.h'
tools/v8_gypfiles/run_torque.target.mk:13: warning: overriding commands for target `/Users/ziangwang/Sources/vibeos/target/node-runtime/source/node-v24.14.0/out/Release/obj/gen/torque-generated/src/builtins/typed-array-find-tq-csa.h'
tools/v8_gypfiles/run_torque.host.mk:13: warning: ignoring old commands for target `/Users/ziangwang/Sources/vibeos/target/node-runtime/source/node-v24.14.0/out/Release/obj/gen/torque-generated/src/builtins/typed-array-find-tq-csa.h'
tools/v8_gypfiles/run_torque.target.mk:13: warning: overriding commands for target `/Users/ziangwang/Sources/vibeos/target/node-runtime/source/node-v24.14.0/out/Release/obj/gen/torque-generated/src/builtins/typed-array-findindex-tq-csa.h'
tools/v8_gypfiles/run_torque.host.mk:13: warning: ignoring old commands for target `/Users/ziangwang/Sources/vibeos/target/node-runtime/source/node-v24.14.0/out/Release/obj/gen/torque-generated/src/builtins/typed-array-findindex-tq-csa.h'
tools/v8_gypfiles/run_torque.target.mk:13: warning: overriding commands for target `/Users/ziangwang/Sources/vibeos/target/node-runtime/source/node-v24.14.0/out/Release/obj/gen/torque-generated/src/builtins/typed-array-findlast-tq-csa.h'
tools/v8_gypfiles/run_torque.host.mk:13: warning: ignoring old commands for target `/Users/ziangwang/Sources/vibeos/target/node-runtime/source/node-v24.14.0/out/Release/obj/gen/torque-generated/src/builtins/typed-array-findlast-tq-csa.h'
tools/v8_gypfiles/run_torque.target.mk:13: warning: overriding commands for target `/Users/ziangwang/Sources/vibeos/target/node-runtime/source/node-v24.14.0/out/Release/obj/gen/torque-generated/src/builtins/typed-array-findlastindex-tq-csa.h'
tools/v8_gypfiles/run_torque.host.mk:13: warning: ignoring old commands for target `/Users/ziangwang/Sources/vibeos/target/node-runtime/source/node-v24.14.0/out/Release/obj/gen/torque-generated/src/builtins/typed-array-findlastindex-tq-csa.h'
tools/v8_gypfiles/run_torque.target.mk:13: warning: overriding commands for target `/Users/ziangwang/Sources/vibeos/target/node-runtime/source/node-v24.14.0/out/Release/obj/gen/torque-generated/src/builtins/typed-array-foreach-tq-csa.h'
tools/v8_gypfiles/run_torque.host.mk:13: warning: ignoring old commands for target `/Users/ziangwang/Sources/vibeos/target/node-runtime/source/node-v24.14.0/out/Release/obj/gen/torque-generated/src/builtins/typed-array-foreach-tq-csa.h'
tools/v8_gypfiles/run_torque.target.mk:13: warning: overriding commands for target `/Users/ziangwang/Sources/vibeos/target/node-runtime/source/node-v24.14.0/out/Release/obj/gen/torque-generated/src/builtins/typed-array-from-tq-csa.h'
tools/v8_gypfiles/run_torque.host.mk:13: warning: ignoring old commands for target `/Users/ziangwang/Sources/vibeos/target/node-runtime/source/node-v24.14.0/out/Release/obj/gen/torque-generated/src/builtins/typed-array-from-tq-csa.h'
tools/v8_gypfiles/run_torque.target.mk:13: warning: overriding commands for target `/Users/ziangwang/Sources/vibeos/target/node-runtime/source/node-v24.14.0/out/Release/obj/gen/torque-generated/src/builtins/typed-array-keys-tq-csa.h'
tools/v8_gypfiles/run_torque.host.mk:13: warning: ignoring old commands for target `/Users/ziangwang/Sources/vibeos/target/node-runtime/source/node-v24.14.0/out/Release/obj/gen/torque-generated/src/builtins/typed-array-keys-tq-csa.h'
tools/v8_gypfiles/run_torque.target.mk:13: warning: overriding commands for target `/Users/ziangwang/Sources/vibeos/target/node-runtime/source/node-v24.14.0/out/Release/obj/gen/torque-generated/src/builtins/typed-array-of-tq-csa.h'
tools/v8_gypfiles/run_torque.host.mk:13: warning: ignoring old commands for target `/Users/ziangwang/Sources/vibeos/target/node-runtime/source/node-v24.14.0/out/Release/obj/gen/torque-generated/src/builtins/typed-array-of-tq-csa.h'
tools/v8_gypfiles/run_torque.target.mk:13: warning: overriding commands for target `/Users/ziangwang/Sources/vibeos/target/node-runtime/source/node-v24.14.0/out/Release/obj/gen/torque-generated/src/builtins/typed-array-reduce-tq-csa.h'
tools/v8_gypfiles/run_torque.host.mk:13: warning: ignoring old commands for target `/Users/ziangwang/Sources/vibeos/target/node-runtime/source/node-v24.14.0/out/Release/obj/gen/torque-generated/src/builtins/typed-array-reduce-tq-csa.h'
tools/v8_gypfiles/run_torque.target.mk:13: warning: overriding commands for target `/Users/ziangwang/Sources/vibeos/target/node-runtime/source/node-v24.14.0/out/Release/obj/gen/torque-generated/src/builtins/typed-array-reduceright-tq-csa.h'
tools/v8_gypfiles/run_torque.host.mk:13: warning: ignoring old commands for target `/Users/ziangwang/Sources/vibeos/target/node-runtime/source/node-v24.14.0/out/Release/obj/gen/torque-generated/src/builtins/typed-array-reduceright-tq-csa.h'
tools/v8_gypfiles/run_torque.target.mk:13: warning: overriding commands for target `/Users/ziangwang/Sources/vibeos/target/node-runtime/source/node-v24.14.0/out/Release/obj/gen/torque-generated/src/builtins/typed-array-set-tq-csa.h'
tools/v8_gypfiles/run_torque.host.mk:13: warning: ignoring old commands for target `/Users/ziangwang/Sources/vibeos/target/node-runtime/source/node-v24.14.0/out/Release/obj/gen/torque-generated/src/builtins/typed-array-set-tq-csa.h'
tools/v8_gypfiles/run_torque.target.mk:13: warning: overriding commands for target `/Users/ziangwang/Sources/vibeos/target/node-runtime/source/node-v24.14.0/out/Release/obj/gen/torque-generated/src/builtins/typed-array-slice-tq-csa.h'
tools/v8_gypfiles/run_torque.host.mk:13: warning: ignoring old commands for target `/Users/ziangwang/Sources/vibeos/target/node-runtime/source/node-v24.14.0/out/Release/obj/gen/torque-generated/src/builtins/typed-array-slice-tq-csa.h'
tools/v8_gypfiles/run_torque.target.mk:13: warning: overriding commands for target `/Users/ziangwang/Sources/vibeos/target/node-runtime/source/node-v24.14.0/out/Release/obj/gen/torque-generated/src/builtins/typed-array-some-tq-csa.h'
tools/v8_gypfiles/run_torque.host.mk:13: warning: ignoring old commands for target `/Users/ziangwang/Sources/vibeos/target/node-runtime/source/node-v24.14.0/out/Release/obj/gen/torque-generated/src/builtins/typed-array-some-tq-csa.h'
tools/v8_gypfiles/run_torque.target.mk:13: warning: overriding commands for target `/Users/ziangwang/Sources/vibeos/target/node-runtime/source/node-v24.14.0/out/Release/obj/gen/torque-generated/src/builtins/typed-array-sort-tq-csa.h'
tools/v8_gypfiles/run_torque.host.mk:13: warning: ignoring old commands for target `/Users/ziangwang/Sources/vibeos/target/node-runtime/source/node-v24.14.0/out/Release/obj/gen/torque-generated/src/builtins/typed-array-sort-tq-csa.h'
tools/v8_gypfiles/run_torque.target.mk:13: warning: overriding commands for target `/Users/ziangwang/Sources/vibeos/target/node-runtime/source/node-v24.14.0/out/Release/obj/gen/torque-generated/src/builtins/typed-array-subarray-tq-csa.h'
tools/v8_gypfiles/run_torque.host.mk:13: warning: ignoring old commands for target `/Users/ziangwang/Sources/vibeos/target/node-runtime/source/node-v24.14.0/out/Release/obj/gen/torque-generated/src/builtins/typed-array-subarray-tq-csa.h'
tools/v8_gypfiles/run_torque.target.mk:13: warning: overriding commands for target `/Users/ziangwang/Sources/vibeos/target/node-runtime/source/node-v24.14.0/out/Release/obj/gen/torque-generated/src/builtins/typed-array-to-reversed-tq-csa.h'
tools/v8_gypfiles/run_torque.host.mk:13: warning: ignoring old commands for target `/Users/ziangwang/Sources/vibeos/target/node-runtime/source/node-v24.14.0/out/Release/obj/gen/torque-generated/src/builtins/typed-array-to-reversed-tq-csa.h'
tools/v8_gypfiles/run_torque.target.mk:13: warning: overriding commands for target `/Users/ziangwang/Sources/vibeos/target/node-runtime/source/node-v24.14.0/out/Release/obj/gen/torque-generated/src/builtins/typed-array-to-sorted-tq-csa.h'
tools/v8_gypfiles/run_torque.host.mk:13: warning: ignoring old commands for target `/Users/ziangwang/Sources/vibeos/target/node-runtime/source/node-v24.14.0/out/Release/obj/gen/torque-generated/src/builtins/typed-array-to-sorted-tq-csa.h'
tools/v8_gypfiles/run_torque.target.mk:13: warning: overriding commands for target `/Users/ziangwang/Sources/vibeos/target/node-runtime/source/node-v24.14.0/out/Release/obj/gen/torque-generated/src/builtins/typed-array-values-tq-csa.h'
tools/v8_gypfiles/run_torque.host.mk:13: warning: ignoring old commands for target `/Users/ziangwang/Sources/vibeos/target/node-runtime/source/node-v24.14.0/out/Release/obj/gen/torque-generated/src/builtins/typed-array-values-tq-csa.h'
tools/v8_gypfiles/run_torque.target.mk:13: warning: overriding commands for target `/Users/ziangwang/Sources/vibeos/target/node-runtime/source/node-v24.14.0/out/Release/obj/gen/torque-generated/src/builtins/typed-array-with-tq-csa.h'
tools/v8_gypfiles/run_torque.host.mk:13: warning: ignoring old commands for target `/Users/ziangwang/Sources/vibeos/target/node-runtime/source/node-v24.14.0/out/Release/obj/gen/torque-generated/src/builtins/typed-array-with-tq-csa.h'
tools/v8_gypfiles/run_torque.target.mk:13: warning: overriding commands for target `/Users/ziangwang/Sources/vibeos/target/node-runtime/source/node-v24.14.0/out/Release/obj/gen/torque-generated/src/builtins/typed-array-tq-csa.h'
tools/v8_gypfiles/run_torque.host.mk:13: warning: ignoring old commands for target `/Users/ziangwang/Sources/vibeos/target/node-runtime/source/node-v24.14.0/out/Release/obj/gen/torque-generated/src/builtins/typed-array-tq-csa.h'
tools/v8_gypfiles/run_torque.target.mk:13: warning: overriding commands for target `/Users/ziangwang/Sources/vibeos/target/node-runtime/source/node-v24.14.0/out/Release/obj/gen/torque-generated/src/builtins/weak-ref-tq-csa.h'
tools/v8_gypfiles/run_torque.host.mk:13: warning: ignoring old commands for target `/Users/ziangwang/Sources/vibeos/target/node-runtime/source/node-v24.14.0/out/Release/obj/gen/torque-generated/src/builtins/weak-ref-tq-csa.h'
tools/v8_gypfiles/run_torque.target.mk:13: warning: overriding commands for target `/Users/ziangwang/Sources/vibeos/target/node-runtime/source/node-v24.14.0/out/Release/obj/gen/torque-generated/src/ic/handler-configuration-tq-csa.h'
tools/v8_gypfiles/run_torque.host.mk:13: warning: ignoring old commands for target `/Users/ziangwang/Sources/vibeos/target/node-runtime/source/node-v24.14.0/out/Release/obj/gen/torque-generated/src/ic/handler-configuration-tq-csa.h'
tools/v8_gypfiles/run_torque.target.mk:13: warning: overriding commands for target `/Users/ziangwang/Sources/vibeos/target/node-runtime/source/node-v24.14.0/out/Release/obj/gen/torque-generated/src/objects/allocation-site-tq-csa.h'
tools/v8_gypfiles/run_torque.host.mk:13: warning: ignoring old commands for target `/Users/ziangwang/Sources/vibeos/target/node-runtime/source/node-v24.14.0/out/Release/obj/gen/torque-generated/src/objects/allocation-site-tq-csa.h'
tools/v8_gypfiles/run_torque.target.mk:13: warning: overriding commands for target `/Users/ziangwang/Sources/vibeos/target/node-runtime/source/node-v24.14.0/out/Release/obj/gen/torque-generated/src/objects/api-callbacks-tq-csa.h'
tools/v8_gypfiles/run_torque.host.mk:13: warning: ignoring old commands for target `/Users/ziangwang/Sources/vibeos/target/node-runtime/source/node-v24.14.0/out/Release/obj/gen/torque-generated/src/objects/api-callbacks-tq-csa.h'
tools/v8_gypfiles/run_torque.target.mk:13: warning: overriding commands for target `/Users/ziangwang/Sources/vibeos/target/node-runtime/source/node-v24.14.0/out/Release/obj/gen/torque-generated/src/objects/arguments-tq-csa.h'
tools/v8_gypfiles/run_torque.host.mk:13: warning: ignoring old commands for target `/Users/ziangwang/Sources/vibeos/target/node-runtime/source/node-v24.14.0/out/Release/obj/gen/torque-generated/src/objects/arguments-tq-csa.h'
tools/v8_gypfiles/run_torque.target.mk:13: warning: overriding commands for target `/Users/ziangwang/Sources/vibeos/target/node-runtime/source/node-v24.14.0/out/Release/obj/gen/torque-generated/src/objects/bigint-tq-csa.h'
tools/v8_gypfiles/run_torque.host.mk:13: warning: ignoring old commands for target `/Users/ziangwang/Sources/vibeos/target/node-runtime/source/node-v24.14.0/out/Release/obj/gen/torque-generated/src/objects/bigint-tq-csa.h'
tools/v8_gypfiles/run_torque.target.mk:13: warning: overriding commands for target `/Users/ziangwang/Sources/vibeos/target/node-runtime/source/node-v24.14.0/out/Release/obj/gen/torque-generated/src/objects/call-site-info-tq-csa.h'
tools/v8_gypfiles/run_torque.host.mk:13: warning: ignoring old commands for target `/Users/ziangwang/Sources/vibeos/target/node-runtime/source/node-v24.14.0/out/Release/obj/gen/torque-generated/src/objects/call-site-info-tq-csa.h'
tools/v8_gypfiles/run_torque.target.mk:13: warning: overriding commands for target `/Users/ziangwang/Sources/vibeos/target/node-runtime/source/node-v24.14.0/out/Release/obj/gen/torque-generated/src/objects/cell-tq-csa.h'
tools/v8_gypfiles/run_torque.host.mk:13: warning: ignoring old commands for target `/Users/ziangwang/Sources/vibeos/target/node-runtime/source/node-v24.14.0/out/Release/obj/gen/torque-generated/src/objects/cell-tq-csa.h'
tools/v8_gypfiles/run_torque.target.mk:13: warning: overriding commands for target `/Users/ziangwang/Sources/vibeos/target/node-runtime/source/node-v24.14.0/out/Release/obj/gen/torque-generated/src/objects/bytecode-array-tq-csa.h'
tools/v8_gypfiles/run_torque.host.mk:13: warning: ignoring old commands for target `/Users/ziangwang/Sources/vibeos/target/node-runtime/source/node-v24.14.0/out/Release/obj/gen/torque-generated/src/objects/bytecode-array-tq-csa.h'
tools/v8_gypfiles/run_torque.target.mk:13: warning: overriding commands for target `/Users/ziangwang/Sources/vibeos/target/node-runtime/source/node-v24.14.0/out/Release/obj/gen/torque-generated/src/objects/contexts-tq-csa.h'
tools/v8_gypfiles/run_torque.host.mk:13: warning: ignoring old commands for target `/Users/ziangwang/Sources/vibeos/target/node-runtime/source/node-v24.14.0/out/Release/obj/gen/torque-generated/src/objects/contexts-tq-csa.h'
tools/v8_gypfiles/run_torque.target.mk:13: warning: overriding commands for target `/Users/ziangwang/Sources/vibeos/target/node-runtime/source/node-v24.14.0/out/Release/obj/gen/torque-generated/src/objects/data-handler-tq-csa.h'
tools/v8_gypfiles/run_torque.host.mk:13: warning: ignoring old commands for target `/Users/ziangwang/Sources/vibeos/target/node-runtime/source/node-v24.14.0/out/Release/obj/gen/torque-generated/src/objects/data-handler-tq-csa.h'
tools/v8_gypfiles/run_torque.target.mk:13: warning: overriding commands for target `/Users/ziangwang/Sources/vibeos/target/node-runtime/source/node-v24.14.0/out/Release/obj/gen/torque-generated/src/objects/debug-objects-tq-csa.h'
tools/v8_gypfiles/run_torque.host.mk:13: warning: ignoring old commands for target `/Users/ziangwang/Sources/vibeos/target/node-runtime/source/node-v24.14.0/out/Release/obj/gen/torque-generated/src/objects/debug-objects-tq-csa.h'
tools/v8_gypfiles/run_torque.target.mk:13: warning: overriding commands for target `/Users/ziangwang/Sources/vibeos/target/node-runtime/source/node-v24.14.0/out/Release/obj/gen/torque-generated/src/objects/descriptor-array-tq-csa.h'
tools/v8_gypfiles/run_torque.host.mk:13: warning: ignoring old commands for target `/Users/ziangwang/Sources/vibeos/target/node-runtime/source/node-v24.14.0/out/Release/obj/gen/torque-generated/src/objects/descriptor-array-tq-csa.h'
tools/v8_gypfiles/run_torque.target.mk:13: warning: overriding commands for target `/Users/ziangwang/Sources/vibeos/target/node-runtime/source/node-v24.14.0/out/Release/obj/gen/torque-generated/src/objects/embedder-data-array-tq-csa.h'
tools/v8_gypfiles/run_torque.host.mk:13: warning: ignoring old commands for target `/Users/ziangwang/Sources/vibeos/target/node-runtime/source/node-v24.14.0/out/Release/obj/gen/torque-generated/src/objects/embedder-data-array-tq-csa.h'
tools/v8_gypfiles/run_torque.target.mk:13: warning: overriding commands for target `/Users/ziangwang/Sources/vibeos/target/node-runtime/source/node-v24.14.0/out/Release/obj/gen/torque-generated/src/objects/feedback-cell-tq-csa.h'
tools/v8_gypfiles/run_torque.host.mk:13: warning: ignoring old commands for target `/Users/ziangwang/Sources/vibeos/target/node-runtime/source/node-v24.14.0/out/Release/obj/gen/torque-generated/src/objects/feedback-cell-tq-csa.h'
tools/v8_gypfiles/run_torque.target.mk:13: warning: overriding commands for target `/Users/ziangwang/Sources/vibeos/target/node-runtime/source/node-v24.14.0/out/Release/obj/gen/torque-generated/src/objects/feedback-vector-tq-csa.h'
tools/v8_gypfiles/run_torque.host.mk:13: warning: ignoring old commands for target `/Users/ziangwang/Sources/vibeos/target/node-runtime/source/node-v24.14.0/out/Release/obj/gen/torque-generated/src/objects/feedback-vector-tq-csa.h'
tools/v8_gypfiles/run_torque.target.mk:13: warning: overriding commands for target `/Users/ziangwang/Sources/vibeos/target/node-runtime/source/node-v24.14.0/out/Release/obj/gen/torque-generated/src/objects/fixed-array-tq-csa.h'
tools/v8_gypfiles/run_torque.host.mk:13: warning: ignoring old commands for target `/Users/ziangwang/Sources/vibeos/target/node-runtime/source/node-v24.14.0/out/Release/obj/gen/torque-generated/src/objects/fixed-array-tq-csa.h'
tools/v8_gypfiles/run_torque.target.mk:13: warning: overriding commands for target `/Users/ziangwang/Sources/vibeos/target/node-runtime/source/node-v24.14.0/out/Release/obj/gen/torque-generated/src/objects/foreign-tq-csa.h'
tools/v8_gypfiles/run_torque.host.mk:13: warning: ignoring old commands for target `/Users/ziangwang/Sources/vibeos/target/node-runtime/source/node-v24.14.0/out/Release/obj/gen/torque-generated/src/objects/foreign-tq-csa.h'
tools/v8_gypfiles/run_torque.target.mk:13: warning: overriding commands for target `/Users/ziangwang/Sources/vibeos/target/node-runtime/source/node-v24.14.0/out/Release/obj/gen/torque-generated/src/objects/free-space-tq-csa.h'
tools/v8_gypfiles/run_torque.host.mk:13: warning: ignoring old commands for target `/Users/ziangwang/Sources/vibeos/target/node-runtime/source/node-v24.14.0/out/Release/obj/gen/torque-generated/src/objects/free-space-tq-csa.h'
tools/v8_gypfiles/run_torque.target.mk:13: warning: overriding commands for target `/Users/ziangwang/Sources/vibeos/target/node-runtime/source/node-v24.14.0/out/Release/obj/gen/torque-generated/src/objects/heap-number-tq-csa.h'
tools/v8_gypfiles/run_torque.host.mk:13: warning: ignoring old commands for target `/Users/ziangwang/Sources/vibeos/target/node-runtime/source/node-v24.14.0/out/Release/obj/gen/torque-generated/src/objects/heap-number-tq-csa.h'
tools/v8_gypfiles/run_torque.target.mk:13: warning: overriding commands for target `/Users/ziangwang/Sources/vibeos/target/node-runtime/source/node-v24.14.0/out/Release/obj/gen/torque-generated/src/objects/heap-object-tq-csa.h'
tools/v8_gypfiles/run_torque.host.mk:13: warning: ignoring old commands for target `/Users/ziangwang/Sources/vibeos/target/node-runtime/source/node-v24.14.0/out/Release/obj/gen/torque-generated/src/objects/heap-object-tq-csa.h'
tools/v8_gypfiles/run_torque.target.mk:13: warning: overriding commands for target `/Users/ziangwang/Sources/vibeos/target/node-runtime/source/node-v24.14.0/out/Release/obj/gen/torque-generated/src/objects/js-array-buffer-tq-csa.h'
tools/v8_gypfiles/run_torque.host.mk:13: warning: ignoring old commands for target `/Users/ziangwang/Sources/vibeos/target/node-runtime/source/node-v24.14.0/out/Release/obj/gen/torque-generated/src/objects/js-array-buffer-tq-csa.h'
tools/v8_gypfiles/run_torque.target.mk:13: warning: overriding commands for target `/Users/ziangwang/Sources/vibeos/target/node-runtime/source/node-v24.14.0/out/Release/obj/gen/torque-generated/src/objects/js-array-tq-csa.h'
tools/v8_gypfiles/run_torque.host.mk:13: warning: ignoring old commands for target `/Users/ziangwang/Sources/vibeos/target/node-runtime/source/node-v24.14.0/out/Release/obj/gen/torque-generated/src/objects/js-array-tq-csa.h'
tools/v8_gypfiles/run_torque.target.mk:13: warning: overriding commands for target `/Users/ziangwang/Sources/vibeos/target/node-runtime/source/node-v24.14.0/out/Release/obj/gen/torque-generated/src/objects/js-atomics-synchronization-tq-csa.h'
tools/v8_gypfiles/run_torque.host.mk:13: warning: ignoring old commands for target `/Users/ziangwang/Sources/vibeos/target/node-runtime/source/node-v24.14.0/out/Release/obj/gen/torque-generated/src/objects/js-atomics-synchronization-tq-csa.h'
tools/v8_gypfiles/run_torque.target.mk:13: warning: overriding commands for target `/Users/ziangwang/Sources/vibeos/target/node-runtime/source/node-v24.14.0/out/Release/obj/gen/torque-generated/src/objects/js-collection-iterator-tq-csa.h'
tools/v8_gypfiles/run_torque.host.mk:13: warning: ignoring old commands for target `/Users/ziangwang/Sources/vibeos/target/node-runtime/source/node-v24.14.0/out/Release/obj/gen/torque-generated/src/objects/js-collection-iterator-tq-csa.h'
tools/v8_gypfiles/run_torque.target.mk:13: warning: overriding commands for target `/Users/ziangwang/Sources/vibeos/target/node-runtime/source/node-v24.14.0/out/Release/obj/gen/torque-generated/src/objects/js-collection-tq-csa.h'
tools/v8_gypfiles/run_torque.host.mk:13: warning: ignoring old commands for target `/Users/ziangwang/Sources/vibeos/target/node-runtime/source/node-v24.14.0/out/Release/obj/gen/torque-generated/src/objects/js-collection-tq-csa.h'
tools/v8_gypfiles/run_torque.target.mk:13: warning: overriding commands for target `/Users/ziangwang/Sources/vibeos/target/node-runtime/source/node-v24.14.0/out/Release/obj/gen/torque-generated/src/objects/js-disposable-stack-tq-csa.h'
tools/v8_gypfiles/run_torque.host.mk:13: warning: ignoring old commands for target `/Users/ziangwang/Sources/vibeos/target/node-runtime/source/node-v24.14.0/out/Release/obj/gen/torque-generated/src/objects/js-disposable-stack-tq-csa.h'
tools/v8_gypfiles/run_torque.target.mk:13: warning: overriding commands for target `/Users/ziangwang/Sources/vibeos/target/node-runtime/source/node-v24.14.0/out/Release/obj/gen/torque-generated/src/objects/js-function-tq-csa.h'
tools/v8_gypfiles/run_torque.host.mk:13: warning: ignoring old commands for target `/Users/ziangwang/Sources/vibeos/target/node-runtime/source/node-v24.14.0/out/Release/obj/gen/torque-generated/src/objects/js-function-tq-csa.h'
tools/v8_gypfiles/run_torque.target.mk:13: warning: overriding commands for target `/Users/ziangwang/Sources/vibeos/target/node-runtime/source/node-v24.14.0/out/Release/obj/gen/torque-generated/src/objects/js-generator-tq-csa.h'
tools/v8_gypfiles/run_torque.host.mk:13: warning: ignoring old commands for target `/Users/ziangwang/Sources/vibeos/target/node-runtime/source/node-v24.14.0/out/Release/obj/gen/torque-generated/src/objects/js-generator-tq-csa.h'
tools/v8_gypfiles/run_torque.target.mk:13: warning: overriding commands for target `/Users/ziangwang/Sources/vibeos/target/node-runtime/source/node-v24.14.0/out/Release/obj/gen/torque-generated/src/objects/js-iterator-helpers-tq-csa.h'
tools/v8_gypfiles/run_torque.host.mk:13: warning: ignoring old commands for target `/Users/ziangwang/Sources/vibeos/target/node-runtime/source/node-v24.14.0/out/Release/obj/gen/torque-generated/src/objects/js-iterator-helpers-tq-csa.h'
tools/v8_gypfiles/run_torque.target.mk:13: warning: overriding commands for target `/Users/ziangwang/Sources/vibeos/target/node-runtime/source/node-v24.14.0/out/Release/obj/gen/torque-generated/src/objects/js-objects-tq-csa.h'
tools/v8_gypfiles/run_torque.host.mk:13: warning: ignoring old commands for target `/Users/ziangwang/Sources/vibeos/target/node-runtime/source/node-v24.14.0/out/Release/obj/gen/torque-generated/src/objects/js-objects-tq-csa.h'
tools/v8_gypfiles/run_torque.target.mk:13: warning: overriding commands for target `/Users/ziangwang/Sources/vibeos/target/node-runtime/source/node-v24.14.0/out/Release/obj/gen/torque-generated/src/objects/js-promise-tq-csa.h'
tools/v8_gypfiles/run_torque.host.mk:13: warning: ignoring old commands for target `/Users/ziangwang/Sources/vibeos/target/node-runtime/source/node-v24.14.0/out/Release/obj/gen/torque-generated/src/objects/js-promise-tq-csa.h'
tools/v8_gypfiles/run_torque.target.mk:13: warning: overriding commands for target `/Users/ziangwang/Sources/vibeos/target/node-runtime/source/node-v24.14.0/out/Release/obj/gen/torque-generated/src/objects/js-proxy-tq-csa.h'
tools/v8_gypfiles/run_torque.host.mk:13: warning: ignoring old commands for target `/Users/ziangwang/Sources/vibeos/target/node-runtime/source/node-v24.14.0/out/Release/obj/gen/torque-generated/src/objects/js-proxy-tq-csa.h'
tools/v8_gypfiles/run_torque.target.mk:13: warning: overriding commands for target `/Users/ziangwang/Sources/vibeos/target/node-runtime/source/node-v24.14.0/out/Release/obj/gen/torque-generated/src/objects/js-raw-json-tq-csa.h'
tools/v8_gypfiles/run_torque.host.mk:13: warning: ignoring old commands for target `/Users/ziangwang/Sources/vibeos/target/node-runtime/source/node-v24.14.0/out/Release/obj/gen/torque-generated/src/objects/js-raw-json-tq-csa.h'
tools/v8_gypfiles/run_torque.target.mk:13: warning: overriding commands for target `/Users/ziangwang/Sources/vibeos/target/node-runtime/source/node-v24.14.0/out/Release/obj/gen/torque-generated/src/objects/js-regexp-string-iterator-tq-csa.h'
tools/v8_gypfiles/run_torque.host.mk:13: warning: ignoring old commands for target `/Users/ziangwang/Sources/vibeos/target/node-runtime/source/node-v24.14.0/out/Release/obj/gen/torque-generated/src/objects/js-regexp-string-iterator-tq-csa.h'
tools/v8_gypfiles/run_torque.target.mk:13: warning: overriding commands for target `/Users/ziangwang/Sources/vibeos/target/node-runtime/source/node-v24.14.0/out/Release/obj/gen/torque-generated/src/objects/js-regexp-tq-csa.h'
tools/v8_gypfiles/run_torque.host.mk:13: warning: ignoring old commands for target `/Users/ziangwang/Sources/vibeos/target/node-runtime/source/node-v24.14.0/out/Release/obj/gen/torque-generated/src/objects/js-regexp-tq-csa.h'
tools/v8_gypfiles/run_torque.target.mk:13: warning: overriding commands for target `/Users/ziangwang/Sources/vibeos/target/node-runtime/source/node-v24.14.0/out/Release/obj/gen/torque-generated/src/objects/js-shadow-realm-tq-csa.h'
tools/v8_gypfiles/run_torque.host.mk:13: warning: ignoring old commands for target `/Users/ziangwang/Sources/vibeos/target/node-runtime/source/node-v24.14.0/out/Release/obj/gen/torque-generated/src/objects/js-shadow-realm-tq-csa.h'
tools/v8_gypfiles/run_torque.target.mk:13: warning: overriding commands for target `/Users/ziangwang/Sources/vibeos/target/node-runtime/source/node-v24.14.0/out/Release/obj/gen/torque-generated/src/objects/js-shared-array-tq-csa.h'
tools/v8_gypfiles/run_torque.host.mk:13: warning: ignoring old commands for target `/Users/ziangwang/Sources/vibeos/target/node-runtime/source/node-v24.14.0/out/Release/obj/gen/torque-generated/src/objects/js-shared-array-tq-csa.h'
tools/v8_gypfiles/run_torque.target.mk:13: warning: overriding commands for target `/Users/ziangwang/Sources/vibeos/target/node-runtime/source/node-v24.14.0/out/Release/obj/gen/torque-generated/src/objects/js-struct-tq-csa.h'
tools/v8_gypfiles/run_torque.host.mk:13: warning: ignoring old commands for target `/Users/ziangwang/Sources/vibeos/target/node-runtime/source/node-v24.14.0/out/Release/obj/gen/torque-generated/src/objects/js-struct-tq-csa.h'
tools/v8_gypfiles/run_torque.target.mk:13: warning: overriding commands for target `/Users/ziangwang/Sources/vibeos/target/node-runtime/source/node-v24.14.0/out/Release/obj/gen/torque-generated/src/objects/js-temporal-objects-tq-csa.h'
tools/v8_gypfiles/run_torque.host.mk:13: warning: ignoring old commands for target `/Users/ziangwang/Sources/vibeos/target/node-runtime/source/node-v24.14.0/out/Release/obj/gen/torque-generated/src/objects/js-temporal-objects-tq-csa.h'
tools/v8_gypfiles/run_torque.target.mk:13: warning: overriding commands for target `/Users/ziangwang/Sources/vibeos/target/node-runtime/source/node-v24.14.0/out/Release/obj/gen/torque-generated/src/objects/js-weak-refs-tq-csa.h'
tools/v8_gypfiles/run_torque.host.mk:13: warning: ignoring old commands for target `/Users/ziangwang/Sources/vibeos/target/node-runtime/source/node-v24.14.0/out/Release/obj/gen/torque-generated/src/objects/js-weak-refs-tq-csa.h'
tools/v8_gypfiles/run_torque.target.mk:13: warning: overriding commands for target `/Users/ziangwang/Sources/vibeos/target/node-runtime/source/node-v24.14.0/out/Release/obj/gen/torque-generated/src/objects/literal-objects-tq-csa.h'
tools/v8_gypfiles/run_torque.host.mk:13: warning: ignoring old commands for target `/Users/ziangwang/Sources/vibeos/target/node-runtime/source/node-v24.14.0/out/Release/obj/gen/torque-generated/src/objects/literal-objects-tq-csa.h'
tools/v8_gypfiles/run_torque.target.mk:13: warning: overriding commands for target `/Users/ziangwang/Sources/vibeos/target/node-runtime/source/node-v24.14.0/out/Release/obj/gen/torque-generated/src/objects/map-tq-csa.h'
tools/v8_gypfiles/run_torque.host.mk:13: warning: ignoring old commands for target `/Users/ziangwang/Sources/vibeos/target/node-runtime/source/node-v24.14.0/out/Release/obj/gen/torque-generated/src/objects/map-tq-csa.h'
tools/v8_gypfiles/run_torque.target.mk:13: warning: overriding commands for target `/Users/ziangwang/Sources/vibeos/target/node-runtime/source/node-v24.14.0/out/Release/obj/gen/torque-generated/src/objects/megadom-handler-tq-csa.h'
tools/v8_gypfiles/run_torque.host.mk:13: warning: ignoring old commands for target `/Users/ziangwang/Sources/vibeos/target/node-runtime/source/node-v24.14.0/out/Release/obj/gen/torque-generated/src/objects/megadom-handler-tq-csa.h'
tools/v8_gypfiles/run_torque.target.mk:13: warning: overriding commands for target `/Users/ziangwang/Sources/vibeos/target/node-runtime/source/node-v24.14.0/out/Release/obj/gen/torque-generated/src/objects/microtask-tq-csa.h'
tools/v8_gypfiles/run_torque.host.mk:13: warning: ignoring old commands for target `/Users/ziangwang/Sources/vibeos/target/node-runtime/source/node-v24.14.0/out/Release/obj/gen/torque-generated/src/objects/microtask-tq-csa.h'
tools/v8_gypfiles/run_torque.target.mk:13: warning: overriding commands for target `/Users/ziangwang/Sources/vibeos/target/node-runtime/source/node-v24.14.0/out/Release/obj/gen/torque-generated/src/objects/module-tq-csa.h'
tools/v8_gypfiles/run_torque.host.mk:13: warning: ignoring old commands for target `/Users/ziangwang/Sources/vibeos/target/node-runtime/source/node-v24.14.0/out/Release/obj/gen/torque-generated/src/objects/module-tq-csa.h'
tools/v8_gypfiles/run_torque.target.mk:13: warning: overriding commands for target `/Users/ziangwang/Sources/vibeos/target/node-runtime/source/node-v24.14.0/out/Release/obj/gen/torque-generated/src/objects/name-tq-csa.h'
tools/v8_gypfiles/run_torque.host.mk:13: warning: ignoring old commands for target `/Users/ziangwang/Sources/vibeos/target/node-runtime/source/node-v24.14.0/out/Release/obj/gen/torque-generated/src/objects/name-tq-csa.h'
tools/v8_gypfiles/run_torque.target.mk:13: warning: overriding commands for target `/Users/ziangwang/Sources/vibeos/target/node-runtime/source/node-v24.14.0/out/Release/obj/gen/torque-generated/src/objects/oddball-tq-csa.h'
tools/v8_gypfiles/run_torque.host.mk:13: warning: ignoring old commands for target `/Users/ziangwang/Sources/vibeos/target/node-runtime/source/node-v24.14.0/out/Release/obj/gen/torque-generated/src/objects/oddball-tq-csa.h'
tools/v8_gypfiles/run_torque.target.mk:13: warning: overriding commands for target `/Users/ziangwang/Sources/vibeos/target/node-runtime/source/node-v24.14.0/out/Release/obj/gen/torque-generated/src/objects/hole-tq-csa.h'
tools/v8_gypfiles/run_torque.host.mk:13: warning: ignoring old commands for target `/Users/ziangwang/Sources/vibeos/target/node-runtime/source/node-v24.14.0/out/Release/obj/gen/torque-generated/src/objects/hole-tq-csa.h'
tools/v8_gypfiles/run_torque.target.mk:13: warning: overriding commands for target `/Users/ziangwang/Sources/vibeos/target/node-runtime/source/node-v24.14.0/out/Release/obj/gen/torque-generated/src/objects/trusted-object-tq-csa.h'
tools/v8_gypfiles/run_torque.host.mk:13: warning: ignoring old commands for target `/Users/ziangwang/Sources/vibeos/target/node-runtime/source/node-v24.14.0/out/Release/obj/gen/torque-generated/src/objects/trusted-object-tq-csa.h'
tools/v8_gypfiles/run_torque.target.mk:13: warning: overriding commands for target `/Users/ziangwang/Sources/vibeos/target/node-runtime/source/node-v24.14.0/out/Release/obj/gen/torque-generated/src/objects/ordered-hash-table-tq-csa.h'
tools/v8_gypfiles/run_torque.host.mk:13: warning: ignoring old commands for target `/Users/ziangwang/Sources/vibeos/target/node-runtime/source/node-v24.14.0/out/Release/obj/gen/torque-generated/src/objects/ordered-hash-table-tq-csa.h'
tools/v8_gypfiles/run_torque.target.mk:13: warning: overriding commands for target `/Users/ziangwang/Sources/vibeos/target/node-runtime/source/node-v24.14.0/out/Release/obj/gen/torque-generated/src/objects/primitive-heap-object-tq-csa.h'
tools/v8_gypfiles/run_torque.host.mk:13: warning: ignoring old commands for target `/Users/ziangwang/Sources/vibeos/target/node-runtime/source/node-v24.14.0/out/Release/obj/gen/torque-generated/src/objects/primitive-heap-object-tq-csa.h'
tools/v8_gypfiles/run_torque.target.mk:13: warning: overriding commands for target `/Users/ziangwang/Sources/vibeos/target/node-runtime/source/node-v24.14.0/out/Release/obj/gen/torque-generated/src/objects/promise-tq-csa.h'
tools/v8_gypfiles/run_torque.host.mk:13: warning: ignoring old commands for target `/Users/ziangwang/Sources/vibeos/target/node-runtime/source/node-v24.14.0/out/Release/obj/gen/torque-generated/src/objects/promise-tq-csa.h'
tools/v8_gypfiles/run_torque.target.mk:13: warning: overriding commands for target `/Users/ziangwang/Sources/vibeos/target/node-runtime/source/node-v24.14.0/out/Release/obj/gen/torque-generated/src/objects/property-array-tq-csa.h'
tools/v8_gypfiles/run_torque.host.mk:13: warning: ignoring old commands for target `/Users/ziangwang/Sources/vibeos/target/node-runtime/source/node-v24.14.0/out/Release/obj/gen/torque-generated/src/objects/property-array-tq-csa.h'
tools/v8_gypfiles/run_torque.target.mk:13: warning: overriding commands for target `/Users/ziangwang/Sources/vibeos/target/node-runtime/source/node-v24.14.0/out/Release/obj/gen/torque-generated/src/objects/property-cell-tq-csa.h'
tools/v8_gypfiles/run_torque.host.mk:13: warning: ignoring old commands for target `/Users/ziangwang/Sources/vibeos/target/node-runtime/source/node-v24.14.0/out/Release/obj/gen/torque-generated/src/objects/property-cell-tq-csa.h'
tools/v8_gypfiles/run_torque.target.mk:13: warning: overriding commands for target `/Users/ziangwang/Sources/vibeos/target/node-runtime/source/node-v24.14.0/out/Release/obj/gen/torque-generated/src/objects/property-descriptor-object-tq-csa.h'
tools/v8_gypfiles/run_torque.host.mk:13: warning: ignoring old commands for target `/Users/ziangwang/Sources/vibeos/target/node-runtime/source/node-v24.14.0/out/Release/obj/gen/torque-generated/src/objects/property-descriptor-object-tq-csa.h'
tools/v8_gypfiles/run_torque.target.mk:13: warning: overriding commands for target `/Users/ziangwang/Sources/vibeos/target/node-runtime/source/node-v24.14.0/out/Release/obj/gen/torque-generated/src/objects/prototype-info-tq-csa.h'
tools/v8_gypfiles/run_torque.host.mk:13: warning: ignoring old commands for target `/Users/ziangwang/Sources/vibeos/target/node-runtime/source/node-v24.14.0/out/Release/obj/gen/torque-generated/src/objects/prototype-info-tq-csa.h'
tools/v8_gypfiles/run_torque.target.mk:13: warning: overriding commands for target `/Users/ziangwang/Sources/vibeos/target/node-runtime/source/node-v24.14.0/out/Release/obj/gen/torque-generated/src/objects/regexp-match-info-tq-csa.h'
tools/v8_gypfiles/run_torque.host.mk:13: warning: ignoring old commands for target `/Users/ziangwang/Sources/vibeos/target/node-runtime/source/node-v24.14.0/out/Release/obj/gen/torque-generated/src/objects/regexp-match-info-tq-csa.h'
tools/v8_gypfiles/run_torque.target.mk:13: warning: overriding commands for target `/Users/ziangwang/Sources/vibeos/target/node-runtime/source/node-v24.14.0/out/Release/obj/gen/torque-generated/src/objects/scope-info-tq-csa.h'
tools/v8_gypfiles/run_torque.host.mk:13: warning: ignoring old commands for target `/Users/ziangwang/Sources/vibeos/target/node-runtime/source/node-v24.14.0/out/Release/obj/gen/torque-generated/src/objects/scope-info-tq-csa.h'
tools/v8_gypfiles/run_torque.target.mk:13: warning: overriding commands for target `/Users/ziangwang/Sources/vibeos/target/node-runtime/source/node-v24.14.0/out/Release/obj/gen/torque-generated/src/objects/script-tq-csa.h'
tools/v8_gypfiles/run_torque.host.mk:13: warning: ignoring old commands for target `/Users/ziangwang/Sources/vibeos/target/node-runtime/source/node-v24.14.0/out/Release/obj/gen/torque-generated/src/objects/script-tq-csa.h'
tools/v8_gypfiles/run_torque.target.mk:13: warning: overriding commands for target `/Users/ziangwang/Sources/vibeos/target/node-runtime/source/node-v24.14.0/out/Release/obj/gen/torque-generated/src/objects/shared-function-info-tq-csa.h'
tools/v8_gypfiles/run_torque.host.mk:13: warning: ignoring old commands for target `/Users/ziangwang/Sources/vibeos/target/node-runtime/source/node-v24.14.0/out/Release/obj/gen/torque-generated/src/objects/shared-function-info-tq-csa.h'
tools/v8_gypfiles/run_torque.target.mk:13: warning: overriding commands for target `/Users/ziangwang/Sources/vibeos/target/node-runtime/source/node-v24.14.0/out/Release/obj/gen/torque-generated/src/objects/source-text-module-tq-csa.h'
tools/v8_gypfiles/run_torque.host.mk:13: warning: ignoring old commands for target `/Users/ziangwang/Sources/vibeos/target/node-runtime/source/node-v24.14.0/out/Release/obj/gen/torque-generated/src/objects/source-text-module-tq-csa.h'
tools/v8_gypfiles/run_torque.target.mk:13: warning: overriding commands for target `/Users/ziangwang/Sources/vibeos/target/node-runtime/source/node-v24.14.0/out/Release/obj/gen/torque-generated/src/objects/string-tq-csa.h'
tools/v8_gypfiles/run_torque.host.mk:13: warning: ignoring old commands for target `/Users/ziangwang/Sources/vibeos/target/node-runtime/source/node-v24.14.0/out/Release/obj/gen/torque-generated/src/objects/string-tq-csa.h'
tools/v8_gypfiles/run_torque.target.mk:13: warning: overriding commands for target `/Users/ziangwang/Sources/vibeos/target/node-runtime/source/node-v24.14.0/out/Release/obj/gen/torque-generated/src/objects/struct-tq-csa.h'
tools/v8_gypfiles/run_torque.host.mk:13: warning: ignoring old commands for target `/Users/ziangwang/Sources/vibeos/target/node-runtime/source/node-v24.14.0/out/Release/obj/gen/torque-generated/src/objects/struct-tq-csa.h'
tools/v8_gypfiles/run_torque.target.mk:13: warning: overriding commands for target `/Users/ziangwang/Sources/vibeos/target/node-runtime/source/node-v24.14.0/out/Release/obj/gen/torque-generated/src/objects/swiss-hash-table-helpers-tq-csa.h'
tools/v8_gypfiles/run_torque.host.mk:13: warning: ignoring old commands for target `/Users/ziangwang/Sources/vibeos/target/node-runtime/source/node-v24.14.0/out/Release/obj/gen/torque-generated/src/objects/swiss-hash-table-helpers-tq-csa.h'
tools/v8_gypfiles/run_torque.target.mk:13: warning: overriding commands for target `/Users/ziangwang/Sources/vibeos/target/node-runtime/source/node-v24.14.0/out/Release/obj/gen/torque-generated/src/objects/swiss-name-dictionary-tq-csa.h'
tools/v8_gypfiles/run_torque.host.mk:13: warning: ignoring old commands for target `/Users/ziangwang/Sources/vibeos/target/node-runtime/source/node-v24.14.0/out/Release/obj/gen/torque-generated/src/objects/swiss-name-dictionary-tq-csa.h'
tools/v8_gypfiles/run_torque.target.mk:13: warning: overriding commands for target `/Users/ziangwang/Sources/vibeos/target/node-runtime/source/node-v24.14.0/out/Release/obj/gen/torque-generated/src/objects/synthetic-module-tq-csa.h'
tools/v8_gypfiles/run_torque.host.mk:13: warning: ignoring old commands for target `/Users/ziangwang/Sources/vibeos/target/node-runtime/source/node-v24.14.0/out/Release/obj/gen/torque-generated/src/objects/synthetic-module-tq-csa.h'
tools/v8_gypfiles/run_torque.target.mk:13: warning: overriding commands for target `/Users/ziangwang/Sources/vibeos/target/node-runtime/source/node-v24.14.0/out/Release/obj/gen/torque-generated/src/objects/template-objects-tq-csa.h'
tools/v8_gypfiles/run_torque.host.mk:13: warning: ignoring old commands for target `/Users/ziangwang/Sources/vibeos/target/node-runtime/source/node-v24.14.0/out/Release/obj/gen/torque-generated/src/objects/template-objects-tq-csa.h'
tools/v8_gypfiles/run_torque.target.mk:13: warning: overriding commands for target `/Users/ziangwang/Sources/vibeos/target/node-runtime/source/node-v24.14.0/out/Release/obj/gen/torque-generated/src/objects/templates-tq-csa.h'
tools/v8_gypfiles/run_torque.host.mk:13: warning: ignoring old commands for target `/Users/ziangwang/Sources/vibeos/target/node-runtime/source/node-v24.14.0/out/Release/obj/gen/torque-generated/src/objects/templates-tq-csa.h'
tools/v8_gypfiles/run_torque.target.mk:13: warning: overriding commands for target `/Users/ziangwang/Sources/vibeos/target/node-runtime/source/node-v24.14.0/out/Release/obj/gen/torque-generated/src/objects/torque-defined-classes-tq-csa.h'
tools/v8_gypfiles/run_torque.host.mk:13: warning: ignoring old commands for target `/Users/ziangwang/Sources/vibeos/target/node-runtime/source/node-v24.14.0/out/Release/obj/gen/torque-generated/src/objects/torque-defined-classes-tq-csa.h'
tools/v8_gypfiles/run_torque.target.mk:13: warning: overriding commands for target `/Users/ziangwang/Sources/vibeos/target/node-runtime/source/node-v24.14.0/out/Release/obj/gen/torque-generated/src/objects/turbofan-types-tq-csa.h'
tools/v8_gypfiles/run_torque.host.mk:13: warning: ignoring old commands for target `/Users/ziangwang/Sources/vibeos/target/node-runtime/source/node-v24.14.0/out/Release/obj/gen/torque-generated/src/objects/turbofan-types-tq-csa.h'
tools/v8_gypfiles/run_torque.target.mk:13: warning: overriding commands for target `/Users/ziangwang/Sources/vibeos/target/node-runtime/source/node-v24.14.0/out/Release/obj/gen/torque-generated/src/objects/turboshaft-types-tq-csa.h'
tools/v8_gypfiles/run_torque.host.mk:13: warning: ignoring old commands for target `/Users/ziangwang/Sources/vibeos/target/node-runtime/source/node-v24.14.0/out/Release/obj/gen/torque-generated/src/objects/turboshaft-types-tq-csa.h'
tools/v8_gypfiles/run_torque.target.mk:13: warning: overriding commands for target `/Users/ziangwang/Sources/vibeos/target/node-runtime/source/node-v24.14.0/out/Release/obj/gen/torque-generated/test/torque/test-torque-tq-csa.h'
tools/v8_gypfiles/run_torque.host.mk:13: warning: ignoring old commands for target `/Users/ziangwang/Sources/vibeos/target/node-runtime/source/node-v24.14.0/out/Release/obj/gen/torque-generated/test/torque/test-torque-tq-csa.h'
tools/v8_gypfiles/run_torque.target.mk:13: warning: overriding commands for target `/Users/ziangwang/Sources/vibeos/target/node-runtime/source/node-v24.14.0/out/Release/obj/gen/torque-generated/third_party/v8/builtins/array-sort-tq-csa.h'
tools/v8_gypfiles/run_torque.host.mk:13: warning: ignoring old commands for target `/Users/ziangwang/Sources/vibeos/target/node-runtime/source/node-v24.14.0/out/Release/obj/gen/torque-generated/third_party/v8/builtins/array-sort-tq-csa.h'
tools/v8_gypfiles/run_torque.target.mk:13: warning: overriding commands for target `/Users/ziangwang/Sources/vibeos/target/node-runtime/source/node-v24.14.0/out/Release/obj/gen/torque-generated/src/builtins/aggregate-error-tq-inl.inc'
tools/v8_gypfiles/run_torque.host.mk:13: warning: ignoring old commands for target `/Users/ziangwang/Sources/vibeos/target/node-runtime/source/node-v24.14.0/out/Release/obj/gen/torque-generated/src/builtins/aggregate-error-tq-inl.inc'
tools/v8_gypfiles/run_torque.target.mk:13: warning: overriding commands for target `/Users/ziangwang/Sources/vibeos/target/node-runtime/source/node-v24.14.0/out/Release/obj/gen/torque-generated/src/builtins/array-at-tq-inl.inc'
tools/v8_gypfiles/run_torque.host.mk:13: warning: ignoring old commands for target `/Users/ziangwang/Sources/vibeos/target/node-runtime/source/node-v24.14.0/out/Release/obj/gen/torque-generated/src/builtins/array-at-tq-inl.inc'
tools/v8_gypfiles/run_torque.target.mk:13: warning: overriding commands for target `/Users/ziangwang/Sources/vibeos/target/node-runtime/source/node-v24.14.0/out/Release/obj/gen/torque-generated/src/builtins/array-concat-tq-inl.inc'
tools/v8_gypfiles/run_torque.host.mk:13: warning: ignoring old commands for target `/Users/ziangwang/Sources/vibeos/target/node-runtime/source/node-v24.14.0/out/Release/obj/gen/torque-generated/src/builtins/array-concat-tq-inl.inc'
tools/v8_gypfiles/run_torque.target.mk:13: warning: overriding commands for target `/Users/ziangwang/Sources/vibeos/target/node-runtime/source/node-v24.14.0/out/Release/obj/gen/torque-generated/src/builtins/array-copywithin-tq-inl.inc'
tools/v8_gypfiles/run_torque.host.mk:13: warning: ignoring old commands for target `/Users/ziangwang/Sources/vibeos/target/node-runtime/source/node-v24.14.0/out/Release/obj/gen/torque-generated/src/builtins/array-copywithin-tq-inl.inc'
tools/v8_gypfiles/run_torque.target.mk:13: warning: overriding commands for target `/Users/ziangwang/Sources/vibeos/target/node-runtime/source/node-v24.14.0/out/Release/obj/gen/torque-generated/src/builtins/array-every-tq-inl.inc'
tools/v8_gypfiles/run_torque.host.mk:13: warning: ignoring old commands for target `/Users/ziangwang/Sources/vibeos/target/node-runtime/source/node-v24.14.0/out/Release/obj/gen/torque-generated/src/builtins/array-every-tq-inl.inc'
tools/v8_gypfiles/run_torque.target.mk:13: warning: overriding commands for target `/Users/ziangwang/Sources/vibeos/target/node-runtime/source/node-v24.14.0/out/Release/obj/gen/torque-generated/src/builtins/array-filter-tq-inl.inc'
tools/v8_gypfiles/run_torque.host.mk:13: warning: ignoring old commands for target `/Users/ziangwang/Sources/vibeos/target/node-runtime/source/node-v24.14.0/out/Release/obj/gen/torque-generated/src/builtins/array-filter-tq-inl.inc'
tools/v8_gypfiles/run_torque.target.mk:13: warning: overriding commands for target `/Users/ziangwang/Sources/vibeos/target/node-runtime/source/node-v24.14.0/out/Release/obj/gen/torque-generated/src/builtins/array-find-tq-inl.inc'
tools/v8_gypfiles/run_torque.host.mk:13: warning: ignoring old commands for target `/Users/ziangwang/Sources/vibeos/target/node-runtime/source/node-v24.14.0/out/Release/obj/gen/torque-generated/src/builtins/array-find-tq-inl.inc'
tools/v8_gypfiles/run_torque.target.mk:13: warning: overriding commands for target `/Users/ziangwang/Sources/vibeos/target/node-runtime/source/node-v24.14.0/out/Release/obj/gen/torque-generated/src/builtins/array-findindex-tq-inl.inc'
tools/v8_gypfiles/run_torque.host.mk:13: warning: ignoring old commands for target `/Users/ziangwang/Sources/vibeos/target/node-runtime/source/node-v24.14.0/out/Release/obj/gen/torque-generated/src/builtins/array-findindex-tq-inl.inc'
tools/v8_gypfiles/run_torque.target.mk:13: warning: overriding commands for target `/Users/ziangwang/Sources/vibeos/target/node-runtime/source/node-v24.14.0/out/Release/obj/gen/torque-generated/src/builtins/array-findlast-tq-inl.inc'
tools/v8_gypfiles/run_torque.host.mk:13: warning: ignoring old commands for target `/Users/ziangwang/Sources/vibeos/target/node-runtime/source/node-v24.14.0/out/Release/obj/gen/torque-generated/src/builtins/array-findlast-tq-inl.inc'
tools/v8_gypfiles/run_torque.target.mk:13: warning: overriding commands for target `/Users/ziangwang/Sources/vibeos/target/node-runtime/source/node-v24.14.0/out/Release/obj/gen/torque-generated/src/builtins/array-findlastindex-tq-inl.inc'
tools/v8_gypfiles/run_torque.host.mk:13: warning: ignoring old commands for target `/Users/ziangwang/Sources/vibeos/target/node-runtime/source/node-v24.14.0/out/Release/obj/gen/torque-generated/src/builtins/array-findlastindex-tq-inl.inc'
tools/v8_gypfiles/run_torque.target.mk:13: warning: overriding commands for target `/Users/ziangwang/Sources/vibeos/target/node-runtime/source/node-v24.14.0/out/Release/obj/gen/torque-generated/src/builtins/array-flat-tq-inl.inc'
tools/v8_gypfiles/run_torque.host.mk:13: warning: ignoring old commands for target `/Users/ziangwang/Sources/vibeos/target/node-runtime/source/node-v24.14.0/out/Release/obj/gen/torque-generated/src/builtins/array-flat-tq-inl.inc'
tools/v8_gypfiles/run_torque.target.mk:13: warning: overriding commands for target `/Users/ziangwang/Sources/vibeos/target/node-runtime/source/node-v24.14.0/out/Release/obj/gen/torque-generated/src/builtins/array-foreach-tq-inl.inc'
tools/v8_gypfiles/run_torque.host.mk:13: warning: ignoring old commands for target `/Users/ziangwang/Sources/vibeos/target/node-runtime/source/node-v24.14.0/out/Release/obj/gen/torque-generated/src/builtins/array-foreach-tq-inl.inc'
tools/v8_gypfiles/run_torque.target.mk:13: warning: overriding commands for target `/Users/ziangwang/Sources/vibeos/target/node-runtime/source/node-v24.14.0/out/Release/obj/gen/torque-generated/src/builtins/array-from-async-tq-inl.inc'
tools/v8_gypfiles/run_torque.host.mk:13: warning: ignoring old commands for target `/Users/ziangwang/Sources/vibeos/target/node-runtime/source/node-v24.14.0/out/Release/obj/gen/torque-generated/src/builtins/array-from-async-tq-inl.inc'
tools/v8_gypfiles/run_torque.target.mk:13: warning: overriding commands for target `/Users/ziangwang/Sources/vibeos/target/node-runtime/source/node-v24.14.0/out/Release/obj/gen/torque-generated/src/builtins/array-from-tq-inl.inc'
tools/v8_gypfiles/run_torque.host.mk:13: warning: ignoring old commands for target `/Users/ziangwang/Sources/vibeos/target/node-runtime/source/node-v24.14.0/out/Release/obj/gen/torque-generated/src/builtins/array-from-tq-inl.inc'
tools/v8_gypfiles/run_torque.target.mk:13: warning: overriding commands for target `/Users/ziangwang/Sources/vibeos/target/node-runtime/source/node-v24.14.0/out/Release/obj/gen/torque-generated/src/builtins/array-isarray-tq-inl.inc'
tools/v8_gypfiles/run_torque.host.mk:13: warning: ignoring old commands for target `/Users/ziangwang/Sources/vibeos/target/node-runtime/source/node-v24.14.0/out/Release/obj/gen/torque-generated/src/builtins/array-isarray-tq-inl.inc'
tools/v8_gypfiles/run_torque.target.mk:13: warning: overriding commands for target `/Users/ziangwang/Sources/vibeos/target/node-runtime/source/node-v24.14.0/out/Release/obj/gen/torque-generated/src/builtins/array-join-tq-inl.inc'
tools/v8_gypfiles/run_torque.host.mk:13: warning: ignoring old commands for target `/Users/ziangwang/Sources/vibeos/target/node-runtime/source/node-v24.14.0/out/Release/obj/gen/torque-generated/src/builtins/array-join-tq-inl.inc'
tools/v8_gypfiles/run_torque.target.mk:13: warning: overriding commands for target `/Users/ziangwang/Sources/vibeos/target/node-runtime/source/node-v24.14.0/out/Release/obj/gen/torque-generated/src/builtins/array-lastindexof-tq-inl.inc'
tools/v8_gypfiles/run_torque.host.mk:13: warning: ignoring old commands for target `/Users/ziangwang/Sources/vibeos/target/node-runtime/source/node-v24.14.0/out/Release/obj/gen/torque-generated/src/builtins/array-lastindexof-tq-inl.inc'
tools/v8_gypfiles/run_torque.target.mk:13: warning: overriding commands for target `/Users/ziangwang/Sources/vibeos/target/node-runtime/source/node-v24.14.0/out/Release/obj/gen/torque-generated/src/builtins/array-map-tq-inl.inc'
tools/v8_gypfiles/run_torque.host.mk:13: warning: ignoring old commands for target `/Users/ziangwang/Sources/vibeos/target/node-runtime/source/node-v24.14.0/out/Release/obj/gen/torque-generated/src/builtins/array-map-tq-inl.inc'
tools/v8_gypfiles/run_torque.target.mk:13: warning: overriding commands for target `/Users/ziangwang/Sources/vibeos/target/node-runtime/source/node-v24.14.0/out/Release/obj/gen/torque-generated/src/builtins/array-of-tq-inl.inc'
tools/v8_gypfiles/run_torque.host.mk:13: warning: ignoring old commands for target `/Users/ziangwang/Sources/vibeos/target/node-runtime/source/node-v24.14.0/out/Release/obj/gen/torque-generated/src/builtins/array-of-tq-inl.inc'
tools/v8_gypfiles/run_torque.target.mk:13: warning: overriding commands for target `/Users/ziangwang/Sources/vibeos/target/node-runtime/source/node-v24.14.0/out/Release/obj/gen/torque-generated/src/builtins/array-reduce-right-tq-inl.inc'
tools/v8_gypfiles/run_torque.host.mk:13: warning: ignoring old commands for target `/Users/ziangwang/Sources/vibeos/target/node-runtime/source/node-v24.14.0/out/Release/obj/gen/torque-generated/src/builtins/array-reduce-right-tq-inl.inc'
tools/v8_gypfiles/run_torque.target.mk:13: warning: overriding commands for target `/Users/ziangwang/Sources/vibeos/target/node-runtime/source/node-v24.14.0/out/Release/obj/gen/torque-generated/src/builtins/array-reduce-tq-inl.inc'
tools/v8_gypfiles/run_torque.host.mk:13: warning: ignoring old commands for target `/Users/ziangwang/Sources/vibeos/target/node-runtime/source/node-v24.14.0/out/Release/obj/gen/torque-generated/src/builtins/array-reduce-tq-inl.inc'
tools/v8_gypfiles/run_torque.target.mk:13: warning: overriding commands for target `/Users/ziangwang/Sources/vibeos/target/node-runtime/source/node-v24.14.0/out/Release/obj/gen/torque-generated/src/builtins/array-reverse-tq-inl.inc'
tools/v8_gypfiles/run_torque.host.mk:13: warning: ignoring old commands for target `/Users/ziangwang/Sources/vibeos/target/node-runtime/source/node-v24.14.0/out/Release/obj/gen/torque-generated/src/builtins/array-reverse-tq-inl.inc'
tools/v8_gypfiles/run_torque.target.mk:13: warning: overriding commands for target `/Users/ziangwang/Sources/vibeos/target/node-runtime/source/node-v24.14.0/out/Release/obj/gen/torque-generated/src/builtins/array-shift-tq-inl.inc'
tools/v8_gypfiles/run_torque.host.mk:13: warning: ignoring old commands for target `/Users/ziangwang/Sources/vibeos/target/node-runtime/source/node-v24.14.0/out/Release/obj/gen/torque-generated/src/builtins/array-shift-tq-inl.inc'
tools/v8_gypfiles/run_torque.target.mk:13: warning: overriding commands for target `/Users/ziangwang/Sources/vibeos/target/node-runtime/source/node-v24.14.0/out/Release/obj/gen/torque-generated/src/builtins/array-slice-tq-inl.inc'
tools/v8_gypfiles/run_torque.host.mk:13: warning: ignoring old commands for target `/Users/ziangwang/Sources/vibeos/target/node-runtime/source/node-v24.14.0/out/Release/obj/gen/torque-generated/src/builtins/array-slice-tq-inl.inc'
tools/v8_gypfiles/run_torque.target.mk:13: warning: overriding commands for target `/Users/ziangwang/Sources/vibeos/target/node-runtime/source/node-v24.14.0/out/Release/obj/gen/torque-generated/src/builtins/array-some-tq-inl.inc'
tools/v8_gypfiles/run_torque.host.mk:13: warning: ignoring old commands for target `/Users/ziangwang/Sources/vibeos/target/node-runtime/source/node-v24.14.0/out/Release/obj/gen/torque-generated/src/builtins/array-some-tq-inl.inc'
tools/v8_gypfiles/run_torque.target.mk:13: warning: overriding commands for target `/Users/ziangwang/Sources/vibeos/target/node-runtime/source/node-v24.14.0/out/Release/obj/gen/torque-generated/src/builtins/array-splice-tq-inl.inc'
tools/v8_gypfiles/run_torque.host.mk:13: warning: ignoring old commands for target `/Users/ziangwang/Sources/vibeos/target/node-runtime/source/node-v24.14.0/out/Release/obj/gen/torque-generated/src/builtins/array-splice-tq-inl.inc'
tools/v8_gypfiles/run_torque.target.mk:13: warning: overriding commands for target `/Users/ziangwang/Sources/vibeos/target/node-runtime/source/node-v24.14.0/out/Release/obj/gen/torque-generated/src/builtins/array-to-reversed-tq-inl.inc'
tools/v8_gypfiles/run_torque.host.mk:13: warning: ignoring old commands for target `/Users/ziangwang/Sources/vibeos/target/node-runtime/source/node-v24.14.0/out/Release/obj/gen/torque-generated/src/builtins/array-to-reversed-tq-inl.inc'
tools/v8_gypfiles/run_torque.target.mk:13: warning: overriding commands for target `/Users/ziangwang/Sources/vibeos/target/node-runtime/source/node-v24.14.0/out/Release/obj/gen/torque-generated/src/builtins/array-to-sorted-tq-inl.inc'
tools/v8_gypfiles/run_torque.host.mk:13: warning: ignoring old commands for target `/Users/ziangwang/Sources/vibeos/target/node-runtime/source/node-v24.14.0/out/Release/obj/gen/torque-generated/src/builtins/array-to-sorted-tq-inl.inc'
tools/v8_gypfiles/run_torque.target.mk:13: warning: overriding commands for target `/Users/ziangwang/Sources/vibeos/target/node-runtime/source/node-v24.14.0/out/Release/obj/gen/torque-generated/src/builtins/array-to-spliced-tq-inl.inc'
tools/v8_gypfiles/run_torque.host.mk:13: warning: ignoring old commands for target `/Users/ziangwang/Sources/vibeos/target/node-runtime/source/node-v24.14.0/out/Release/obj/gen/torque-generated/src/builtins/array-to-spliced-tq-inl.inc'
tools/v8_gypfiles/run_torque.target.mk:13: warning: overriding commands for target `/Users/ziangwang/Sources/vibeos/target/node-runtime/source/node-v24.14.0/out/Release/obj/gen/torque-generated/src/builtins/array-unshift-tq-inl.inc'
tools/v8_gypfiles/run_torque.host.mk:13: warning: ignoring old commands for target `/Users/ziangwang/Sources/vibeos/target/node-runtime/source/node-v24.14.0/out/Release/obj/gen/torque-generated/src/builtins/array-unshift-tq-inl.inc'
tools/v8_gypfiles/run_torque.target.mk:13: warning: overriding commands for target `/Users/ziangwang/Sources/vibeos/target/node-runtime/source/node-v24.14.0/out/Release/obj/gen/torque-generated/src/builtins/array-with-tq-inl.inc'
tools/v8_gypfiles/run_torque.host.mk:13: warning: ignoring old commands for target `/Users/ziangwang/Sources/vibeos/target/node-runtime/source/node-v24.14.0/out/Release/obj/gen/torque-generated/src/builtins/array-with-tq-inl.inc'
tools/v8_gypfiles/run_torque.target.mk:13: warning: overriding commands for target `/Users/ziangwang/Sources/vibeos/target/node-runtime/source/node-v24.14.0/out/Release/obj/gen/torque-generated/src/builtins/array-tq-inl.inc'
tools/v8_gypfiles/run_torque.host.mk:13: warning: ignoring old commands for target `/Users/ziangwang/Sources/vibeos/target/node-runtime/source/node-v24.14.0/out/Release/obj/gen/torque-generated/src/builtins/array-tq-inl.inc'
tools/v8_gypfiles/run_torque.target.mk:13: warning: overriding commands for target `/Users/ziangwang/Sources/vibeos/target/node-runtime/source/node-v24.14.0/out/Release/obj/gen/torque-generated/src/builtins/arraybuffer-tq-inl.inc'
tools/v8_gypfiles/run_torque.host.mk:13: warning: ignoring old commands for target `/Users/ziangwang/Sources/vibeos/target/node-runtime/source/node-v24.14.0/out/Release/obj/gen/torque-generated/src/builtins/arraybuffer-tq-inl.inc'
tools/v8_gypfiles/run_torque.target.mk:13: warning: overriding commands for target `/Users/ziangwang/Sources/vibeos/target/node-runtime/source/node-v24.14.0/out/Release/obj/gen/torque-generated/src/builtins/base-tq-inl.inc'
tools/v8_gypfiles/run_torque.host.mk:13: warning: ignoring old commands for target `/Users/ziangwang/Sources/vibeos/target/node-runtime/source/node-v24.14.0/out/Release/obj/gen/torque-generated/src/builtins/base-tq-inl.inc'
tools/v8_gypfiles/run_torque.target.mk:13: warning: overriding commands for target `/Users/ziangwang/Sources/vibeos/target/node-runtime/source/node-v24.14.0/out/Release/obj/gen/torque-generated/src/builtins/boolean-tq-inl.inc'
tools/v8_gypfiles/run_torque.host.mk:13: warning: ignoring old commands for target `/Users/ziangwang/Sources/vibeos/target/node-runtime/source/node-v24.14.0/out/Release/obj/gen/torque-generated/src/builtins/boolean-tq-inl.inc'
tools/v8_gypfiles/run_torque.target.mk:13: warning: overriding commands for target `/Users/ziangwang/Sources/vibeos/target/node-runtime/source/node-v24.14.0/out/Release/obj/gen/torque-generated/src/builtins/builtins-bigint-tq-inl.inc'
tools/v8_gypfiles/run_torque.host.mk:13: warning: ignoring old commands for target `/Users/ziangwang/Sources/vibeos/target/node-runtime/source/node-v24.14.0/out/Release/obj/gen/torque-generated/src/builtins/builtins-bigint-tq-inl.inc'
tools/v8_gypfiles/run_torque.target.mk:13: warning: overriding commands for target `/Users/ziangwang/Sources/vibeos/target/node-runtime/source/node-v24.14.0/out/Release/obj/gen/torque-generated/src/builtins/builtins-string-tq-inl.inc'
tools/v8_gypfiles/run_torque.host.mk:13: warning: ignoring old commands for target `/Users/ziangwang/Sources/vibeos/target/node-runtime/source/node-v24.14.0/out/Release/obj/gen/torque-generated/src/builtins/builtins-string-tq-inl.inc'
tools/v8_gypfiles/run_torque.target.mk:13: warning: overriding commands for target `/Users/ziangwang/Sources/vibeos/target/node-runtime/source/node-v24.14.0/out/Release/obj/gen/torque-generated/src/builtins/cast-tq-inl.inc'
tools/v8_gypfiles/run_torque.host.mk:13: warning: ignoring old commands for target `/Users/ziangwang/Sources/vibeos/target/node-runtime/source/node-v24.14.0/out/Release/obj/gen/torque-generated/src/builtins/cast-tq-inl.inc'
tools/v8_gypfiles/run_torque.target.mk:13: warning: overriding commands for target `/Users/ziangwang/Sources/vibeos/target/node-runtime/source/node-v24.14.0/out/Release/obj/gen/torque-generated/src/builtins/collections-tq-inl.inc'
tools/v8_gypfiles/run_torque.host.mk:13: warning: ignoring old commands for target `/Users/ziangwang/Sources/vibeos/target/node-runtime/source/node-v24.14.0/out/Release/obj/gen/torque-generated/src/builtins/collections-tq-inl.inc'
tools/v8_gypfiles/run_torque.target.mk:13: warning: overriding commands for target `/Users/ziangwang/Sources/vibeos/target/node-runtime/source/node-v24.14.0/out/Release/obj/gen/torque-generated/src/builtins/constructor-tq-inl.inc'
tools/v8_gypfiles/run_torque.host.mk:13: warning: ignoring old commands for target `/Users/ziangwang/Sources/vibeos/target/node-runtime/source/node-v24.14.0/out/Release/obj/gen/torque-generated/src/builtins/constructor-tq-inl.inc'
tools/v8_gypfiles/run_torque.target.mk:13: warning: overriding commands for target `/Users/ziangwang/Sources/vibeos/target/node-runtime/source/node-v24.14.0/out/Release/obj/gen/torque-generated/src/builtins/conversion-tq-inl.inc'
tools/v8_gypfiles/run_torque.host.mk:13: warning: ignoring old commands for target `/Users/ziangwang/Sources/vibeos/target/node-runtime/source/node-v24.14.0/out/Release/obj/gen/torque-generated/src/builtins/conversion-tq-inl.inc'
tools/v8_gypfiles/run_torque.target.mk:13: warning: overriding commands for target `/Users/ziangwang/Sources/vibeos/target/node-runtime/source/node-v24.14.0/out/Release/obj/gen/torque-generated/src/builtins/convert-tq-inl.inc'
tools/v8_gypfiles/run_torque.host.mk:13: warning: ignoring old commands for target `/Users/ziangwang/Sources/vibeos/target/node-runtime/source/node-v24.14.0/out/Release/obj/gen/torque-generated/src/builtins/convert-tq-inl.inc'
tools/v8_gypfiles/run_torque.target.mk:13: warning: overriding commands for target `/Users/ziangwang/Sources/vibeos/target/node-runtime/source/node-v24.14.0/out/Release/obj/gen/torque-generated/src/builtins/console-tq-inl.inc'
tools/v8_gypfiles/run_torque.host.mk:13: warning: ignoring old commands for target `/Users/ziangwang/Sources/vibeos/target/node-runtime/source/node-v24.14.0/out/Release/obj/gen/torque-generated/src/builtins/console-tq-inl.inc'
tools/v8_gypfiles/run_torque.target.mk:13: warning: overriding commands for target `/Users/ziangwang/Sources/vibeos/target/node-runtime/source/node-v24.14.0/out/Release/obj/gen/torque-generated/src/builtins/data-view-tq-inl.inc'
tools/v8_gypfiles/run_torque.host.mk:13: warning: ignoring old commands for target `/Users/ziangwang/Sources/vibeos/target/node-runtime/source/node-v24.14.0/out/Release/obj/gen/torque-generated/src/builtins/data-view-tq-inl.inc'
tools/v8_gypfiles/run_torque.target.mk:13: warning: overriding commands for target `/Users/ziangwang/Sources/vibeos/target/node-runtime/source/node-v24.14.0/out/Release/obj/gen/torque-generated/src/builtins/finalization-registry-tq-inl.inc'
tools/v8_gypfiles/run_torque.host.mk:13: warning: ignoring old commands for target `/Users/ziangwang/Sources/vibeos/target/node-runtime/source/node-v24.14.0/out/Release/obj/gen/torque-generated/src/builtins/finalization-registry-tq-inl.inc'
tools/v8_gypfiles/run_torque.target.mk:13: warning: overriding commands for target `/Users/ziangwang/Sources/vibeos/target/node-runtime/source/node-v24.14.0/out/Release/obj/gen/torque-generated/src/builtins/frames-tq-inl.inc'
tools/v8_gypfiles/run_torque.host.mk:13: warning: ignoring old commands for target `/Users/ziangwang/Sources/vibeos/target/node-runtime/source/node-v24.14.0/out/Release/obj/gen/torque-generated/src/builtins/frames-tq-inl.inc'
tools/v8_gypfiles/run_torque.target.mk:13: warning: overriding commands for target `/Users/ziangwang/Sources/vibeos/target/node-runtime/source/node-v24.14.0/out/Release/obj/gen/torque-generated/src/builtins/frame-arguments-tq-inl.inc'
tools/v8_gypfiles/run_torque.host.mk:13: warning: ignoring old commands for target `/Users/ziangwang/Sources/vibeos/target/node-runtime/source/node-v24.14.0/out/Release/obj/gen/torque-generated/src/builtins/frame-arguments-tq-inl.inc'
tools/v8_gypfiles/run_torque.target.mk:13: warning: overriding commands for target `/Users/ziangwang/Sources/vibeos/target/node-runtime/source/node-v24.14.0/out/Release/obj/gen/torque-generated/src/builtins/function-tq-inl.inc'
tools/v8_gypfiles/run_torque.host.mk:13: warning: ignoring old commands for target `/Users/ziangwang/Sources/vibeos/target/node-runtime/source/node-v24.14.0/out/Release/obj/gen/torque-generated/src/builtins/function-tq-inl.inc'
tools/v8_gypfiles/run_torque.target.mk:13: warning: overriding commands for target `/Users/ziangwang/Sources/vibeos/target/node-runtime/source/node-v24.14.0/out/Release/obj/gen/torque-generated/src/builtins/growable-fixed-array-tq-inl.inc'
tools/v8_gypfiles/run_torque.host.mk:13: warning: ignoring old commands for target `/Users/ziangwang/Sources/vibeos/target/node-runtime/source/node-v24.14.0/out/Release/obj/gen/torque-generated/src/builtins/growable-fixed-array-tq-inl.inc'
tools/v8_gypfiles/run_torque.target.mk:13: warning: overriding commands for target `/Users/ziangwang/Sources/vibeos/target/node-runtime/source/node-v24.14.0/out/Release/obj/gen/torque-generated/src/builtins/ic-callable-tq-inl.inc'
tools/v8_gypfiles/run_torque.host.mk:13: warning: ignoring old commands for target `/Users/ziangwang/Sources/vibeos/target/node-runtime/source/node-v24.14.0/out/Release/obj/gen/torque-generated/src/builtins/ic-callable-tq-inl.inc'
tools/v8_gypfiles/run_torque.target.mk:13: warning: overriding commands for target `/Users/ziangwang/Sources/vibeos/target/node-runtime/source/node-v24.14.0/out/Release/obj/gen/torque-generated/src/builtins/ic-tq-inl.inc'
tools/v8_gypfiles/run_torque.host.mk:13: warning: ignoring old commands for target `/Users/ziangwang/Sources/vibeos/target/node-runtime/source/node-v24.14.0/out/Release/obj/gen/torque-generated/src/builtins/ic-tq-inl.inc'
tools/v8_gypfiles/run_torque.target.mk:13: warning: overriding commands for target `/Users/ziangwang/Sources/vibeos/target/node-runtime/source/node-v24.14.0/out/Release/obj/gen/torque-generated/src/builtins/internal-coverage-tq-inl.inc'
tools/v8_gypfiles/run_torque.host.mk:13: warning: ignoring old commands for target `/Users/ziangwang/Sources/vibeos/target/node-runtime/source/node-v24.14.0/out/Release/obj/gen/torque-generated/src/builtins/internal-coverage-tq-inl.inc'
tools/v8_gypfiles/run_torque.target.mk:13: warning: overriding commands for target `/Users/ziangwang/Sources/vibeos/target/node-runtime/source/node-v24.14.0/out/Release/obj/gen/torque-generated/src/builtins/internal-tq-inl.inc'
tools/v8_gypfiles/run_torque.host.mk:13: warning: ignoring old commands for target `/Users/ziangwang/Sources/vibeos/target/node-runtime/source/node-v24.14.0/out/Release/obj/gen/torque-generated/src/builtins/internal-tq-inl.inc'
tools/v8_gypfiles/run_torque.target.mk:13: warning: overriding commands for target `/Users/ziangwang/Sources/vibeos/target/node-runtime/source/node-v24.14.0/out/Release/obj/gen/torque-generated/src/builtins/iterator-tq-inl.inc'
tools/v8_gypfiles/run_torque.host.mk:13: warning: ignoring old commands for target `/Users/ziangwang/Sources/vibeos/target/node-runtime/source/node-v24.14.0/out/Release/obj/gen/torque-generated/src/builtins/iterator-tq-inl.inc'
tools/v8_gypfiles/run_torque.target.mk:13: warning: overriding commands for target `/Users/ziangwang/Sources/vibeos/target/node-runtime/source/node-v24.14.0/out/Release/obj/gen/torque-generated/src/builtins/iterator-from-tq-inl.inc'
tools/v8_gypfiles/run_torque.host.mk:13: warning: ignoring old commands for target `/Users/ziangwang/Sources/vibeos/target/node-runtime/source/node-v24.14.0/out/Release/obj/gen/torque-generated/src/builtins/iterator-from-tq-inl.inc'
tools/v8_gypfiles/run_torque.target.mk:13: warning: overriding commands for target `/Users/ziangwang/Sources/vibeos/target/node-runtime/source/node-v24.14.0/out/Release/obj/gen/torque-generated/src/builtins/iterator-helpers-tq-inl.inc'
tools/v8_gypfiles/run_torque.host.mk:13: warning: ignoring old commands for target `/Users/ziangwang/Sources/vibeos/target/node-runtime/source/node-v24.14.0/out/Release/obj/gen/torque-generated/src/builtins/iterator-helpers-tq-inl.inc'
tools/v8_gypfiles/run_torque.target.mk:13: warning: overriding commands for target `/Users/ziangwang/Sources/vibeos/target/node-runtime/source/node-v24.14.0/out/Release/obj/gen/torque-generated/src/builtins/map-groupby-tq-inl.inc'
tools/v8_gypfiles/run_torque.host.mk:13: warning: ignoring old commands for target `/Users/ziangwang/Sources/vibeos/target/node-runtime/source/node-v24.14.0/out/Release/obj/gen/torque-generated/src/builtins/map-groupby-tq-inl.inc'
tools/v8_gypfiles/run_torque.target.mk:13: warning: overriding commands for target `/Users/ziangwang/Sources/vibeos/target/node-runtime/source/node-v24.14.0/out/Release/obj/gen/torque-generated/src/builtins/math-tq-inl.inc'
tools/v8_gypfiles/run_torque.host.mk:13: warning: ignoring old commands for target `/Users/ziangwang/Sources/vibeos/target/node-runtime/source/node-v24.14.0/out/Release/obj/gen/torque-generated/src/builtins/math-tq-inl.inc'
tools/v8_gypfiles/run_torque.target.mk:13: warning: overriding commands for target `/Users/ziangwang/Sources/vibeos/target/node-runtime/source/node-v24.14.0/out/Release/obj/gen/torque-generated/src/builtins/number-tq-inl.inc'
tools/v8_gypfiles/run_torque.host.mk:13: warning: ignoring old commands for target `/Users/ziangwang/Sources/vibeos/target/node-runtime/source/node-v24.14.0/out/Release/obj/gen/torque-generated/src/builtins/number-tq-inl.inc'
tools/v8_gypfiles/run_torque.target.mk:13: warning: overriding commands for target `/Users/ziangwang/Sources/vibeos/target/node-runtime/source/node-v24.14.0/out/Release/obj/gen/torque-generated/src/builtins/object-fromentries-tq-inl.inc'
tools/v8_gypfiles/run_torque.host.mk:13: warning: ignoring old commands for target `/Users/ziangwang/Sources/vibeos/target/node-runtime/source/node-v24.14.0/out/Release/obj/gen/torque-generated/src/builtins/object-fromentries-tq-inl.inc'
tools/v8_gypfiles/run_torque.target.mk:13: warning: overriding commands for target `/Users/ziangwang/Sources/vibeos/target/node-runtime/source/node-v24.14.0/out/Release/obj/gen/torque-generated/src/builtins/object-groupby-tq-inl.inc'
tools/v8_gypfiles/run_torque.host.mk:13: warning: ignoring old commands for target `/Users/ziangwang/Sources/vibeos/target/node-runtime/source/node-v24.14.0/out/Release/obj/gen/torque-generated/src/builtins/object-groupby-tq-inl.inc'
tools/v8_gypfiles/run_torque.target.mk:13: warning: overriding commands for target `/Users/ziangwang/Sources/vibeos/target/node-runtime/source/node-v24.14.0/out/Release/obj/gen/torque-generated/src/builtins/object-tq-inl.inc'
tools/v8_gypfiles/run_torque.host.mk:13: warning: ignoring old commands for target `/Users/ziangwang/Sources/vibeos/target/node-runtime/source/node-v24.14.0/out/Release/obj/gen/torque-generated/src/builtins/object-tq-inl.inc'
tools/v8_gypfiles/run_torque.target.mk:13: warning: overriding commands for target `/Users/ziangwang/Sources/vibeos/target/node-runtime/source/node-v24.14.0/out/Release/obj/gen/torque-generated/src/builtins/promise-abstract-operations-tq-inl.inc'
tools/v8_gypfiles/run_torque.host.mk:13: warning: ignoring old commands for target `/Users/ziangwang/Sources/vibeos/target/node-runtime/source/node-v24.14.0/out/Release/obj/gen/torque-generated/src/builtins/promise-abstract-operations-tq-inl.inc'
tools/v8_gypfiles/run_torque.target.mk:13: warning: overriding commands for target `/Users/ziangwang/Sources/vibeos/target/node-runtime/source/node-v24.14.0/out/Release/obj/gen/torque-generated/src/builtins/promise-all-tq-inl.inc'
tools/v8_gypfiles/run_torque.host.mk:13: warning: ignoring old commands for target `/Users/ziangwang/Sources/vibeos/target/node-runtime/source/node-v24.14.0/out/Release/obj/gen/torque-generated/src/builtins/promise-all-tq-inl.inc'
tools/v8_gypfiles/run_torque.target.mk:13: warning: overriding commands for target `/Users/ziangwang/Sources/vibeos/target/node-runtime/source/node-v24.14.0/out/Release/obj/gen/torque-generated/src/builtins/promise-all-element-closure-tq-inl.inc'
tools/v8_gypfiles/run_torque.host.mk:13: warning: ignoring old commands for target `/Users/ziangwang/Sources/vibeos/target/node-runtime/source/node-v24.14.0/out/Release/obj/gen/torque-generated/src/builtins/promise-all-element-closure-tq-inl.inc'
tools/v8_gypfiles/run_torque.target.mk:13: warning: overriding commands for target `/Users/ziangwang/Sources/vibeos/target/node-runtime/source/node-v24.14.0/out/Release/obj/gen/torque-generated/src/builtins/promise-any-tq-inl.inc'
tools/v8_gypfiles/run_torque.host.mk:13: warning: ignoring old commands for target `/Users/ziangwang/Sources/vibeos/target/node-runtime/source/node-v24.14.0/out/Release/obj/gen/torque-generated/src/builtins/promise-any-tq-inl.inc'
tools/v8_gypfiles/run_torque.target.mk:13: warning: overriding commands for target `/Users/ziangwang/Sources/vibeos/target/node-runtime/source/node-v24.14.0/out/Release/obj/gen/torque-generated/src/builtins/promise-constructor-tq-inl.inc'
tools/v8_gypfiles/run_torque.host.mk:13: warning: ignoring old commands for target `/Users/ziangwang/Sources/vibeos/target/node-runtime/source/node-v24.14.0/out/Release/obj/gen/torque-generated/src/builtins/promise-constructor-tq-inl.inc'
tools/v8_gypfiles/run_torque.target.mk:13: warning: overriding commands for target `/Users/ziangwang/Sources/vibeos/target/node-runtime/source/node-v24.14.0/out/Release/obj/gen/torque-generated/src/builtins/promise-finally-tq-inl.inc'
tools/v8_gypfiles/run_torque.host.mk:13: warning: ignoring old commands for target `/Users/ziangwang/Sources/vibeos/target/node-runtime/source/node-v24.14.0/out/Release/obj/gen/torque-generated/src/builtins/promise-finally-tq-inl.inc'
tools/v8_gypfiles/run_torque.target.mk:13: warning: overriding commands for target `/Users/ziangwang/Sources/vibeos/target/node-runtime/source/node-v24.14.0/out/Release/obj/gen/torque-generated/src/builtins/promise-jobs-tq-inl.inc'
tools/v8_gypfiles/run_torque.host.mk:13: warning: ignoring old commands for target `/Users/ziangwang/Sources/vibeos/target/node-runtime/source/node-v24.14.0/out/Release/obj/gen/torque-generated/src/builtins/promise-jobs-tq-inl.inc'
tools/v8_gypfiles/run_torque.target.mk:13: warning: overriding commands for target `/Users/ziangwang/Sources/vibeos/target/node-runtime/source/node-v24.14.0/out/Release/obj/gen/torque-generated/src/builtins/promise-misc-tq-inl.inc'
tools/v8_gypfiles/run_torque.host.mk:13: warning: ignoring old commands for target `/Users/ziangwang/Sources/vibeos/target/node-runtime/source/node-v24.14.0/out/Release/obj/gen/torque-generated/src/builtins/promise-misc-tq-inl.inc'
tools/v8_gypfiles/run_torque.target.mk:13: warning: overriding commands for target `/Users/ziangwang/Sources/vibeos/target/node-runtime/source/node-v24.14.0/out/Release/obj/gen/torque-generated/src/builtins/promise-race-tq-inl.inc'
tools/v8_gypfiles/run_torque.host.mk:13: warning: ignoring old commands for target `/Users/ziangwang/Sources/vibeos/target/node-runtime/source/node-v24.14.0/out/Release/obj/gen/torque-generated/src/builtins/promise-race-tq-inl.inc'
tools/v8_gypfiles/run_torque.target.mk:13: warning: overriding commands for target `/Users/ziangwang/Sources/vibeos/target/node-runtime/source/node-v24.14.0/out/Release/obj/gen/torque-generated/src/builtins/promise-reaction-job-tq-inl.inc'
tools/v8_gypfiles/run_torque.host.mk:13: warning: ignoring old commands for target `/Users/ziangwang/Sources/vibeos/target/node-runtime/source/node-v24.14.0/out/Release/obj/gen/torque-generated/src/builtins/promise-reaction-job-tq-inl.inc'
tools/v8_gypfiles/run_torque.target.mk:13: warning: overriding commands for target `/Users/ziangwang/Sources/vibeos/target/node-runtime/source/node-v24.14.0/out/Release/obj/gen/torque-generated/src/builtins/promise-resolve-tq-inl.inc'
tools/v8_gypfiles/run_torque.host.mk:13: warning: ignoring old commands for target `/Users/ziangwang/Sources/vibeos/target/node-runtime/source/node-v24.14.0/out/Release/obj/gen/torque-generated/src/builtins/promise-resolve-tq-inl.inc'
tools/v8_gypfiles/run_torque.target.mk:13: warning: overriding commands for target `/Users/ziangwang/Sources/vibeos/target/node-runtime/source/node-v24.14.0/out/Release/obj/gen/torque-generated/src/builtins/promise-then-tq-inl.inc'
tools/v8_gypfiles/run_torque.host.mk:13: warning: ignoring old commands for target `/Users/ziangwang/Sources/vibeos/target/node-runtime/source/node-v24.14.0/out/Release/obj/gen/torque-generated/src/builtins/promise-then-tq-inl.inc'
tools/v8_gypfiles/run_torque.target.mk:13: warning: overriding commands for target `/Users/ziangwang/Sources/vibeos/target/node-runtime/source/node-v24.14.0/out/Release/obj/gen/torque-generated/src/builtins/promise-try-tq-inl.inc'
tools/v8_gypfiles/run_torque.host.mk:13: warning: ignoring old commands for target `/Users/ziangwang/Sources/vibeos/target/node-runtime/source/node-v24.14.0/out/Release/obj/gen/torque-generated/src/builtins/promise-try-tq-inl.inc'
tools/v8_gypfiles/run_torque.target.mk:13: warning: overriding commands for target `/Users/ziangwang/Sources/vibeos/target/node-runtime/source/node-v24.14.0/out/Release/obj/gen/torque-generated/src/builtins/promise-withresolvers-tq-inl.inc'
tools/v8_gypfiles/run_torque.host.mk:13: warning: ignoring old commands for target `/Users/ziangwang/Sources/vibeos/target/node-runtime/source/node-v24.14.0/out/Release/obj/gen/torque-generated/src/builtins/promise-withresolvers-tq-inl.inc'
tools/v8_gypfiles/run_torque.target.mk:13: warning: overriding commands for target `/Users/ziangwang/Sources/vibeos/target/node-runtime/source/node-v24.14.0/out/Release/obj/gen/torque-generated/src/builtins/proxy-constructor-tq-inl.inc'
tools/v8_gypfiles/run_torque.host.mk:13: warning: ignoring old commands for target `/Users/ziangwang/Sources/vibeos/target/node-runtime/source/node-v24.14.0/out/Release/obj/gen/torque-generated/src/builtins/proxy-constructor-tq-inl.inc'
tools/v8_gypfiles/run_torque.target.mk:13: warning: overriding commands for target `/Users/ziangwang/Sources/vibeos/target/node-runtime/source/node-v24.14.0/out/Release/obj/gen/torque-generated/src/builtins/proxy-delete-property-tq-inl.inc'
tools/v8_gypfiles/run_torque.host.mk:13: warning: ignoring old commands for target `/Users/ziangwang/Sources/vibeos/target/node-runtime/source/node-v24.14.0/out/Release/obj/gen/torque-generated/src/builtins/proxy-delete-property-tq-inl.inc'
tools/v8_gypfiles/run_torque.target.mk:13: warning: overriding commands for target `/Users/ziangwang/Sources/vibeos/target/node-runtime/source/node-v24.14.0/out/Release/obj/gen/torque-generated/src/builtins/proxy-get-property-tq-inl.inc'
tools/v8_gypfiles/run_torque.host.mk:13: warning: ignoring old commands for target `/Users/ziangwang/Sources/vibeos/target/node-runtime/source/node-v24.14.0/out/Release/obj/gen/torque-generated/src/builtins/proxy-get-property-tq-inl.inc'
tools/v8_gypfiles/run_torque.target.mk:13: warning: overriding commands for target `/Users/ziangwang/Sources/vibeos/target/node-runtime/source/node-v24.14.0/out/Release/obj/gen/torque-generated/src/builtins/proxy-get-prototype-of-tq-inl.inc'
tools/v8_gypfiles/run_torque.host.mk:13: warning: ignoring old commands for target `/Users/ziangwang/Sources/vibeos/target/node-runtime/source/node-v24.14.0/out/Release/obj/gen/torque-generated/src/builtins/proxy-get-prototype-of-tq-inl.inc'
tools/v8_gypfiles/run_torque.target.mk:13: warning: overriding commands for target `/Users/ziangwang/Sources/vibeos/target/node-runtime/source/node-v24.14.0/out/Release/obj/gen/torque-generated/src/builtins/proxy-has-property-tq-inl.inc'
tools/v8_gypfiles/run_torque.host.mk:13: warning: ignoring old commands for target `/Users/ziangwang/Sources/vibeos/target/node-runtime/source/node-v24.14.0/out/Release/obj/gen/torque-generated/src/builtins/proxy-has-property-tq-inl.inc'
tools/v8_gypfiles/run_torque.target.mk:13: warning: overriding commands for target `/Users/ziangwang/Sources/vibeos/target/node-runtime/source/node-v24.14.0/out/Release/obj/gen/torque-generated/src/builtins/proxy-is-extensible-tq-inl.inc'
tools/v8_gypfiles/run_torque.host.mk:13: warning: ignoring old commands for target `/Users/ziangwang/Sources/vibeos/target/node-runtime/source/node-v24.14.0/out/Release/obj/gen/torque-generated/src/builtins/proxy-is-extensible-tq-inl.inc'
tools/v8_gypfiles/run_torque.target.mk:13: warning: overriding commands for target `/Users/ziangwang/Sources/vibeos/target/node-runtime/source/node-v24.14.0/out/Release/obj/gen/torque-generated/src/builtins/proxy-prevent-extensions-tq-inl.inc'
tools/v8_gypfiles/run_torque.host.mk:13: warning: ignoring old commands for target `/Users/ziangwang/Sources/vibeos/target/node-runtime/source/node-v24.14.0/out/Release/obj/gen/torque-generated/src/builtins/proxy-prevent-extensions-tq-inl.inc'
tools/v8_gypfiles/run_torque.target.mk:13: warning: overriding commands for target `/Users/ziangwang/Sources/vibeos/target/node-runtime/source/node-v24.14.0/out/Release/obj/gen/torque-generated/src/builtins/proxy-revocable-tq-inl.inc'
tools/v8_gypfiles/run_torque.host.mk:13: warning: ignoring old commands for target `/Users/ziangwang/Sources/vibeos/target/node-runtime/source/node-v24.14.0/out/Release/obj/gen/torque-generated/src/builtins/proxy-revocable-tq-inl.inc'
tools/v8_gypfiles/run_torque.target.mk:13: warning: overriding commands for target `/Users/ziangwang/Sources/vibeos/target/node-runtime/source/node-v24.14.0/out/Release/obj/gen/torque-generated/src/builtins/proxy-revoke-tq-inl.inc'
tools/v8_gypfiles/run_torque.host.mk:13: warning: ignoring old commands for target `/Users/ziangwang/Sources/vibeos/target/node-runtime/source/node-v24.14.0/out/Release/obj/gen/torque-generated/src/builtins/proxy-revoke-tq-inl.inc'
tools/v8_gypfiles/run_torque.target.mk:13: warning: overriding commands for target `/Users/ziangwang/Sources/vibeos/target/node-runtime/source/node-v24.14.0/out/Release/obj/gen/torque-generated/src/builtins/proxy-set-property-tq-inl.inc'
tools/v8_gypfiles/run_torque.host.mk:13: warning: ignoring old commands for target `/Users/ziangwang/Sources/vibeos/target/node-runtime/source/node-v24.14.0/out/Release/obj/gen/torque-generated/src/builtins/proxy-set-property-tq-inl.inc'
tools/v8_gypfiles/run_torque.target.mk:13: warning: overriding commands for target `/Users/ziangwang/Sources/vibeos/target/node-runtime/source/node-v24.14.0/out/Release/obj/gen/torque-generated/src/builtins/proxy-set-prototype-of-tq-inl.inc'
tools/v8_gypfiles/run_torque.host.mk:13: warning: ignoring old commands for target `/Users/ziangwang/Sources/vibeos/target/node-runtime/source/node-v24.14.0/out/Release/obj/gen/torque-generated/src/builtins/proxy-set-prototype-of-tq-inl.inc'
tools/v8_gypfiles/run_torque.target.mk:13: warning: overriding commands for target `/Users/ziangwang/Sources/vibeos/target/node-runtime/source/node-v24.14.0/out/Release/obj/gen/torque-generated/src/builtins/proxy-tq-inl.inc'
tools/v8_gypfiles/run_torque.host.mk:13: warning: ignoring old commands for target `/Users/ziangwang/Sources/vibeos/target/node-runtime/source/node-v24.14.0/out/Release/obj/gen/torque-generated/src/builtins/proxy-tq-inl.inc'
tools/v8_gypfiles/run_torque.target.mk:13: warning: overriding commands for target `/Users/ziangwang/Sources/vibeos/target/node-runtime/source/node-v24.14.0/out/Release/obj/gen/torque-generated/src/builtins/reflect-tq-inl.inc'
tools/v8_gypfiles/run_torque.host.mk:13: warning: ignoring old commands for target `/Users/ziangwang/Sources/vibeos/target/node-runtime/source/node-v24.14.0/out/Release/obj/gen/torque-generated/src/builtins/reflect-tq-inl.inc'
tools/v8_gypfiles/run_torque.target.mk:13: warning: overriding commands for target `/Users/ziangwang/Sources/vibeos/target/node-runtime/source/node-v24.14.0/out/Release/obj/gen/torque-generated/src/builtins/regexp-exec-tq-inl.inc'
tools/v8_gypfiles/run_torque.host.mk:13: warning: ignoring old commands for target `/Users/ziangwang/Sources/vibeos/target/node-runtime/source/node-v24.14.0/out/Release/obj/gen/torque-generated/src/builtins/regexp-exec-tq-inl.inc'
tools/v8_gypfiles/run_torque.target.mk:13: warning: overriding commands for target `/Users/ziangwang/Sources/vibeos/target/node-runtime/source/node-v24.14.0/out/Release/obj/gen/torque-generated/src/builtins/regexp-match-all-tq-inl.inc'
tools/v8_gypfiles/run_torque.host.mk:13: warning: ignoring old commands for target `/Users/ziangwang/Sources/vibeos/target/node-runtime/source/node-v24.14.0/out/Release/obj/gen/torque-generated/src/builtins/regexp-match-all-tq-inl.inc'
tools/v8_gypfiles/run_torque.target.mk:13: warning: overriding commands for target `/Users/ziangwang/Sources/vibeos/target/node-runtime/source/node-v24.14.0/out/Release/obj/gen/torque-generated/src/builtins/regexp-match-tq-inl.inc'
tools/v8_gypfiles/run_torque.host.mk:13: warning: ignoring old commands for target `/Users/ziangwang/Sources/vibeos/target/node-runtime/source/node-v24.14.0/out/Release/obj/gen/torque-generated/src/builtins/regexp-match-tq-inl.inc'
tools/v8_gypfiles/run_torque.target.mk:13: warning: overriding commands for target `/Users/ziangwang/Sources/vibeos/target/node-runtime/source/node-v24.14.0/out/Release/obj/gen/torque-generated/src/builtins/regexp-replace-tq-inl.inc'
tools/v8_gypfiles/run_torque.host.mk:13: warning: ignoring old commands for target `/Users/ziangwang/Sources/vibeos/target/node-runtime/source/node-v24.14.0/out/Release/obj/gen/torque-generated/src/builtins/regexp-replace-tq-inl.inc'
tools/v8_gypfiles/run_torque.target.mk:13: warning: overriding commands for target `/Users/ziangwang/Sources/vibeos/target/node-runtime/source/node-v24.14.0/out/Release/obj/gen/torque-generated/src/builtins/regexp-search-tq-inl.inc'
tools/v8_gypfiles/run_torque.host.mk:13: warning: ignoring old commands for target `/Users/ziangwang/Sources/vibeos/target/node-runtime/source/node-v24.14.0/out/Release/obj/gen/torque-generated/src/builtins/regexp-search-tq-inl.inc'
tools/v8_gypfiles/run_torque.target.mk:13: warning: overriding commands for target `/Users/ziangwang/Sources/vibeos/target/node-runtime/source/node-v24.14.0/out/Release/obj/gen/torque-generated/src/builtins/regexp-source-tq-inl.inc'
tools/v8_gypfiles/run_torque.host.mk:13: warning: ignoring old commands for target `/Users/ziangwang/Sources/vibeos/target/node-runtime/source/node-v24.14.0/out/Release/obj/gen/torque-generated/src/builtins/regexp-source-tq-inl.inc'
tools/v8_gypfiles/run_torque.target.mk:13: warning: overriding commands for target `/Users/ziangwang/Sources/vibeos/target/node-runtime/source/node-v24.14.0/out/Release/obj/gen/torque-generated/src/builtins/regexp-split-tq-inl.inc'
tools/v8_gypfiles/run_torque.host.mk:13: warning: ignoring old commands for target `/Users/ziangwang/Sources/vibeos/target/node-runtime/source/node-v24.14.0/out/Release/obj/gen/torque-generated/src/builtins/regexp-split-tq-inl.inc'
tools/v8_gypfiles/run_torque.target.mk:13: warning: overriding commands for target `/Users/ziangwang/Sources/vibeos/target/node-runtime/source/node-v24.14.0/out/Release/obj/gen/torque-generated/src/builtins/regexp-test-tq-inl.inc'
tools/v8_gypfiles/run_torque.host.mk:13: warning: ignoring old commands for target `/Users/ziangwang/Sources/vibeos/target/node-runtime/source/node-v24.14.0/out/Release/obj/gen/torque-generated/src/builtins/regexp-test-tq-inl.inc'
tools/v8_gypfiles/run_torque.target.mk:13: warning: overriding commands for target `/Users/ziangwang/Sources/vibeos/target/node-runtime/source/node-v24.14.0/out/Release/obj/gen/torque-generated/src/builtins/regexp-tq-inl.inc'
tools/v8_gypfiles/run_torque.host.mk:13: warning: ignoring old commands for target `/Users/ziangwang/Sources/vibeos/target/node-runtime/source/node-v24.14.0/out/Release/obj/gen/torque-generated/src/builtins/regexp-tq-inl.inc'
tools/v8_gypfiles/run_torque.target.mk:13: warning: overriding commands for target `/Users/ziangwang/Sources/vibeos/target/node-runtime/source/node-v24.14.0/out/Release/obj/gen/torque-generated/src/builtins/set-difference-tq-inl.inc'
tools/v8_gypfiles/run_torque.host.mk:13: warning: ignoring old commands for target `/Users/ziangwang/Sources/vibeos/target/node-runtime/source/node-v24.14.0/out/Release/obj/gen/torque-generated/src/builtins/set-difference-tq-inl.inc'
tools/v8_gypfiles/run_torque.target.mk:13: warning: overriding commands for target `/Users/ziangwang/Sources/vibeos/target/node-runtime/source/node-v24.14.0/out/Release/obj/gen/torque-generated/src/builtins/set-intersection-tq-inl.inc'
tools/v8_gypfiles/run_torque.host.mk:13: warning: ignoring old commands for target `/Users/ziangwang/Sources/vibeos/target/node-runtime/source/node-v24.14.0/out/Release/obj/gen/torque-generated/src/builtins/set-intersection-tq-inl.inc'
tools/v8_gypfiles/run_torque.target.mk:13: warning: overriding commands for target `/Users/ziangwang/Sources/vibeos/target/node-runtime/source/node-v24.14.0/out/Release/obj/gen/torque-generated/src/builtins/set-is-disjoint-from-tq-inl.inc'
tools/v8_gypfiles/run_torque.host.mk:13: warning: ignoring old commands for target `/Users/ziangwang/Sources/vibeos/target/node-runtime/source/node-v24.14.0/out/Release/obj/gen/torque-generated/src/builtins/set-is-disjoint-from-tq-inl.inc'
tools/v8_gypfiles/run_torque.target.mk:13: warning: overriding commands for target `/Users/ziangwang/Sources/vibeos/target/node-runtime/source/node-v24.14.0/out/Release/obj/gen/torque-generated/src/builtins/set-is-subset-of-tq-inl.inc'
tools/v8_gypfiles/run_torque.host.mk:13: warning: ignoring old commands for target `/Users/ziangwang/Sources/vibeos/target/node-runtime/source/node-v24.14.0/out/Release/obj/gen/torque-generated/src/builtins/set-is-subset-of-tq-inl.inc'
tools/v8_gypfiles/run_torque.target.mk:13: warning: overriding commands for target `/Users/ziangwang/Sources/vibeos/target/node-runtime/source/node-v24.14.0/out/Release/obj/gen/torque-generated/src/builtins/set-is-superset-of-tq-inl.inc'
tools/v8_gypfiles/run_torque.host.mk:13: warning: ignoring old commands for target `/Users/ziangwang/Sources/vibeos/target/node-runtime/source/node-v24.14.0/out/Release/obj/gen/torque-generated/src/builtins/set-is-superset-of-tq-inl.inc'
tools/v8_gypfiles/run_torque.target.mk:13: warning: overriding commands for target `/Users/ziangwang/Sources/vibeos/target/node-runtime/source/node-v24.14.0/out/Release/obj/gen/torque-generated/src/builtins/set-symmetric-difference-tq-inl.inc'
tools/v8_gypfiles/run_torque.host.mk:13: warning: ignoring old commands for target `/Users/ziangwang/Sources/vibeos/target/node-runtime/source/node-v24.14.0/out/Release/obj/gen/torque-generated/src/builtins/set-symmetric-difference-tq-inl.inc'
tools/v8_gypfiles/run_torque.target.mk:13: warning: overriding commands for target `/Users/ziangwang/Sources/vibeos/target/node-runtime/source/node-v24.14.0/out/Release/obj/gen/torque-generated/src/builtins/set-union-tq-inl.inc'
tools/v8_gypfiles/run_torque.host.mk:13: warning: ignoring old commands for target `/Users/ziangwang/Sources/vibeos/target/node-runtime/source/node-v24.14.0/out/Release/obj/gen/torque-generated/src/builtins/set-union-tq-inl.inc'
tools/v8_gypfiles/run_torque.target.mk:13: warning: overriding commands for target `/Users/ziangwang/Sources/vibeos/target/node-runtime/source/node-v24.14.0/out/Release/obj/gen/torque-generated/src/builtins/string-at-tq-inl.inc'
tools/v8_gypfiles/run_torque.host.mk:13: warning: ignoring old commands for target `/Users/ziangwang/Sources/vibeos/target/node-runtime/source/node-v24.14.0/out/Release/obj/gen/torque-generated/src/builtins/string-at-tq-inl.inc'
tools/v8_gypfiles/run_torque.target.mk:13: warning: overriding commands for target `/Users/ziangwang/Sources/vibeos/target/node-runtime/source/node-v24.14.0/out/Release/obj/gen/torque-generated/src/builtins/string-endswith-tq-inl.inc'
tools/v8_gypfiles/run_torque.host.mk:13: warning: ignoring old commands for target `/Users/ziangwang/Sources/vibeos/target/node-runtime/source/node-v24.14.0/out/Release/obj/gen/torque-generated/src/builtins/string-endswith-tq-inl.inc'
tools/v8_gypfiles/run_torque.target.mk:13: warning: overriding commands for target `/Users/ziangwang/Sources/vibeos/target/node-runtime/source/node-v24.14.0/out/Release/obj/gen/torque-generated/src/builtins/string-html-tq-inl.inc'
tools/v8_gypfiles/run_torque.host.mk:13: warning: ignoring old commands for target `/Users/ziangwang/Sources/vibeos/target/node-runtime/source/node-v24.14.0/out/Release/obj/gen/torque-generated/src/builtins/string-html-tq-inl.inc'
tools/v8_gypfiles/run_torque.target.mk:13: warning: overriding commands for target `/Users/ziangwang/Sources/vibeos/target/node-runtime/source/node-v24.14.0/out/Release/obj/gen/torque-generated/src/builtins/string-includes-tq-inl.inc'
tools/v8_gypfiles/run_torque.host.mk:13: warning: ignoring old commands for target `/Users/ziangwang/Sources/vibeos/target/node-runtime/source/node-v24.14.0/out/Release/obj/gen/torque-generated/src/builtins/string-includes-tq-inl.inc'
tools/v8_gypfiles/run_torque.target.mk:13: warning: overriding commands for target `/Users/ziangwang/Sources/vibeos/target/node-runtime/source/node-v24.14.0/out/Release/obj/gen/torque-generated/src/builtins/string-indexof-tq-inl.inc'
tools/v8_gypfiles/run_torque.host.mk:13: warning: ignoring old commands for target `/Users/ziangwang/Sources/vibeos/target/node-runtime/source/node-v24.14.0/out/Release/obj/gen/torque-generated/src/builtins/string-indexof-tq-inl.inc'
tools/v8_gypfiles/run_torque.target.mk:13: warning: overriding commands for target `/Users/ziangwang/Sources/vibeos/target/node-runtime/source/node-v24.14.0/out/Release/obj/gen/torque-generated/src/builtins/string-iswellformed-tq-inl.inc'
tools/v8_gypfiles/run_torque.host.mk:13: warning: ignoring old commands for target `/Users/ziangwang/Sources/vibeos/target/node-runtime/source/node-v24.14.0/out/Release/obj/gen/torque-generated/src/builtins/string-iswellformed-tq-inl.inc'
tools/v8_gypfiles/run_torque.target.mk:13: warning: overriding commands for target `/Users/ziangwang/Sources/vibeos/target/node-runtime/source/node-v24.14.0/out/Release/obj/gen/torque-generated/src/builtins/string-iterator-tq-inl.inc'
tools/v8_gypfiles/run_torque.host.mk:13: warning: ignoring old commands for target `/Users/ziangwang/Sources/vibeos/target/node-runtime/source/node-v24.14.0/out/Release/obj/gen/torque-generated/src/builtins/string-iterator-tq-inl.inc'
tools/v8_gypfiles/run_torque.target.mk:13: warning: overriding commands for target `/Users/ziangwang/Sources/vibeos/target/node-runtime/source/node-v24.14.0/out/Release/obj/gen/torque-generated/src/builtins/string-match-search-tq-inl.inc'
tools/v8_gypfiles/run_torque.host.mk:13: warning: ignoring old commands for target `/Users/ziangwang/Sources/vibeos/target/node-runtime/source/node-v24.14.0/out/Release/obj/gen/torque-generated/src/builtins/string-match-search-tq-inl.inc'
tools/v8_gypfiles/run_torque.target.mk:13: warning: overriding commands for target `/Users/ziangwang/Sources/vibeos/target/node-runtime/source/node-v24.14.0/out/Release/obj/gen/torque-generated/src/builtins/string-pad-tq-inl.inc'
tools/v8_gypfiles/run_torque.host.mk:13: warning: ignoring old commands for target `/Users/ziangwang/Sources/vibeos/target/node-runtime/source/node-v24.14.0/out/Release/obj/gen/torque-generated/src/builtins/string-pad-tq-inl.inc'
tools/v8_gypfiles/run_torque.target.mk:13: warning: overriding commands for target `/Users/ziangwang/Sources/vibeos/target/node-runtime/source/node-v24.14.0/out/Release/obj/gen/torque-generated/src/builtins/string-repeat-tq-inl.inc'
tools/v8_gypfiles/run_torque.host.mk:13: warning: ignoring old commands for target `/Users/ziangwang/Sources/vibeos/target/node-runtime/source/node-v24.14.0/out/Release/obj/gen/torque-generated/src/builtins/string-repeat-tq-inl.inc'
tools/v8_gypfiles/run_torque.target.mk:13: warning: overriding commands for target `/Users/ziangwang/Sources/vibeos/target/node-runtime/source/node-v24.14.0/out/Release/obj/gen/torque-generated/src/builtins/string-replaceall-tq-inl.inc'
tools/v8_gypfiles/run_torque.host.mk:13: warning: ignoring old commands for target `/Users/ziangwang/Sources/vibeos/target/node-runtime/source/node-v24.14.0/out/Release/obj/gen/torque-generated/src/builtins/string-replaceall-tq-inl.inc'
tools/v8_gypfiles/run_torque.target.mk:13: warning: overriding commands for target `/Users/ziangwang/Sources/vibeos/target/node-runtime/source/node-v24.14.0/out/Release/obj/gen/torque-generated/src/builtins/string-slice-tq-inl.inc'
tools/v8_gypfiles/run_torque.host.mk:13: warning: ignoring old commands for target `/Users/ziangwang/Sources/vibeos/target/node-runtime/source/node-v24.14.0/out/Release/obj/gen/torque-generated/src/builtins/string-slice-tq-inl.inc'
tools/v8_gypfiles/run_torque.target.mk:13: warning: overriding commands for target `/Users/ziangwang/Sources/vibeos/target/node-runtime/source/node-v24.14.0/out/Release/obj/gen/torque-generated/src/builtins/string-startswith-tq-inl.inc'
tools/v8_gypfiles/run_torque.host.mk:13: warning: ignoring old commands for target `/Users/ziangwang/Sources/vibeos/target/node-runtime/source/node-v24.14.0/out/Release/obj/gen/torque-generated/src/builtins/string-startswith-tq-inl.inc'
tools/v8_gypfiles/run_torque.target.mk:13: warning: overriding commands for target `/Users/ziangwang/Sources/vibeos/target/node-runtime/source/node-v24.14.0/out/Release/obj/gen/torque-generated/src/builtins/string-substr-tq-inl.inc'
tools/v8_gypfiles/run_torque.host.mk:13: warning: ignoring old commands for target `/Users/ziangwang/Sources/vibeos/target/node-runtime/source/node-v24.14.0/out/Release/obj/gen/torque-generated/src/builtins/string-substr-tq-inl.inc'
tools/v8_gypfiles/run_torque.target.mk:13: warning: overriding commands for target `/Users/ziangwang/Sources/vibeos/target/node-runtime/source/node-v24.14.0/out/Release/obj/gen/torque-generated/src/builtins/string-substring-tq-inl.inc'
tools/v8_gypfiles/run_torque.host.mk:13: warning: ignoring old commands for target `/Users/ziangwang/Sources/vibeos/target/node-runtime/source/node-v24.14.0/out/Release/obj/gen/torque-generated/src/builtins/string-substring-tq-inl.inc'
tools/v8_gypfiles/run_torque.target.mk:13: warning: overriding commands for target `/Users/ziangwang/Sources/vibeos/target/node-runtime/source/node-v24.14.0/out/Release/obj/gen/torque-generated/src/builtins/string-towellformed-tq-inl.inc'
tools/v8_gypfiles/run_torque.host.mk:13: warning: ignoring old commands for target `/Users/ziangwang/Sources/vibeos/target/node-runtime/source/node-v24.14.0/out/Release/obj/gen/torque-generated/src/builtins/string-towellformed-tq-inl.inc'
tools/v8_gypfiles/run_torque.target.mk:13: warning: overriding commands for target `/Users/ziangwang/Sources/vibeos/target/node-runtime/source/node-v24.14.0/out/Release/obj/gen/torque-generated/src/builtins/string-trim-tq-inl.inc'
tools/v8_gypfiles/run_torque.host.mk:13: warning: ignoring old commands for target `/Users/ziangwang/Sources/vibeos/target/node-runtime/source/node-v24.14.0/out/Release/obj/gen/torque-generated/src/builtins/string-trim-tq-inl.inc'
tools/v8_gypfiles/run_torque.target.mk:13: warning: overriding commands for target `/Users/ziangwang/Sources/vibeos/target/node-runtime/source/node-v24.14.0/out/Release/obj/gen/torque-generated/src/builtins/suppressed-error-tq-inl.inc'
tools/v8_gypfiles/run_torque.host.mk:13: warning: ignoring old commands for target `/Users/ziangwang/Sources/vibeos/target/node-runtime/source/node-v24.14.0/out/Release/obj/gen/torque-generated/src/builtins/suppressed-error-tq-inl.inc'
tools/v8_gypfiles/run_torque.target.mk:13: warning: overriding commands for target `/Users/ziangwang/Sources/vibeos/target/node-runtime/source/node-v24.14.0/out/Release/obj/gen/torque-generated/src/builtins/symbol-tq-inl.inc'
tools/v8_gypfiles/run_torque.host.mk:13: warning: ignoring old commands for target `/Users/ziangwang/Sources/vibeos/target/node-runtime/source/node-v24.14.0/out/Release/obj/gen/torque-generated/src/builtins/symbol-tq-inl.inc'
tools/v8_gypfiles/run_torque.target.mk:13: warning: overriding commands for target `/Users/ziangwang/Sources/vibeos/target/node-runtime/source/node-v24.14.0/out/Release/obj/gen/torque-generated/src/builtins/torque-internal-tq-inl.inc'
tools/v8_gypfiles/run_torque.host.mk:13: warning: ignoring old commands for target `/Users/ziangwang/Sources/vibeos/target/node-runtime/source/node-v24.14.0/out/Release/obj/gen/torque-generated/src/builtins/torque-internal-tq-inl.inc'
tools/v8_gypfiles/run_torque.target.mk:13: warning: overriding commands for target `/Users/ziangwang/Sources/vibeos/target/node-runtime/source/node-v24.14.0/out/Release/obj/gen/torque-generated/src/builtins/typed-array-at-tq-inl.inc'
tools/v8_gypfiles/run_torque.host.mk:13: warning: ignoring old commands for target `/Users/ziangwang/Sources/vibeos/target/node-runtime/source/node-v24.14.0/out/Release/obj/gen/torque-generated/src/builtins/typed-array-at-tq-inl.inc'
tools/v8_gypfiles/run_torque.target.mk:13: warning: overriding commands for target `/Users/ziangwang/Sources/vibeos/target/node-runtime/source/node-v24.14.0/out/Release/obj/gen/torque-generated/src/builtins/typed-array-createtypedarray-tq-inl.inc'
tools/v8_gypfiles/run_torque.host.mk:13: warning: ignoring old commands for target `/Users/ziangwang/Sources/vibeos/target/node-runtime/source/node-v24.14.0/out/Release/obj/gen/torque-generated/src/builtins/typed-array-createtypedarray-tq-inl.inc'
tools/v8_gypfiles/run_torque.target.mk:13: warning: overriding commands for target `/Users/ziangwang/Sources/vibeos/target/node-runtime/source/node-v24.14.0/out/Release/obj/gen/torque-generated/src/builtins/typed-array-every-tq-inl.inc'
tools/v8_gypfiles/run_torque.host.mk:13: warning: ignoring old commands for target `/Users/ziangwang/Sources/vibeos/target/node-runtime/source/node-v24.14.0/out/Release/obj/gen/torque-generated/src/builtins/typed-array-every-tq-inl.inc'
tools/v8_gypfiles/run_torque.target.mk:13: warning: overriding commands for target `/Users/ziangwang/Sources/vibeos/target/node-runtime/source/node-v24.14.0/out/Release/obj/gen/torque-generated/src/builtins/typed-array-entries-tq-inl.inc'
tools/v8_gypfiles/run_torque.host.mk:13: warning: ignoring old commands for target `/Users/ziangwang/Sources/vibeos/target/node-runtime/source/node-v24.14.0/out/Release/obj/gen/torque-generated/src/builtins/typed-array-entries-tq-inl.inc'
tools/v8_gypfiles/run_torque.target.mk:13: warning: overriding commands for target `/Users/ziangwang/Sources/vibeos/target/node-runtime/source/node-v24.14.0/out/Release/obj/gen/torque-generated/src/builtins/typed-array-filter-tq-inl.inc'
tools/v8_gypfiles/run_torque.host.mk:13: warning: ignoring old commands for target `/Users/ziangwang/Sources/vibeos/target/node-runtime/source/node-v24.14.0/out/Release/obj/gen/torque-generated/src/builtins/typed-array-filter-tq-inl.inc'
tools/v8_gypfiles/run_torque.target.mk:13: warning: overriding commands for target `/Users/ziangwang/Sources/vibeos/target/node-runtime/source/node-v24.14.0/out/Release/obj/gen/torque-generated/src/builtins/typed-array-find-tq-inl.inc'
tools/v8_gypfiles/run_torque.host.mk:13: warning: ignoring old commands for target `/Users/ziangwang/Sources/vibeos/target/node-runtime/source/node-v24.14.0/out/Release/obj/gen/torque-generated/src/builtins/typed-array-find-tq-inl.inc'
tools/v8_gypfiles/run_torque.target.mk:13: warning: overriding commands for target `/Users/ziangwang/Sources/vibeos/target/node-runtime/source/node-v24.14.0/out/Release/obj/gen/torque-generated/src/builtins/typed-array-findindex-tq-inl.inc'
tools/v8_gypfiles/run_torque.host.mk:13: warning: ignoring old commands for target `/Users/ziangwang/Sources/vibeos/target/node-runtime/source/node-v24.14.0/out/Release/obj/gen/torque-generated/src/builtins/typed-array-findindex-tq-inl.inc'
tools/v8_gypfiles/run_torque.target.mk:13: warning: overriding commands for target `/Users/ziangwang/Sources/vibeos/target/node-runtime/source/node-v24.14.0/out/Release/obj/gen/torque-generated/src/builtins/typed-array-findlast-tq-inl.inc'
tools/v8_gypfiles/run_torque.host.mk:13: warning: ignoring old commands for target `/Users/ziangwang/Sources/vibeos/target/node-runtime/source/node-v24.14.0/out/Release/obj/gen/torque-generated/src/builtins/typed-array-findlast-tq-inl.inc'
tools/v8_gypfiles/run_torque.target.mk:13: warning: overriding commands for target `/Users/ziangwang/Sources/vibeos/target/node-runtime/source/node-v24.14.0/out/Release/obj/gen/torque-generated/src/builtins/typed-array-findlastindex-tq-inl.inc'
tools/v8_gypfiles/run_torque.host.mk:13: warning: ignoring old commands for target `/Users/ziangwang/Sources/vibeos/target/node-runtime/source/node-v24.14.0/out/Release/obj/gen/torque-generated/src/builtins/typed-array-findlastindex-tq-inl.inc'
tools/v8_gypfiles/run_torque.target.mk:13: warning: overriding commands for target `/Users/ziangwang/Sources/vibeos/target/node-runtime/source/node-v24.14.0/out/Release/obj/gen/torque-generated/src/builtins/typed-array-foreach-tq-inl.inc'
tools/v8_gypfiles/run_torque.host.mk:13: warning: ignoring old commands for target `/Users/ziangwang/Sources/vibeos/target/node-runtime/source/node-v24.14.0/out/Release/obj/gen/torque-generated/src/builtins/typed-array-foreach-tq-inl.inc'
tools/v8_gypfiles/run_torque.target.mk:13: warning: overriding commands for target `/Users/ziangwang/Sources/vibeos/target/node-runtime/source/node-v24.14.0/out/Release/obj/gen/torque-generated/src/builtins/typed-array-from-tq-inl.inc'
tools/v8_gypfiles/run_torque.host.mk:13: warning: ignoring old commands for target `/Users/ziangwang/Sources/vibeos/target/node-runtime/source/node-v24.14.0/out/Release/obj/gen/torque-generated/src/builtins/typed-array-from-tq-inl.inc'
tools/v8_gypfiles/run_torque.target.mk:13: warning: overriding commands for target `/Users/ziangwang/Sources/vibeos/target/node-runtime/source/node-v24.14.0/out/Release/obj/gen/torque-generated/src/builtins/typed-array-keys-tq-inl.inc'
tools/v8_gypfiles/run_torque.host.mk:13: warning: ignoring old commands for target `/Users/ziangwang/Sources/vibeos/target/node-runtime/source/node-v24.14.0/out/Release/obj/gen/torque-generated/src/builtins/typed-array-keys-tq-inl.inc'
tools/v8_gypfiles/run_torque.target.mk:13: warning: overriding commands for target `/Users/ziangwang/Sources/vibeos/target/node-runtime/source/node-v24.14.0/out/Release/obj/gen/torque-generated/src/builtins/typed-array-of-tq-inl.inc'
tools/v8_gypfiles/run_torque.host.mk:13: warning: ignoring old commands for target `/Users/ziangwang/Sources/vibeos/target/node-runtime/source/node-v24.14.0/out/Release/obj/gen/torque-generated/src/builtins/typed-array-of-tq-inl.inc'
tools/v8_gypfiles/run_torque.target.mk:13: warning: overriding commands for target `/Users/ziangwang/Sources/vibeos/target/node-runtime/source/node-v24.14.0/out/Release/obj/gen/torque-generated/src/builtins/typed-array-reduce-tq-inl.inc'
tools/v8_gypfiles/run_torque.host.mk:13: warning: ignoring old commands for target `/Users/ziangwang/Sources/vibeos/target/node-runtime/source/node-v24.14.0/out/Release/obj/gen/torque-generated/src/builtins/typed-array-reduce-tq-inl.inc'
tools/v8_gypfiles/run_torque.target.mk:13: warning: overriding commands for target `/Users/ziangwang/Sources/vibeos/target/node-runtime/source/node-v24.14.0/out/Release/obj/gen/torque-generated/src/builtins/typed-array-reduceright-tq-inl.inc'
tools/v8_gypfiles/run_torque.host.mk:13: warning: ignoring old commands for target `/Users/ziangwang/Sources/vibeos/target/node-runtime/source/node-v24.14.0/out/Release/obj/gen/torque-generated/src/builtins/typed-array-reduceright-tq-inl.inc'
tools/v8_gypfiles/run_torque.target.mk:13: warning: overriding commands for target `/Users/ziangwang/Sources/vibeos/target/node-runtime/source/node-v24.14.0/out/Release/obj/gen/torque-generated/src/builtins/typed-array-set-tq-inl.inc'
tools/v8_gypfiles/run_torque.host.mk:13: warning: ignoring old commands for target `/Users/ziangwang/Sources/vibeos/target/node-runtime/source/node-v24.14.0/out/Release/obj/gen/torque-generated/src/builtins/typed-array-set-tq-inl.inc'
tools/v8_gypfiles/run_torque.target.mk:13: warning: overriding commands for target `/Users/ziangwang/Sources/vibeos/target/node-runtime/source/node-v24.14.0/out/Release/obj/gen/torque-generated/src/builtins/typed-array-slice-tq-inl.inc'
tools/v8_gypfiles/run_torque.host.mk:13: warning: ignoring old commands for target `/Users/ziangwang/Sources/vibeos/target/node-runtime/source/node-v24.14.0/out/Release/obj/gen/torque-generated/src/builtins/typed-array-slice-tq-inl.inc'
tools/v8_gypfiles/run_torque.target.mk:13: warning: overriding commands for target `/Users/ziangwang/Sources/vibeos/target/node-runtime/source/node-v24.14.0/out/Release/obj/gen/torque-generated/src/builtins/typed-array-some-tq-inl.inc'
tools/v8_gypfiles/run_torque.host.mk:13: warning: ignoring old commands for target `/Users/ziangwang/Sources/vibeos/target/node-runtime/source/node-v24.14.0/out/Release/obj/gen/torque-generated/src/builtins/typed-array-some-tq-inl.inc'
tools/v8_gypfiles/run_torque.target.mk:13: warning: overriding commands for target `/Users/ziangwang/Sources/vibeos/target/node-runtime/source/node-v24.14.0/out/Release/obj/gen/torque-generated/src/builtins/typed-array-sort-tq-inl.inc'
tools/v8_gypfiles/run_torque.host.mk:13: warning: ignoring old commands for target `/Users/ziangwang/Sources/vibeos/target/node-runtime/source/node-v24.14.0/out/Release/obj/gen/torque-generated/src/builtins/typed-array-sort-tq-inl.inc'
tools/v8_gypfiles/run_torque.target.mk:13: warning: overriding commands for target `/Users/ziangwang/Sources/vibeos/target/node-runtime/source/node-v24.14.0/out/Release/obj/gen/torque-generated/src/builtins/typed-array-subarray-tq-inl.inc'
tools/v8_gypfiles/run_torque.host.mk:13: warning: ignoring old commands for target `/Users/ziangwang/Sources/vibeos/target/node-runtime/source/node-v24.14.0/out/Release/obj/gen/torque-generated/src/builtins/typed-array-subarray-tq-inl.inc'
tools/v8_gypfiles/run_torque.target.mk:13: warning: overriding commands for target `/Users/ziangwang/Sources/vibeos/target/node-runtime/source/node-v24.14.0/out/Release/obj/gen/torque-generated/src/builtins/typed-array-to-reversed-tq-inl.inc'
tools/v8_gypfiles/run_torque.host.mk:13: warning: ignoring old commands for target `/Users/ziangwang/Sources/vibeos/target/node-runtime/source/node-v24.14.0/out/Release/obj/gen/torque-generated/src/builtins/typed-array-to-reversed-tq-inl.inc'
tools/v8_gypfiles/run_torque.target.mk:13: warning: overriding commands for target `/Users/ziangwang/Sources/vibeos/target/node-runtime/source/node-v24.14.0/out/Release/obj/gen/torque-generated/src/builtins/typed-array-to-sorted-tq-inl.inc'
tools/v8_gypfiles/run_torque.host.mk:13: warning: ignoring old commands for target `/Users/ziangwang/Sources/vibeos/target/node-runtime/source/node-v24.14.0/out/Release/obj/gen/torque-generated/src/builtins/typed-array-to-sorted-tq-inl.inc'
tools/v8_gypfiles/run_torque.target.mk:13: warning: overriding commands for target `/Users/ziangwang/Sources/vibeos/target/node-runtime/source/node-v24.14.0/out/Release/obj/gen/torque-generated/src/builtins/typed-array-values-tq-inl.inc'
tools/v8_gypfiles/run_torque.host.mk:13: warning: ignoring old commands for target `/Users/ziangwang/Sources/vibeos/target/node-runtime/source/node-v24.14.0/out/Release/obj/gen/torque-generated/src/builtins/typed-array-values-tq-inl.inc'
tools/v8_gypfiles/run_torque.target.mk:13: warning: overriding commands for target `/Users/ziangwang/Sources/vibeos/target/node-runtime/source/node-v24.14.0/out/Release/obj/gen/torque-generated/src/builtins/typed-array-with-tq-inl.inc'
tools/v8_gypfiles/run_torque.host.mk:13: warning: ignoring old commands for target `/Users/ziangwang/Sources/vibeos/target/node-runtime/source/node-v24.14.0/out/Release/obj/gen/torque-generated/src/builtins/typed-array-with-tq-inl.inc'
tools/v8_gypfiles/run_torque.target.mk:13: warning: overriding commands for target `/Users/ziangwang/Sources/vibeos/target/node-runtime/source/node-v24.14.0/out/Release/obj/gen/torque-generated/src/builtins/typed-array-tq-inl.inc'
tools/v8_gypfiles/run_torque.host.mk:13: warning: ignoring old commands for target `/Users/ziangwang/Sources/vibeos/target/node-runtime/source/node-v24.14.0/out/Release/obj/gen/torque-generated/src/builtins/typed-array-tq-inl.inc'
tools/v8_gypfiles/run_torque.target.mk:13: warning: overriding commands for target `/Users/ziangwang/Sources/vibeos/target/node-runtime/source/node-v24.14.0/out/Release/obj/gen/torque-generated/src/builtins/weak-ref-tq-inl.inc'
tools/v8_gypfiles/run_torque.host.mk:13: warning: ignoring old commands for target `/Users/ziangwang/Sources/vibeos/target/node-runtime/source/node-v24.14.0/out/Release/obj/gen/torque-generated/src/builtins/weak-ref-tq-inl.inc'
tools/v8_gypfiles/run_torque.target.mk:13: warning: overriding commands for target `/Users/ziangwang/Sources/vibeos/target/node-runtime/source/node-v24.14.0/out/Release/obj/gen/torque-generated/src/ic/handler-configuration-tq-inl.inc'
tools/v8_gypfiles/run_torque.host.mk:13: warning: ignoring old commands for target `/Users/ziangwang/Sources/vibeos/target/node-runtime/source/node-v24.14.0/out/Release/obj/gen/torque-generated/src/ic/handler-configuration-tq-inl.inc'
tools/v8_gypfiles/run_torque.target.mk:13: warning: overriding commands for target `/Users/ziangwang/Sources/vibeos/target/node-runtime/source/node-v24.14.0/out/Release/obj/gen/torque-generated/src/objects/allocation-site-tq-inl.inc'
tools/v8_gypfiles/run_torque.host.mk:13: warning: ignoring old commands for target `/Users/ziangwang/Sources/vibeos/target/node-runtime/source/node-v24.14.0/out/Release/obj/gen/torque-generated/src/objects/allocation-site-tq-inl.inc'
tools/v8_gypfiles/run_torque.target.mk:13: warning: overriding commands for target `/Users/ziangwang/Sources/vibeos/target/node-runtime/source/node-v24.14.0/out/Release/obj/gen/torque-generated/src/objects/api-callbacks-tq-inl.inc'
tools/v8_gypfiles/run_torque.host.mk:13: warning: ignoring old commands for target `/Users/ziangwang/Sources/vibeos/target/node-runtime/source/node-v24.14.0/out/Release/obj/gen/torque-generated/src/objects/api-callbacks-tq-inl.inc'
tools/v8_gypfiles/run_torque.target.mk:13: warning: overriding commands for target `/Users/ziangwang/Sources/vibeos/target/node-runtime/source/node-v24.14.0/out/Release/obj/gen/torque-generated/src/objects/arguments-tq-inl.inc'
tools/v8_gypfiles/run_torque.host.mk:13: warning: ignoring old commands for target `/Users/ziangwang/Sources/vibeos/target/node-runtime/source/node-v24.14.0/out/Release/obj/gen/torque-generated/src/objects/arguments-tq-inl.inc'
tools/v8_gypfiles/run_torque.target.mk:13: warning: overriding commands for target `/Users/ziangwang/Sources/vibeos/target/node-runtime/source/node-v24.14.0/out/Release/obj/gen/torque-generated/src/objects/bigint-tq-inl.inc'
tools/v8_gypfiles/run_torque.host.mk:13: warning: ignoring old commands for target `/Users/ziangwang/Sources/vibeos/target/node-runtime/source/node-v24.14.0/out/Release/obj/gen/torque-generated/src/objects/bigint-tq-inl.inc'
tools/v8_gypfiles/run_torque.target.mk:13: warning: overriding commands for target `/Users/ziangwang/Sources/vibeos/target/node-runtime/source/node-v24.14.0/out/Release/obj/gen/torque-generated/src/objects/call-site-info-tq-inl.inc'
tools/v8_gypfiles/run_torque.host.mk:13: warning: ignoring old commands for target `/Users/ziangwang/Sources/vibeos/target/node-runtime/source/node-v24.14.0/out/Release/obj/gen/torque-generated/src/objects/call-site-info-tq-inl.inc'
tools/v8_gypfiles/run_torque.target.mk:13: warning: overriding commands for target `/Users/ziangwang/Sources/vibeos/target/node-runtime/source/node-v24.14.0/out/Release/obj/gen/torque-generated/src/objects/cell-tq-inl.inc'
tools/v8_gypfiles/run_torque.host.mk:13: warning: ignoring old commands for target `/Users/ziangwang/Sources/vibeos/target/node-runtime/source/node-v24.14.0/out/Release/obj/gen/torque-generated/src/objects/cell-tq-inl.inc'
tools/v8_gypfiles/run_torque.target.mk:13: warning: overriding commands for target `/Users/ziangwang/Sources/vibeos/target/node-runtime/source/node-v24.14.0/out/Release/obj/gen/torque-generated/src/objects/bytecode-array-tq-inl.inc'
tools/v8_gypfiles/run_torque.host.mk:13: warning: ignoring old commands for target `/Users/ziangwang/Sources/vibeos/target/node-runtime/source/node-v24.14.0/out/Release/obj/gen/torque-generated/src/objects/bytecode-array-tq-inl.inc'
tools/v8_gypfiles/run_torque.target.mk:13: warning: overriding commands for target `/Users/ziangwang/Sources/vibeos/target/node-runtime/source/node-v24.14.0/out/Release/obj/gen/torque-generated/src/objects/contexts-tq-inl.inc'
tools/v8_gypfiles/run_torque.host.mk:13: warning: ignoring old commands for target `/Users/ziangwang/Sources/vibeos/target/node-runtime/source/node-v24.14.0/out/Release/obj/gen/torque-generated/src/objects/contexts-tq-inl.inc'
tools/v8_gypfiles/run_torque.target.mk:13: warning: overriding commands for target `/Users/ziangwang/Sources/vibeos/target/node-runtime/source/node-v24.14.0/out/Release/obj/gen/torque-generated/src/objects/data-handler-tq-inl.inc'
tools/v8_gypfiles/run_torque.host.mk:13: warning: ignoring old commands for target `/Users/ziangwang/Sources/vibeos/target/node-runtime/source/node-v24.14.0/out/Release/obj/gen/torque-generated/src/objects/data-handler-tq-inl.inc'
tools/v8_gypfiles/run_torque.target.mk:13: warning: overriding commands for target `/Users/ziangwang/Sources/vibeos/target/node-runtime/source/node-v24.14.0/out/Release/obj/gen/torque-generated/src/objects/debug-objects-tq-inl.inc'
tools/v8_gypfiles/run_torque.host.mk:13: warning: ignoring old commands for target `/Users/ziangwang/Sources/vibeos/target/node-runtime/source/node-v24.14.0/out/Release/obj/gen/torque-generated/src/objects/debug-objects-tq-inl.inc'
tools/v8_gypfiles/run_torque.target.mk:13: warning: overriding commands for target `/Users/ziangwang/Sources/vibeos/target/node-runtime/source/node-v24.14.0/out/Release/obj/gen/torque-generated/src/objects/descriptor-array-tq-inl.inc'
tools/v8_gypfiles/run_torque.host.mk:13: warning: ignoring old commands for target `/Users/ziangwang/Sources/vibeos/target/node-runtime/source/node-v24.14.0/out/Release/obj/gen/torque-generated/src/objects/descriptor-array-tq-inl.inc'
tools/v8_gypfiles/run_torque.target.mk:13: warning: overriding commands for target `/Users/ziangwang/Sources/vibeos/target/node-runtime/source/node-v24.14.0/out/Release/obj/gen/torque-generated/src/objects/embedder-data-array-tq-inl.inc'
tools/v8_gypfiles/run_torque.host.mk:13: warning: ignoring old commands for target `/Users/ziangwang/Sources/vibeos/target/node-runtime/source/node-v24.14.0/out/Release/obj/gen/torque-generated/src/objects/embedder-data-array-tq-inl.inc'
tools/v8_gypfiles/run_torque.target.mk:13: warning: overriding commands for target `/Users/ziangwang/Sources/vibeos/target/node-runtime/source/node-v24.14.0/out/Release/obj/gen/torque-generated/src/objects/feedback-cell-tq-inl.inc'
tools/v8_gypfiles/run_torque.host.mk:13: warning: ignoring old commands for target `/Users/ziangwang/Sources/vibeos/target/node-runtime/source/node-v24.14.0/out/Release/obj/gen/torque-generated/src/objects/feedback-cell-tq-inl.inc'
tools/v8_gypfiles/run_torque.target.mk:13: warning: overriding commands for target `/Users/ziangwang/Sources/vibeos/target/node-runtime/source/node-v24.14.0/out/Release/obj/gen/torque-generated/src/objects/feedback-vector-tq-inl.inc'
tools/v8_gypfiles/run_torque.host.mk:13: warning: ignoring old commands for target `/Users/ziangwang/Sources/vibeos/target/node-runtime/source/node-v24.14.0/out/Release/obj/gen/torque-generated/src/objects/feedback-vector-tq-inl.inc'
tools/v8_gypfiles/run_torque.target.mk:13: warning: overriding commands for target `/Users/ziangwang/Sources/vibeos/target/node-runtime/source/node-v24.14.0/out/Release/obj/gen/torque-generated/src/objects/fixed-array-tq-inl.inc'
tools/v8_gypfiles/run_torque.host.mk:13: warning: ignoring old commands for target `/Users/ziangwang/Sources/vibeos/target/node-runtime/source/node-v24.14.0/out/Release/obj/gen/torque-generated/src/objects/fixed-array-tq-inl.inc'
tools/v8_gypfiles/run_torque.target.mk:13: warning: overriding commands for target `/Users/ziangwang/Sources/vibeos/target/node-runtime/source/node-v24.14.0/out/Release/obj/gen/torque-generated/src/objects/foreign-tq-inl.inc'
tools/v8_gypfiles/run_torque.host.mk:13: warning: ignoring old commands for target `/Users/ziangwang/Sources/vibeos/target/node-runtime/source/node-v24.14.0/out/Release/obj/gen/torque-generated/src/objects/foreign-tq-inl.inc'
tools/v8_gypfiles/run_torque.target.mk:13: warning: overriding commands for target `/Users/ziangwang/Sources/vibeos/target/node-runtime/source/node-v24.14.0/out/Release/obj/gen/torque-generated/src/objects/free-space-tq-inl.inc'
tools/v8_gypfiles/run_torque.host.mk:13: warning: ignoring old commands for target `/Users/ziangwang/Sources/vibeos/target/node-runtime/source/node-v24.14.0/out/Release/obj/gen/torque-generated/src/objects/free-space-tq-inl.inc'
tools/v8_gypfiles/run_torque.target.mk:13: warning: overriding commands for target `/Users/ziangwang/Sources/vibeos/target/node-runtime/source/node-v24.14.0/out/Release/obj/gen/torque-generated/src/objects/heap-number-tq-inl.inc'
tools/v8_gypfiles/run_torque.host.mk:13: warning: ignoring old commands for target `/Users/ziangwang/Sources/vibeos/target/node-runtime/source/node-v24.14.0/out/Release/obj/gen/torque-generated/src/objects/heap-number-tq-inl.inc'
tools/v8_gypfiles/run_torque.target.mk:13: warning: overriding commands for target `/Users/ziangwang/Sources/vibeos/target/node-runtime/source/node-v24.14.0/out/Release/obj/gen/torque-generated/src/objects/heap-object-tq-inl.inc'
tools/v8_gypfiles/run_torque.host.mk:13: warning: ignoring old commands for target `/Users/ziangwang/Sources/vibeos/target/node-runtime/source/node-v24.14.0/out/Release/obj/gen/torque-generated/src/objects/heap-object-tq-inl.inc'
tools/v8_gypfiles/run_torque.target.mk:13: warning: overriding commands for target `/Users/ziangwang/Sources/vibeos/target/node-runtime/source/node-v24.14.0/out/Release/obj/gen/torque-generated/src/objects/js-array-buffer-tq-inl.inc'
tools/v8_gypfiles/run_torque.host.mk:13: warning: ignoring old commands for target `/Users/ziangwang/Sources/vibeos/target/node-runtime/source/node-v24.14.0/out/Release/obj/gen/torque-generated/src/objects/js-array-buffer-tq-inl.inc'
tools/v8_gypfiles/run_torque.target.mk:13: warning: overriding commands for target `/Users/ziangwang/Sources/vibeos/target/node-runtime/source/node-v24.14.0/out/Release/obj/gen/torque-generated/src/objects/js-array-tq-inl.inc'
tools/v8_gypfiles/run_torque.host.mk:13: warning: ignoring old commands for target `/Users/ziangwang/Sources/vibeos/target/node-runtime/source/node-v24.14.0/out/Release/obj/gen/torque-generated/src/objects/js-array-tq-inl.inc'
tools/v8_gypfiles/run_torque.target.mk:13: warning: overriding commands for target `/Users/ziangwang/Sources/vibeos/target/node-runtime/source/node-v24.14.0/out/Release/obj/gen/torque-generated/src/objects/js-atomics-synchronization-tq-inl.inc'
tools/v8_gypfiles/run_torque.host.mk:13: warning: ignoring old commands for target `/Users/ziangwang/Sources/vibeos/target/node-runtime/source/node-v24.14.0/out/Release/obj/gen/torque-generated/src/objects/js-atomics-synchronization-tq-inl.inc'
tools/v8_gypfiles/run_torque.target.mk:13: warning: overriding commands for target `/Users/ziangwang/Sources/vibeos/target/node-runtime/source/node-v24.14.0/out/Release/obj/gen/torque-generated/src/objects/js-collection-iterator-tq-inl.inc'
tools/v8_gypfiles/run_torque.host.mk:13: warning: ignoring old commands for target `/Users/ziangwang/Sources/vibeos/target/node-runtime/source/node-v24.14.0/out/Release/obj/gen/torque-generated/src/objects/js-collection-iterator-tq-inl.inc'
tools/v8_gypfiles/run_torque.target.mk:13: warning: overriding commands for target `/Users/ziangwang/Sources/vibeos/target/node-runtime/source/node-v24.14.0/out/Release/obj/gen/torque-generated/src/objects/js-collection-tq-inl.inc'
tools/v8_gypfiles/run_torque.host.mk:13: warning: ignoring old commands for target `/Users/ziangwang/Sources/vibeos/target/node-runtime/source/node-v24.14.0/out/Release/obj/gen/torque-generated/src/objects/js-collection-tq-inl.inc'
tools/v8_gypfiles/run_torque.target.mk:13: warning: overriding commands for target `/Users/ziangwang/Sources/vibeos/target/node-runtime/source/node-v24.14.0/out/Release/obj/gen/torque-generated/src/objects/js-disposable-stack-tq-inl.inc'
tools/v8_gypfiles/run_torque.host.mk:13: warning: ignoring old commands for target `/Users/ziangwang/Sources/vibeos/target/node-runtime/source/node-v24.14.0/out/Release/obj/gen/torque-generated/src/objects/js-disposable-stack-tq-inl.inc'
tools/v8_gypfiles/run_torque.target.mk:13: warning: overriding commands for target `/Users/ziangwang/Sources/vibeos/target/node-runtime/source/node-v24.14.0/out/Release/obj/gen/torque-generated/src/objects/js-function-tq-inl.inc'
tools/v8_gypfiles/run_torque.host.mk:13: warning: ignoring old commands for target `/Users/ziangwang/Sources/vibeos/target/node-runtime/source/node-v24.14.0/out/Release/obj/gen/torque-generated/src/objects/js-function-tq-inl.inc'
tools/v8_gypfiles/run_torque.target.mk:13: warning: overriding commands for target `/Users/ziangwang/Sources/vibeos/target/node-runtime/source/node-v24.14.0/out/Release/obj/gen/torque-generated/src/objects/js-generator-tq-inl.inc'
tools/v8_gypfiles/run_torque.host.mk:13: warning: ignoring old commands for target `/Users/ziangwang/Sources/vibeos/target/node-runtime/source/node-v24.14.0/out/Release/obj/gen/torque-generated/src/objects/js-generator-tq-inl.inc'
tools/v8_gypfiles/run_torque.target.mk:13: warning: overriding commands for target `/Users/ziangwang/Sources/vibeos/target/node-runtime/source/node-v24.14.0/out/Release/obj/gen/torque-generated/src/objects/js-iterator-helpers-tq-inl.inc'
tools/v8_gypfiles/run_torque.host.mk:13: warning: ignoring old commands for target `/Users/ziangwang/Sources/vibeos/target/node-runtime/source/node-v24.14.0/out/Release/obj/gen/torque-generated/src/objects/js-iterator-helpers-tq-inl.inc'
tools/v8_gypfiles/run_torque.target.mk:13: warning: overriding commands for target `/Users/ziangwang/Sources/vibeos/target/node-runtime/source/node-v24.14.0/out/Release/obj/gen/torque-generated/src/objects/js-objects-tq-inl.inc'
tools/v8_gypfiles/run_torque.host.mk:13: warning: ignoring old commands for target `/Users/ziangwang/Sources/vibeos/target/node-runtime/source/node-v24.14.0/out/Release/obj/gen/torque-generated/src/objects/js-objects-tq-inl.inc'
tools/v8_gypfiles/run_torque.target.mk:13: warning: overriding commands for target `/Users/ziangwang/Sources/vibeos/target/node-runtime/source/node-v24.14.0/out/Release/obj/gen/torque-generated/src/objects/js-promise-tq-inl.inc'
tools/v8_gypfiles/run_torque.host.mk:13: warning: ignoring old commands for target `/Users/ziangwang/Sources/vibeos/target/node-runtime/source/node-v24.14.0/out/Release/obj/gen/torque-generated/src/objects/js-promise-tq-inl.inc'
tools/v8_gypfiles/run_torque.target.mk:13: warning: overriding commands for target `/Users/ziangwang/Sources/vibeos/target/node-runtime/source/node-v24.14.0/out/Release/obj/gen/torque-generated/src/objects/js-proxy-tq-inl.inc'
tools/v8_gypfiles/run_torque.host.mk:13: warning: ignoring old commands for target `/Users/ziangwang/Sources/vibeos/target/node-runtime/source/node-v24.14.0/out/Release/obj/gen/torque-generated/src/objects/js-proxy-tq-inl.inc'
tools/v8_gypfiles/run_torque.target.mk:13: warning: overriding commands for target `/Users/ziangwang/Sources/vibeos/target/node-runtime/source/node-v24.14.0/out/Release/obj/gen/torque-generated/src/objects/js-raw-json-tq-inl.inc'
tools/v8_gypfiles/run_torque.host.mk:13: warning: ignoring old commands for target `/Users/ziangwang/Sources/vibeos/target/node-runtime/source/node-v24.14.0/out/Release/obj/gen/torque-generated/src/objects/js-raw-json-tq-inl.inc'
tools/v8_gypfiles/run_torque.target.mk:13: warning: overriding commands for target `/Users/ziangwang/Sources/vibeos/target/node-runtime/source/node-v24.14.0/out/Release/obj/gen/torque-generated/src/objects/js-regexp-string-iterator-tq-inl.inc'
tools/v8_gypfiles/run_torque.host.mk:13: warning: ignoring old commands for target `/Users/ziangwang/Sources/vibeos/target/node-runtime/source/node-v24.14.0/out/Release/obj/gen/torque-generated/src/objects/js-regexp-string-iterator-tq-inl.inc'
tools/v8_gypfiles/run_torque.target.mk:13: warning: overriding commands for target `/Users/ziangwang/Sources/vibeos/target/node-runtime/source/node-v24.14.0/out/Release/obj/gen/torque-generated/src/objects/js-regexp-tq-inl.inc'
tools/v8_gypfiles/run_torque.host.mk:13: warning: ignoring old commands for target `/Users/ziangwang/Sources/vibeos/target/node-runtime/source/node-v24.14.0/out/Release/obj/gen/torque-generated/src/objects/js-regexp-tq-inl.inc'
tools/v8_gypfiles/run_torque.target.mk:13: warning: overriding commands for target `/Users/ziangwang/Sources/vibeos/target/node-runtime/source/node-v24.14.0/out/Release/obj/gen/torque-generated/src/objects/js-shadow-realm-tq-inl.inc'
tools/v8_gypfiles/run_torque.host.mk:13: warning: ignoring old commands for target `/Users/ziangwang/Sources/vibeos/target/node-runtime/source/node-v24.14.0/out/Release/obj/gen/torque-generated/src/objects/js-shadow-realm-tq-inl.inc'
tools/v8_gypfiles/run_torque.target.mk:13: warning: overriding commands for target `/Users/ziangwang/Sources/vibeos/target/node-runtime/source/node-v24.14.0/out/Release/obj/gen/torque-generated/src/objects/js-shared-array-tq-inl.inc'
tools/v8_gypfiles/run_torque.host.mk:13: warning: ignoring old commands for target `/Users/ziangwang/Sources/vibeos/target/node-runtime/source/node-v24.14.0/out/Release/obj/gen/torque-generated/src/objects/js-shared-array-tq-inl.inc'
tools/v8_gypfiles/run_torque.target.mk:13: warning: overriding commands for target `/Users/ziangwang/Sources/vibeos/target/node-runtime/source/node-v24.14.0/out/Release/obj/gen/torque-generated/src/objects/js-struct-tq-inl.inc'
tools/v8_gypfiles/run_torque.host.mk:13: warning: ignoring old commands for target `/Users/ziangwang/Sources/vibeos/target/node-runtime/source/node-v24.14.0/out/Release/obj/gen/torque-generated/src/objects/js-struct-tq-inl.inc'
tools/v8_gypfiles/run_torque.target.mk:13: warning: overriding commands for target `/Users/ziangwang/Sources/vibeos/target/node-runtime/source/node-v24.14.0/out/Release/obj/gen/torque-generated/src/objects/js-temporal-objects-tq-inl.inc'
tools/v8_gypfiles/run_torque.host.mk:13: warning: ignoring old commands for target `/Users/ziangwang/Sources/vibeos/target/node-runtime/source/node-v24.14.0/out/Release/obj/gen/torque-generated/src/objects/js-temporal-objects-tq-inl.inc'
tools/v8_gypfiles/run_torque.target.mk:13: warning: overriding commands for target `/Users/ziangwang/Sources/vibeos/target/node-runtime/source/node-v24.14.0/out/Release/obj/gen/torque-generated/src/objects/js-weak-refs-tq-inl.inc'
tools/v8_gypfiles/run_torque.host.mk:13: warning: ignoring old commands for target `/Users/ziangwang/Sources/vibeos/target/node-runtime/source/node-v24.14.0/out/Release/obj/gen/torque-generated/src/objects/js-weak-refs-tq-inl.inc'
tools/v8_gypfiles/run_torque.target.mk:13: warning: overriding commands for target `/Users/ziangwang/Sources/vibeos/target/node-runtime/source/node-v24.14.0/out/Release/obj/gen/torque-generated/src/objects/literal-objects-tq-inl.inc'
tools/v8_gypfiles/run_torque.host.mk:13: warning: ignoring old commands for target `/Users/ziangwang/Sources/vibeos/target/node-runtime/source/node-v24.14.0/out/Release/obj/gen/torque-generated/src/objects/literal-objects-tq-inl.inc'
tools/v8_gypfiles/run_torque.target.mk:13: warning: overriding commands for target `/Users/ziangwang/Sources/vibeos/target/node-runtime/source/node-v24.14.0/out/Release/obj/gen/torque-generated/src/objects/map-tq-inl.inc'
tools/v8_gypfiles/run_torque.host.mk:13: warning: ignoring old commands for target `/Users/ziangwang/Sources/vibeos/target/node-runtime/source/node-v24.14.0/out/Release/obj/gen/torque-generated/src/objects/map-tq-inl.inc'
tools/v8_gypfiles/run_torque.target.mk:13: warning: overriding commands for target `/Users/ziangwang/Sources/vibeos/target/node-runtime/source/node-v24.14.0/out/Release/obj/gen/torque-generated/src/objects/megadom-handler-tq-inl.inc'
tools/v8_gypfiles/run_torque.host.mk:13: warning: ignoring old commands for target `/Users/ziangwang/Sources/vibeos/target/node-runtime/source/node-v24.14.0/out/Release/obj/gen/torque-generated/src/objects/megadom-handler-tq-inl.inc'
tools/v8_gypfiles/run_torque.target.mk:13: warning: overriding commands for target `/Users/ziangwang/Sources/vibeos/target/node-runtime/source/node-v24.14.0/out/Release/obj/gen/torque-generated/src/objects/microtask-tq-inl.inc'
tools/v8_gypfiles/run_torque.host.mk:13: warning: ignoring old commands for target `/Users/ziangwang/Sources/vibeos/target/node-runtime/source/node-v24.14.0/out/Release/obj/gen/torque-generated/src/objects/microtask-tq-inl.inc'
tools/v8_gypfiles/run_torque.target.mk:13: warning: overriding commands for target `/Users/ziangwang/Sources/vibeos/target/node-runtime/source/node-v24.14.0/out/Release/obj/gen/torque-generated/src/objects/module-tq-inl.inc'
tools/v8_gypfiles/run_torque.host.mk:13: warning: ignoring old commands for target `/Users/ziangwang/Sources/vibeos/target/node-runtime/source/node-v24.14.0/out/Release/obj/gen/torque-generated/src/objects/module-tq-inl.inc'
tools/v8_gypfiles/run_torque.target.mk:13: warning: overriding commands for target `/Users/ziangwang/Sources/vibeos/target/node-runtime/source/node-v24.14.0/out/Release/obj/gen/torque-generated/src/objects/name-tq-inl.inc'
tools/v8_gypfiles/run_torque.host.mk:13: warning: ignoring old commands for target `/Users/ziangwang/Sources/vibeos/target/node-runtime/source/node-v24.14.0/out/Release/obj/gen/torque-generated/src/objects/name-tq-inl.inc'
tools/v8_gypfiles/run_torque.target.mk:13: warning: overriding commands for target `/Users/ziangwang/Sources/vibeos/target/node-runtime/source/node-v24.14.0/out/Release/obj/gen/torque-generated/src/objects/oddball-tq-inl.inc'
tools/v8_gypfiles/run_torque.host.mk:13: warning: ignoring old commands for target `/Users/ziangwang/Sources/vibeos/target/node-runtime/source/node-v24.14.0/out/Release/obj/gen/torque-generated/src/objects/oddball-tq-inl.inc'
tools/v8_gypfiles/run_torque.target.mk:13: warning: overriding commands for target `/Users/ziangwang/Sources/vibeos/target/node-runtime/source/node-v24.14.0/out/Release/obj/gen/torque-generated/src/objects/hole-tq-inl.inc'
tools/v8_gypfiles/run_torque.host.mk:13: warning: ignoring old commands for target `/Users/ziangwang/Sources/vibeos/target/node-runtime/source/node-v24.14.0/out/Release/obj/gen/torque-generated/src/objects/hole-tq-inl.inc'
tools/v8_gypfiles/run_torque.target.mk:13: warning: overriding commands for target `/Users/ziangwang/Sources/vibeos/target/node-runtime/source/node-v24.14.0/out/Release/obj/gen/torque-generated/src/objects/trusted-object-tq-inl.inc'
tools/v8_gypfiles/run_torque.host.mk:13: warning: ignoring old commands for target `/Users/ziangwang/Sources/vibeos/target/node-runtime/source/node-v24.14.0/out/Release/obj/gen/torque-generated/src/objects/trusted-object-tq-inl.inc'
tools/v8_gypfiles/run_torque.target.mk:13: warning: overriding commands for target `/Users/ziangwang/Sources/vibeos/target/node-runtime/source/node-v24.14.0/out/Release/obj/gen/torque-generated/src/objects/ordered-hash-table-tq-inl.inc'
tools/v8_gypfiles/run_torque.host.mk:13: warning: ignoring old commands for target `/Users/ziangwang/Sources/vibeos/target/node-runtime/source/node-v24.14.0/out/Release/obj/gen/torque-generated/src/objects/ordered-hash-table-tq-inl.inc'
tools/v8_gypfiles/run_torque.target.mk:13: warning: overriding commands for target `/Users/ziangwang/Sources/vibeos/target/node-runtime/source/node-v24.14.0/out/Release/obj/gen/torque-generated/src/objects/primitive-heap-object-tq-inl.inc'
tools/v8_gypfiles/run_torque.host.mk:13: warning: ignoring old commands for target `/Users/ziangwang/Sources/vibeos/target/node-runtime/source/node-v24.14.0/out/Release/obj/gen/torque-generated/src/objects/primitive-heap-object-tq-inl.inc'
tools/v8_gypfiles/run_torque.target.mk:13: warning: overriding commands for target `/Users/ziangwang/Sources/vibeos/target/node-runtime/source/node-v24.14.0/out/Release/obj/gen/torque-generated/src/objects/promise-tq-inl.inc'
tools/v8_gypfiles/run_torque.host.mk:13: warning: ignoring old commands for target `/Users/ziangwang/Sources/vibeos/target/node-runtime/source/node-v24.14.0/out/Release/obj/gen/torque-generated/src/objects/promise-tq-inl.inc'
tools/v8_gypfiles/run_torque.target.mk:13: warning: overriding commands for target `/Users/ziangwang/Sources/vibeos/target/node-runtime/source/node-v24.14.0/out/Release/obj/gen/torque-generated/src/objects/property-array-tq-inl.inc'
tools/v8_gypfiles/run_torque.host.mk:13: warning: ignoring old commands for target `/Users/ziangwang/Sources/vibeos/target/node-runtime/source/node-v24.14.0/out/Release/obj/gen/torque-generated/src/objects/property-array-tq-inl.inc'
tools/v8_gypfiles/run_torque.target.mk:13: warning: overriding commands for target `/Users/ziangwang/Sources/vibeos/target/node-runtime/source/node-v24.14.0/out/Release/obj/gen/torque-generated/src/objects/property-cell-tq-inl.inc'
tools/v8_gypfiles/run_torque.host.mk:13: warning: ignoring old commands for target `/Users/ziangwang/Sources/vibeos/target/node-runtime/source/node-v24.14.0/out/Release/obj/gen/torque-generated/src/objects/property-cell-tq-inl.inc'
tools/v8_gypfiles/run_torque.target.mk:13: warning: overriding commands for target `/Users/ziangwang/Sources/vibeos/target/node-runtime/source/node-v24.14.0/out/Release/obj/gen/torque-generated/src/objects/property-descriptor-object-tq-inl.inc'
tools/v8_gypfiles/run_torque.host.mk:13: warning: ignoring old commands for target `/Users/ziangwang/Sources/vibeos/target/node-runtime/source/node-v24.14.0/out/Release/obj/gen/torque-generated/src/objects/property-descriptor-object-tq-inl.inc'
tools/v8_gypfiles/run_torque.target.mk:13: warning: overriding commands for target `/Users/ziangwang/Sources/vibeos/target/node-runtime/source/node-v24.14.0/out/Release/obj/gen/torque-generated/src/objects/prototype-info-tq-inl.inc'
tools/v8_gypfiles/run_torque.host.mk:13: warning: ignoring old commands for target `/Users/ziangwang/Sources/vibeos/target/node-runtime/source/node-v24.14.0/out/Release/obj/gen/torque-generated/src/objects/prototype-info-tq-inl.inc'
tools/v8_gypfiles/run_torque.target.mk:13: warning: overriding commands for target `/Users/ziangwang/Sources/vibeos/target/node-runtime/source/node-v24.14.0/out/Release/obj/gen/torque-generated/src/objects/regexp-match-info-tq-inl.inc'
tools/v8_gypfiles/run_torque.host.mk:13: warning: ignoring old commands for target `/Users/ziangwang/Sources/vibeos/target/node-runtime/source/node-v24.14.0/out/Release/obj/gen/torque-generated/src/objects/regexp-match-info-tq-inl.inc'
tools/v8_gypfiles/run_torque.target.mk:13: warning: overriding commands for target `/Users/ziangwang/Sources/vibeos/target/node-runtime/source/node-v24.14.0/out/Release/obj/gen/torque-generated/src/objects/scope-info-tq-inl.inc'
tools/v8_gypfiles/run_torque.host.mk:13: warning: ignoring old commands for target `/Users/ziangwang/Sources/vibeos/target/node-runtime/source/node-v24.14.0/out/Release/obj/gen/torque-generated/src/objects/scope-info-tq-inl.inc'
tools/v8_gypfiles/run_torque.target.mk:13: warning: overriding commands for target `/Users/ziangwang/Sources/vibeos/target/node-runtime/source/node-v24.14.0/out/Release/obj/gen/torque-generated/src/objects/script-tq-inl.inc'
tools/v8_gypfiles/run_torque.host.mk:13: warning: ignoring old commands for target `/Users/ziangwang/Sources/vibeos/target/node-runtime/source/node-v24.14.0/out/Release/obj/gen/torque-generated/src/objects/script-tq-inl.inc'
tools/v8_gypfiles/run_torque.target.mk:13: warning: overriding commands for target `/Users/ziangwang/Sources/vibeos/target/node-runtime/source/node-v24.14.0/out/Release/obj/gen/torque-generated/src/objects/shared-function-info-tq-inl.inc'
tools/v8_gypfiles/run_torque.host.mk:13: warning: ignoring old commands for target `/Users/ziangwang/Sources/vibeos/target/node-runtime/source/node-v24.14.0/out/Release/obj/gen/torque-generated/src/objects/shared-function-info-tq-inl.inc'
tools/v8_gypfiles/run_torque.target.mk:13: warning: overriding commands for target `/Users/ziangwang/Sources/vibeos/target/node-runtime/source/node-v24.14.0/out/Release/obj/gen/torque-generated/src/objects/source-text-module-tq-inl.inc'
tools/v8_gypfiles/run_torque.host.mk:13: warning: ignoring old commands for target `/Users/ziangwang/Sources/vibeos/target/node-runtime/source/node-v24.14.0/out/Release/obj/gen/torque-generated/src/objects/source-text-module-tq-inl.inc'
tools/v8_gypfiles/run_torque.target.mk:13: warning: overriding commands for target `/Users/ziangwang/Sources/vibeos/target/node-runtime/source/node-v24.14.0/out/Release/obj/gen/torque-generated/src/objects/string-tq-inl.inc'
tools/v8_gypfiles/run_torque.host.mk:13: warning: ignoring old commands for target `/Users/ziangwang/Sources/vibeos/target/node-runtime/source/node-v24.14.0/out/Release/obj/gen/torque-generated/src/objects/string-tq-inl.inc'
tools/v8_gypfiles/run_torque.target.mk:13: warning: overriding commands for target `/Users/ziangwang/Sources/vibeos/target/node-runtime/source/node-v24.14.0/out/Release/obj/gen/torque-generated/src/objects/struct-tq-inl.inc'
tools/v8_gypfiles/run_torque.host.mk:13: warning: ignoring old commands for target `/Users/ziangwang/Sources/vibeos/target/node-runtime/source/node-v24.14.0/out/Release/obj/gen/torque-generated/src/objects/struct-tq-inl.inc'
tools/v8_gypfiles/run_torque.target.mk:13: warning: overriding commands for target `/Users/ziangwang/Sources/vibeos/target/node-runtime/source/node-v24.14.0/out/Release/obj/gen/torque-generated/src/objects/swiss-hash-table-helpers-tq-inl.inc'
tools/v8_gypfiles/run_torque.host.mk:13: warning: ignoring old commands for target `/Users/ziangwang/Sources/vibeos/target/node-runtime/source/node-v24.14.0/out/Release/obj/gen/torque-generated/src/objects/swiss-hash-table-helpers-tq-inl.inc'
tools/v8_gypfiles/run_torque.target.mk:13: warning: overriding commands for target `/Users/ziangwang/Sources/vibeos/target/node-runtime/source/node-v24.14.0/out/Release/obj/gen/torque-generated/src/objects/swiss-name-dictionary-tq-inl.inc'
tools/v8_gypfiles/run_torque.host.mk:13: warning: ignoring old commands for target `/Users/ziangwang/Sources/vibeos/target/node-runtime/source/node-v24.14.0/out/Release/obj/gen/torque-generated/src/objects/swiss-name-dictionary-tq-inl.inc'
tools/v8_gypfiles/run_torque.target.mk:13: warning: overriding commands for target `/Users/ziangwang/Sources/vibeos/target/node-runtime/source/node-v24.14.0/out/Release/obj/gen/torque-generated/src/objects/synthetic-module-tq-inl.inc'
tools/v8_gypfiles/run_torque.host.mk:13: warning: ignoring old commands for target `/Users/ziangwang/Sources/vibeos/target/node-runtime/source/node-v24.14.0/out/Release/obj/gen/torque-generated/src/objects/synthetic-module-tq-inl.inc'
tools/v8_gypfiles/run_torque.target.mk:13: warning: overriding commands for target `/Users/ziangwang/Sources/vibeos/target/node-runtime/source/node-v24.14.0/out/Release/obj/gen/torque-generated/src/objects/template-objects-tq-inl.inc'
tools/v8_gypfiles/run_torque.host.mk:13: warning: ignoring old commands for target `/Users/ziangwang/Sources/vibeos/target/node-runtime/source/node-v24.14.0/out/Release/obj/gen/torque-generated/src/objects/template-objects-tq-inl.inc'
tools/v8_gypfiles/run_torque.target.mk:13: warning: overriding commands for target `/Users/ziangwang/Sources/vibeos/target/node-runtime/source/node-v24.14.0/out/Release/obj/gen/torque-generated/src/objects/templates-tq-inl.inc'
tools/v8_gypfiles/run_torque.host.mk:13: warning: ignoring old commands for target `/Users/ziangwang/Sources/vibeos/target/node-runtime/source/node-v24.14.0/out/Release/obj/gen/torque-generated/src/objects/templates-tq-inl.inc'
tools/v8_gypfiles/run_torque.target.mk:13: warning: overriding commands for target `/Users/ziangwang/Sources/vibeos/target/node-runtime/source/node-v24.14.0/out/Release/obj/gen/torque-generated/src/objects/torque-defined-classes-tq-inl.inc'
tools/v8_gypfiles/run_torque.host.mk:13: warning: ignoring old commands for target `/Users/ziangwang/Sources/vibeos/target/node-runtime/source/node-v24.14.0/out/Release/obj/gen/torque-generated/src/objects/torque-defined-classes-tq-inl.inc'
tools/v8_gypfiles/run_torque.target.mk:13: warning: overriding commands for target `/Users/ziangwang/Sources/vibeos/target/node-runtime/source/node-v24.14.0/out/Release/obj/gen/torque-generated/src/objects/turbofan-types-tq-inl.inc'
tools/v8_gypfiles/run_torque.host.mk:13: warning: ignoring old commands for target `/Users/ziangwang/Sources/vibeos/target/node-runtime/source/node-v24.14.0/out/Release/obj/gen/torque-generated/src/objects/turbofan-types-tq-inl.inc'
tools/v8_gypfiles/run_torque.target.mk:13: warning: overriding commands for target `/Users/ziangwang/Sources/vibeos/target/node-runtime/source/node-v24.14.0/out/Release/obj/gen/torque-generated/src/objects/turboshaft-types-tq-inl.inc'
tools/v8_gypfiles/run_torque.host.mk:13: warning: ignoring old commands for target `/Users/ziangwang/Sources/vibeos/target/node-runtime/source/node-v24.14.0/out/Release/obj/gen/torque-generated/src/objects/turboshaft-types-tq-inl.inc'
tools/v8_gypfiles/run_torque.target.mk:13: warning: overriding commands for target `/Users/ziangwang/Sources/vibeos/target/node-runtime/source/node-v24.14.0/out/Release/obj/gen/torque-generated/test/torque/test-torque-tq-inl.inc'
tools/v8_gypfiles/run_torque.host.mk:13: warning: ignoring old commands for target `/Users/ziangwang/Sources/vibeos/target/node-runtime/source/node-v24.14.0/out/Release/obj/gen/torque-generated/test/torque/test-torque-tq-inl.inc'
tools/v8_gypfiles/run_torque.target.mk:13: warning: overriding commands for target `/Users/ziangwang/Sources/vibeos/target/node-runtime/source/node-v24.14.0/out/Release/obj/gen/torque-generated/third_party/v8/builtins/array-sort-tq-inl.inc'
tools/v8_gypfiles/run_torque.host.mk:13: warning: ignoring old commands for target `/Users/ziangwang/Sources/vibeos/target/node-runtime/source/node-v24.14.0/out/Release/obj/gen/torque-generated/third_party/v8/builtins/array-sort-tq-inl.inc'
tools/v8_gypfiles/run_torque.target.mk:13: warning: overriding commands for target `/Users/ziangwang/Sources/vibeos/target/node-runtime/source/node-v24.14.0/out/Release/obj/gen/torque-generated/src/builtins/aggregate-error-tq.cc'
tools/v8_gypfiles/run_torque.host.mk:13: warning: ignoring old commands for target `/Users/ziangwang/Sources/vibeos/target/node-runtime/source/node-v24.14.0/out/Release/obj/gen/torque-generated/src/builtins/aggregate-error-tq.cc'
tools/v8_gypfiles/run_torque.target.mk:13: warning: overriding commands for target `/Users/ziangwang/Sources/vibeos/target/node-runtime/source/node-v24.14.0/out/Release/obj/gen/torque-generated/src/builtins/array-at-tq.cc'
tools/v8_gypfiles/run_torque.host.mk:13: warning: ignoring old commands for target `/Users/ziangwang/Sources/vibeos/target/node-runtime/source/node-v24.14.0/out/Release/obj/gen/torque-generated/src/builtins/array-at-tq.cc'
tools/v8_gypfiles/run_torque.target.mk:13: warning: overriding commands for target `/Users/ziangwang/Sources/vibeos/target/node-runtime/source/node-v24.14.0/out/Release/obj/gen/torque-generated/src/builtins/array-concat-tq.cc'
tools/v8_gypfiles/run_torque.host.mk:13: warning: ignoring old commands for target `/Users/ziangwang/Sources/vibeos/target/node-runtime/source/node-v24.14.0/out/Release/obj/gen/torque-generated/src/builtins/array-concat-tq.cc'
tools/v8_gypfiles/run_torque.target.mk:13: warning: overriding commands for target `/Users/ziangwang/Sources/vibeos/target/node-runtime/source/node-v24.14.0/out/Release/obj/gen/torque-generated/src/builtins/array-copywithin-tq.cc'
tools/v8_gypfiles/run_torque.host.mk:13: warning: ignoring old commands for target `/Users/ziangwang/Sources/vibeos/target/node-runtime/source/node-v24.14.0/out/Release/obj/gen/torque-generated/src/builtins/array-copywithin-tq.cc'
tools/v8_gypfiles/run_torque.target.mk:13: warning: overriding commands for target `/Users/ziangwang/Sources/vibeos/target/node-runtime/source/node-v24.14.0/out/Release/obj/gen/torque-generated/src/builtins/array-every-tq.cc'
tools/v8_gypfiles/run_torque.host.mk:13: warning: ignoring old commands for target `/Users/ziangwang/Sources/vibeos/target/node-runtime/source/node-v24.14.0/out/Release/obj/gen/torque-generated/src/builtins/array-every-tq.cc'
tools/v8_gypfiles/run_torque.target.mk:13: warning: overriding commands for target `/Users/ziangwang/Sources/vibeos/target/node-runtime/source/node-v24.14.0/out/Release/obj/gen/torque-generated/src/builtins/array-filter-tq.cc'
tools/v8_gypfiles/run_torque.host.mk:13: warning: ignoring old commands for target `/Users/ziangwang/Sources/vibeos/target/node-runtime/source/node-v24.14.0/out/Release/obj/gen/torque-generated/src/builtins/array-filter-tq.cc'
tools/v8_gypfiles/run_torque.target.mk:13: warning: overriding commands for target `/Users/ziangwang/Sources/vibeos/target/node-runtime/source/node-v24.14.0/out/Release/obj/gen/torque-generated/src/builtins/array-find-tq.cc'
tools/v8_gypfiles/run_torque.host.mk:13: warning: ignoring old commands for target `/Users/ziangwang/Sources/vibeos/target/node-runtime/source/node-v24.14.0/out/Release/obj/gen/torque-generated/src/builtins/array-find-tq.cc'
tools/v8_gypfiles/run_torque.target.mk:13: warning: overriding commands for target `/Users/ziangwang/Sources/vibeos/target/node-runtime/source/node-v24.14.0/out/Release/obj/gen/torque-generated/src/builtins/array-findindex-tq.cc'
tools/v8_gypfiles/run_torque.host.mk:13: warning: ignoring old commands for target `/Users/ziangwang/Sources/vibeos/target/node-runtime/source/node-v24.14.0/out/Release/obj/gen/torque-generated/src/builtins/array-findindex-tq.cc'
tools/v8_gypfiles/run_torque.target.mk:13: warning: overriding commands for target `/Users/ziangwang/Sources/vibeos/target/node-runtime/source/node-v24.14.0/out/Release/obj/gen/torque-generated/src/builtins/array-findlast-tq.cc'
tools/v8_gypfiles/run_torque.host.mk:13: warning: ignoring old commands for target `/Users/ziangwang/Sources/vibeos/target/node-runtime/source/node-v24.14.0/out/Release/obj/gen/torque-generated/src/builtins/array-findlast-tq.cc'
tools/v8_gypfiles/run_torque.target.mk:13: warning: overriding commands for target `/Users/ziangwang/Sources/vibeos/target/node-runtime/source/node-v24.14.0/out/Release/obj/gen/torque-generated/src/builtins/array-findlastindex-tq.cc'
tools/v8_gypfiles/run_torque.host.mk:13: warning: ignoring old commands for target `/Users/ziangwang/Sources/vibeos/target/node-runtime/source/node-v24.14.0/out/Release/obj/gen/torque-generated/src/builtins/array-findlastindex-tq.cc'
tools/v8_gypfiles/run_torque.target.mk:13: warning: overriding commands for target `/Users/ziangwang/Sources/vibeos/target/node-runtime/source/node-v24.14.0/out/Release/obj/gen/torque-generated/src/builtins/array-flat-tq.cc'
tools/v8_gypfiles/run_torque.host.mk:13: warning: ignoring old commands for target `/Users/ziangwang/Sources/vibeos/target/node-runtime/source/node-v24.14.0/out/Release/obj/gen/torque-generated/src/builtins/array-flat-tq.cc'
tools/v8_gypfiles/run_torque.target.mk:13: warning: overriding commands for target `/Users/ziangwang/Sources/vibeos/target/node-runtime/source/node-v24.14.0/out/Release/obj/gen/torque-generated/src/builtins/array-foreach-tq.cc'
tools/v8_gypfiles/run_torque.host.mk:13: warning: ignoring old commands for target `/Users/ziangwang/Sources/vibeos/target/node-runtime/source/node-v24.14.0/out/Release/obj/gen/torque-generated/src/builtins/array-foreach-tq.cc'
tools/v8_gypfiles/run_torque.target.mk:13: warning: overriding commands for target `/Users/ziangwang/Sources/vibeos/target/node-runtime/source/node-v24.14.0/out/Release/obj/gen/torque-generated/src/builtins/array-from-async-tq.cc'
tools/v8_gypfiles/run_torque.host.mk:13: warning: ignoring old commands for target `/Users/ziangwang/Sources/vibeos/target/node-runtime/source/node-v24.14.0/out/Release/obj/gen/torque-generated/src/builtins/array-from-async-tq.cc'
tools/v8_gypfiles/run_torque.target.mk:13: warning: overriding commands for target `/Users/ziangwang/Sources/vibeos/target/node-runtime/source/node-v24.14.0/out/Release/obj/gen/torque-generated/src/builtins/array-from-tq.cc'
tools/v8_gypfiles/run_torque.host.mk:13: warning: ignoring old commands for target `/Users/ziangwang/Sources/vibeos/target/node-runtime/source/node-v24.14.0/out/Release/obj/gen/torque-generated/src/builtins/array-from-tq.cc'
tools/v8_gypfiles/run_torque.target.mk:13: warning: overriding commands for target `/Users/ziangwang/Sources/vibeos/target/node-runtime/source/node-v24.14.0/out/Release/obj/gen/torque-generated/src/builtins/array-isarray-tq.cc'
tools/v8_gypfiles/run_torque.host.mk:13: warning: ignoring old commands for target `/Users/ziangwang/Sources/vibeos/target/node-runtime/source/node-v24.14.0/out/Release/obj/gen/torque-generated/src/builtins/array-isarray-tq.cc'
tools/v8_gypfiles/run_torque.target.mk:13: warning: overriding commands for target `/Users/ziangwang/Sources/vibeos/target/node-runtime/source/node-v24.14.0/out/Release/obj/gen/torque-generated/src/builtins/array-join-tq.cc'
tools/v8_gypfiles/run_torque.host.mk:13: warning: ignoring old commands for target `/Users/ziangwang/Sources/vibeos/target/node-runtime/source/node-v24.14.0/out/Release/obj/gen/torque-generated/src/builtins/array-join-tq.cc'
tools/v8_gypfiles/run_torque.target.mk:13: warning: overriding commands for target `/Users/ziangwang/Sources/vibeos/target/node-runtime/source/node-v24.14.0/out/Release/obj/gen/torque-generated/src/builtins/array-lastindexof-tq.cc'
tools/v8_gypfiles/run_torque.host.mk:13: warning: ignoring old commands for target `/Users/ziangwang/Sources/vibeos/target/node-runtime/source/node-v24.14.0/out/Release/obj/gen/torque-generated/src/builtins/array-lastindexof-tq.cc'
tools/v8_gypfiles/run_torque.target.mk:13: warning: overriding commands for target `/Users/ziangwang/Sources/vibeos/target/node-runtime/source/node-v24.14.0/out/Release/obj/gen/torque-generated/src/builtins/array-map-tq.cc'
tools/v8_gypfiles/run_torque.host.mk:13: warning: ignoring old commands for target `/Users/ziangwang/Sources/vibeos/target/node-runtime/source/node-v24.14.0/out/Release/obj/gen/torque-generated/src/builtins/array-map-tq.cc'
tools/v8_gypfiles/run_torque.target.mk:13: warning: overriding commands for target `/Users/ziangwang/Sources/vibeos/target/node-runtime/source/node-v24.14.0/out/Release/obj/gen/torque-generated/src/builtins/array-of-tq.cc'
tools/v8_gypfiles/run_torque.host.mk:13: warning: ignoring old commands for target `/Users/ziangwang/Sources/vibeos/target/node-runtime/source/node-v24.14.0/out/Release/obj/gen/torque-generated/src/builtins/array-of-tq.cc'
tools/v8_gypfiles/run_torque.target.mk:13: warning: overriding commands for target `/Users/ziangwang/Sources/vibeos/target/node-runtime/source/node-v24.14.0/out/Release/obj/gen/torque-generated/src/builtins/array-reduce-right-tq.cc'
tools/v8_gypfiles/run_torque.host.mk:13: warning: ignoring old commands for target `/Users/ziangwang/Sources/vibeos/target/node-runtime/source/node-v24.14.0/out/Release/obj/gen/torque-generated/src/builtins/array-reduce-right-tq.cc'
tools/v8_gypfiles/run_torque.target.mk:13: warning: overriding commands for target `/Users/ziangwang/Sources/vibeos/target/node-runtime/source/node-v24.14.0/out/Release/obj/gen/torque-generated/src/builtins/array-reduce-tq.cc'
tools/v8_gypfiles/run_torque.host.mk:13: warning: ignoring old commands for target `/Users/ziangwang/Sources/vibeos/target/node-runtime/source/node-v24.14.0/out/Release/obj/gen/torque-generated/src/builtins/array-reduce-tq.cc'
tools/v8_gypfiles/run_torque.target.mk:13: warning: overriding commands for target `/Users/ziangwang/Sources/vibeos/target/node-runtime/source/node-v24.14.0/out/Release/obj/gen/torque-generated/src/builtins/array-reverse-tq.cc'
tools/v8_gypfiles/run_torque.host.mk:13: warning: ignoring old commands for target `/Users/ziangwang/Sources/vibeos/target/node-runtime/source/node-v24.14.0/out/Release/obj/gen/torque-generated/src/builtins/array-reverse-tq.cc'
tools/v8_gypfiles/run_torque.target.mk:13: warning: overriding commands for target `/Users/ziangwang/Sources/vibeos/target/node-runtime/source/node-v24.14.0/out/Release/obj/gen/torque-generated/src/builtins/array-shift-tq.cc'
tools/v8_gypfiles/run_torque.host.mk:13: warning: ignoring old commands for target `/Users/ziangwang/Sources/vibeos/target/node-runtime/source/node-v24.14.0/out/Release/obj/gen/torque-generated/src/builtins/array-shift-tq.cc'
tools/v8_gypfiles/run_torque.target.mk:13: warning: overriding commands for target `/Users/ziangwang/Sources/vibeos/target/node-runtime/source/node-v24.14.0/out/Release/obj/gen/torque-generated/src/builtins/array-slice-tq.cc'
tools/v8_gypfiles/run_torque.host.mk:13: warning: ignoring old commands for target `/Users/ziangwang/Sources/vibeos/target/node-runtime/source/node-v24.14.0/out/Release/obj/gen/torque-generated/src/builtins/array-slice-tq.cc'
tools/v8_gypfiles/run_torque.target.mk:13: warning: overriding commands for target `/Users/ziangwang/Sources/vibeos/target/node-runtime/source/node-v24.14.0/out/Release/obj/gen/torque-generated/src/builtins/array-some-tq.cc'
tools/v8_gypfiles/run_torque.host.mk:13: warning: ignoring old commands for target `/Users/ziangwang/Sources/vibeos/target/node-runtime/source/node-v24.14.0/out/Release/obj/gen/torque-generated/src/builtins/array-some-tq.cc'
tools/v8_gypfiles/run_torque.target.mk:13: warning: overriding commands for target `/Users/ziangwang/Sources/vibeos/target/node-runtime/source/node-v24.14.0/out/Release/obj/gen/torque-generated/src/builtins/array-splice-tq.cc'
tools/v8_gypfiles/run_torque.host.mk:13: warning: ignoring old commands for target `/Users/ziangwang/Sources/vibeos/target/node-runtime/source/node-v24.14.0/out/Release/obj/gen/torque-generated/src/builtins/array-splice-tq.cc'
tools/v8_gypfiles/run_torque.target.mk:13: warning: overriding commands for target `/Users/ziangwang/Sources/vibeos/target/node-runtime/source/node-v24.14.0/out/Release/obj/gen/torque-generated/src/builtins/array-to-reversed-tq.cc'
tools/v8_gypfiles/run_torque.host.mk:13: warning: ignoring old commands for target `/Users/ziangwang/Sources/vibeos/target/node-runtime/source/node-v24.14.0/out/Release/obj/gen/torque-generated/src/builtins/array-to-reversed-tq.cc'
tools/v8_gypfiles/run_torque.target.mk:13: warning: overriding commands for target `/Users/ziangwang/Sources/vibeos/target/node-runtime/source/node-v24.14.0/out/Release/obj/gen/torque-generated/src/builtins/array-to-sorted-tq.cc'
tools/v8_gypfiles/run_torque.host.mk:13: warning: ignoring old commands for target `/Users/ziangwang/Sources/vibeos/target/node-runtime/source/node-v24.14.0/out/Release/obj/gen/torque-generated/src/builtins/array-to-sorted-tq.cc'
tools/v8_gypfiles/run_torque.target.mk:13: warning: overriding commands for target `/Users/ziangwang/Sources/vibeos/target/node-runtime/source/node-v24.14.0/out/Release/obj/gen/torque-generated/src/builtins/array-to-spliced-tq.cc'
tools/v8_gypfiles/run_torque.host.mk:13: warning: ignoring old commands for target `/Users/ziangwang/Sources/vibeos/target/node-runtime/source/node-v24.14.0/out/Release/obj/gen/torque-generated/src/builtins/array-to-spliced-tq.cc'
tools/v8_gypfiles/run_torque.target.mk:13: warning: overriding commands for target `/Users/ziangwang/Sources/vibeos/target/node-runtime/source/node-v24.14.0/out/Release/obj/gen/torque-generated/src/builtins/array-unshift-tq.cc'
tools/v8_gypfiles/run_torque.host.mk:13: warning: ignoring old commands for target `/Users/ziangwang/Sources/vibeos/target/node-runtime/source/node-v24.14.0/out/Release/obj/gen/torque-generated/src/builtins/array-unshift-tq.cc'
tools/v8_gypfiles/run_torque.target.mk:13: warning: overriding commands for target `/Users/ziangwang/Sources/vibeos/target/node-runtime/source/node-v24.14.0/out/Release/obj/gen/torque-generated/src/builtins/array-with-tq.cc'
tools/v8_gypfiles/run_torque.host.mk:13: warning: ignoring old commands for target `/Users/ziangwang/Sources/vibeos/target/node-runtime/source/node-v24.14.0/out/Release/obj/gen/torque-generated/src/builtins/array-with-tq.cc'
tools/v8_gypfiles/run_torque.target.mk:13: warning: overriding commands for target `/Users/ziangwang/Sources/vibeos/target/node-runtime/source/node-v24.14.0/out/Release/obj/gen/torque-generated/src/builtins/array-tq.cc'
tools/v8_gypfiles/run_torque.host.mk:13: warning: ignoring old commands for target `/Users/ziangwang/Sources/vibeos/target/node-runtime/source/node-v24.14.0/out/Release/obj/gen/torque-generated/src/builtins/array-tq.cc'
tools/v8_gypfiles/run_torque.target.mk:13: warning: overriding commands for target `/Users/ziangwang/Sources/vibeos/target/node-runtime/source/node-v24.14.0/out/Release/obj/gen/torque-generated/src/builtins/arraybuffer-tq.cc'
tools/v8_gypfiles/run_torque.host.mk:13: warning: ignoring old commands for target `/Users/ziangwang/Sources/vibeos/target/node-runtime/source/node-v24.14.0/out/Release/obj/gen/torque-generated/src/builtins/arraybuffer-tq.cc'
tools/v8_gypfiles/run_torque.target.mk:13: warning: overriding commands for target `/Users/ziangwang/Sources/vibeos/target/node-runtime/source/node-v24.14.0/out/Release/obj/gen/torque-generated/src/builtins/base-tq.cc'
tools/v8_gypfiles/run_torque.host.mk:13: warning: ignoring old commands for target `/Users/ziangwang/Sources/vibeos/target/node-runtime/source/node-v24.14.0/out/Release/obj/gen/torque-generated/src/builtins/base-tq.cc'
tools/v8_gypfiles/run_torque.target.mk:13: warning: overriding commands for target `/Users/ziangwang/Sources/vibeos/target/node-runtime/source/node-v24.14.0/out/Release/obj/gen/torque-generated/src/builtins/boolean-tq.cc'
tools/v8_gypfiles/run_torque.host.mk:13: warning: ignoring old commands for target `/Users/ziangwang/Sources/vibeos/target/node-runtime/source/node-v24.14.0/out/Release/obj/gen/torque-generated/src/builtins/boolean-tq.cc'
tools/v8_gypfiles/run_torque.target.mk:13: warning: overriding commands for target `/Users/ziangwang/Sources/vibeos/target/node-runtime/source/node-v24.14.0/out/Release/obj/gen/torque-generated/src/builtins/builtins-bigint-tq.cc'
tools/v8_gypfiles/run_torque.host.mk:13: warning: ignoring old commands for target `/Users/ziangwang/Sources/vibeos/target/node-runtime/source/node-v24.14.0/out/Release/obj/gen/torque-generated/src/builtins/builtins-bigint-tq.cc'
tools/v8_gypfiles/run_torque.target.mk:13: warning: overriding commands for target `/Users/ziangwang/Sources/vibeos/target/node-runtime/source/node-v24.14.0/out/Release/obj/gen/torque-generated/src/builtins/builtins-string-tq.cc'
tools/v8_gypfiles/run_torque.host.mk:13: warning: ignoring old commands for target `/Users/ziangwang/Sources/vibeos/target/node-runtime/source/node-v24.14.0/out/Release/obj/gen/torque-generated/src/builtins/builtins-string-tq.cc'
tools/v8_gypfiles/run_torque.target.mk:13: warning: overriding commands for target `/Users/ziangwang/Sources/vibeos/target/node-runtime/source/node-v24.14.0/out/Release/obj/gen/torque-generated/src/builtins/cast-tq.cc'
tools/v8_gypfiles/run_torque.host.mk:13: warning: ignoring old commands for target `/Users/ziangwang/Sources/vibeos/target/node-runtime/source/node-v24.14.0/out/Release/obj/gen/torque-generated/src/builtins/cast-tq.cc'
tools/v8_gypfiles/run_torque.target.mk:13: warning: overriding commands for target `/Users/ziangwang/Sources/vibeos/target/node-runtime/source/node-v24.14.0/out/Release/obj/gen/torque-generated/src/builtins/collections-tq.cc'
tools/v8_gypfiles/run_torque.host.mk:13: warning: ignoring old commands for target `/Users/ziangwang/Sources/vibeos/target/node-runtime/source/node-v24.14.0/out/Release/obj/gen/torque-generated/src/builtins/collections-tq.cc'
tools/v8_gypfiles/run_torque.target.mk:13: warning: overriding commands for target `/Users/ziangwang/Sources/vibeos/target/node-runtime/source/node-v24.14.0/out/Release/obj/gen/torque-generated/src/builtins/constructor-tq.cc'
tools/v8_gypfiles/run_torque.host.mk:13: warning: ignoring old commands for target `/Users/ziangwang/Sources/vibeos/target/node-runtime/source/node-v24.14.0/out/Release/obj/gen/torque-generated/src/builtins/constructor-tq.cc'
tools/v8_gypfiles/run_torque.target.mk:13: warning: overriding commands for target `/Users/ziangwang/Sources/vibeos/target/node-runtime/source/node-v24.14.0/out/Release/obj/gen/torque-generated/src/builtins/conversion-tq.cc'
tools/v8_gypfiles/run_torque.host.mk:13: warning: ignoring old commands for target `/Users/ziangwang/Sources/vibeos/target/node-runtime/source/node-v24.14.0/out/Release/obj/gen/torque-generated/src/builtins/conversion-tq.cc'
tools/v8_gypfiles/run_torque.target.mk:13: warning: overriding commands for target `/Users/ziangwang/Sources/vibeos/target/node-runtime/source/node-v24.14.0/out/Release/obj/gen/torque-generated/src/builtins/convert-tq.cc'
tools/v8_gypfiles/run_torque.host.mk:13: warning: ignoring old commands for target `/Users/ziangwang/Sources/vibeos/target/node-runtime/source/node-v24.14.0/out/Release/obj/gen/torque-generated/src/builtins/convert-tq.cc'
tools/v8_gypfiles/run_torque.target.mk:13: warning: overriding commands for target `/Users/ziangwang/Sources/vibeos/target/node-runtime/source/node-v24.14.0/out/Release/obj/gen/torque-generated/src/builtins/console-tq.cc'
tools/v8_gypfiles/run_torque.host.mk:13: warning: ignoring old commands for target `/Users/ziangwang/Sources/vibeos/target/node-runtime/source/node-v24.14.0/out/Release/obj/gen/torque-generated/src/builtins/console-tq.cc'
tools/v8_gypfiles/run_torque.target.mk:13: warning: overriding commands for target `/Users/ziangwang/Sources/vibeos/target/node-runtime/source/node-v24.14.0/out/Release/obj/gen/torque-generated/src/builtins/data-view-tq.cc'
tools/v8_gypfiles/run_torque.host.mk:13: warning: ignoring old commands for target `/Users/ziangwang/Sources/vibeos/target/node-runtime/source/node-v24.14.0/out/Release/obj/gen/torque-generated/src/builtins/data-view-tq.cc'
tools/v8_gypfiles/run_torque.target.mk:13: warning: overriding commands for target `/Users/ziangwang/Sources/vibeos/target/node-runtime/source/node-v24.14.0/out/Release/obj/gen/torque-generated/src/builtins/finalization-registry-tq.cc'
tools/v8_gypfiles/run_torque.host.mk:13: warning: ignoring old commands for target `/Users/ziangwang/Sources/vibeos/target/node-runtime/source/node-v24.14.0/out/Release/obj/gen/torque-generated/src/builtins/finalization-registry-tq.cc'
tools/v8_gypfiles/run_torque.target.mk:13: warning: overriding commands for target `/Users/ziangwang/Sources/vibeos/target/node-runtime/source/node-v24.14.0/out/Release/obj/gen/torque-generated/src/builtins/frames-tq.cc'
tools/v8_gypfiles/run_torque.host.mk:13: warning: ignoring old commands for target `/Users/ziangwang/Sources/vibeos/target/node-runtime/source/node-v24.14.0/out/Release/obj/gen/torque-generated/src/builtins/frames-tq.cc'
tools/v8_gypfiles/run_torque.target.mk:13: warning: overriding commands for target `/Users/ziangwang/Sources/vibeos/target/node-runtime/source/node-v24.14.0/out/Release/obj/gen/torque-generated/src/builtins/frame-arguments-tq.cc'
tools/v8_gypfiles/run_torque.host.mk:13: warning: ignoring old commands for target `/Users/ziangwang/Sources/vibeos/target/node-runtime/source/node-v24.14.0/out/Release/obj/gen/torque-generated/src/builtins/frame-arguments-tq.cc'
tools/v8_gypfiles/run_torque.target.mk:13: warning: overriding commands for target `/Users/ziangwang/Sources/vibeos/target/node-runtime/source/node-v24.14.0/out/Release/obj/gen/torque-generated/src/builtins/function-tq.cc'
tools/v8_gypfiles/run_torque.host.mk:13: warning: ignoring old commands for target `/Users/ziangwang/Sources/vibeos/target/node-runtime/source/node-v24.14.0/out/Release/obj/gen/torque-generated/src/builtins/function-tq.cc'
tools/v8_gypfiles/run_torque.target.mk:13: warning: overriding commands for target `/Users/ziangwang/Sources/vibeos/target/node-runtime/source/node-v24.14.0/out/Release/obj/gen/torque-generated/src/builtins/growable-fixed-array-tq.cc'
tools/v8_gypfiles/run_torque.host.mk:13: warning: ignoring old commands for target `/Users/ziangwang/Sources/vibeos/target/node-runtime/source/node-v24.14.0/out/Release/obj/gen/torque-generated/src/builtins/growable-fixed-array-tq.cc'
tools/v8_gypfiles/run_torque.target.mk:13: warning: overriding commands for target `/Users/ziangwang/Sources/vibeos/target/node-runtime/source/node-v24.14.0/out/Release/obj/gen/torque-generated/src/builtins/ic-callable-tq.cc'
tools/v8_gypfiles/run_torque.host.mk:13: warning: ignoring old commands for target `/Users/ziangwang/Sources/vibeos/target/node-runtime/source/node-v24.14.0/out/Release/obj/gen/torque-generated/src/builtins/ic-callable-tq.cc'
tools/v8_gypfiles/run_torque.target.mk:13: warning: overriding commands for target `/Users/ziangwang/Sources/vibeos/target/node-runtime/source/node-v24.14.0/out/Release/obj/gen/torque-generated/src/builtins/ic-tq.cc'
tools/v8_gypfiles/run_torque.host.mk:13: warning: ignoring old commands for target `/Users/ziangwang/Sources/vibeos/target/node-runtime/source/node-v24.14.0/out/Release/obj/gen/torque-generated/src/builtins/ic-tq.cc'
tools/v8_gypfiles/run_torque.target.mk:13: warning: overriding commands for target `/Users/ziangwang/Sources/vibeos/target/node-runtime/source/node-v24.14.0/out/Release/obj/gen/torque-generated/src/builtins/internal-coverage-tq.cc'
tools/v8_gypfiles/run_torque.host.mk:13: warning: ignoring old commands for target `/Users/ziangwang/Sources/vibeos/target/node-runtime/source/node-v24.14.0/out/Release/obj/gen/torque-generated/src/builtins/internal-coverage-tq.cc'
tools/v8_gypfiles/run_torque.target.mk:13: warning: overriding commands for target `/Users/ziangwang/Sources/vibeos/target/node-runtime/source/node-v24.14.0/out/Release/obj/gen/torque-generated/src/builtins/internal-tq.cc'
tools/v8_gypfiles/run_torque.host.mk:13: warning: ignoring old commands for target `/Users/ziangwang/Sources/vibeos/target/node-runtime/source/node-v24.14.0/out/Release/obj/gen/torque-generated/src/builtins/internal-tq.cc'
tools/v8_gypfiles/run_torque.target.mk:13: warning: overriding commands for target `/Users/ziangwang/Sources/vibeos/target/node-runtime/source/node-v24.14.0/out/Release/obj/gen/torque-generated/src/builtins/iterator-tq.cc'
tools/v8_gypfiles/run_torque.host.mk:13: warning: ignoring old commands for target `/Users/ziangwang/Sources/vibeos/target/node-runtime/source/node-v24.14.0/out/Release/obj/gen/torque-generated/src/builtins/iterator-tq.cc'
tools/v8_gypfiles/run_torque.target.mk:13: warning: overriding commands for target `/Users/ziangwang/Sources/vibeos/target/node-runtime/source/node-v24.14.0/out/Release/obj/gen/torque-generated/src/builtins/iterator-from-tq.cc'
tools/v8_gypfiles/run_torque.host.mk:13: warning: ignoring old commands for target `/Users/ziangwang/Sources/vibeos/target/node-runtime/source/node-v24.14.0/out/Release/obj/gen/torque-generated/src/builtins/iterator-from-tq.cc'
tools/v8_gypfiles/run_torque.target.mk:13: warning: overriding commands for target `/Users/ziangwang/Sources/vibeos/target/node-runtime/source/node-v24.14.0/out/Release/obj/gen/torque-generated/src/builtins/iterator-helpers-tq.cc'
tools/v8_gypfiles/run_torque.host.mk:13: warning: ignoring old commands for target `/Users/ziangwang/Sources/vibeos/target/node-runtime/source/node-v24.14.0/out/Release/obj/gen/torque-generated/src/builtins/iterator-helpers-tq.cc'
tools/v8_gypfiles/run_torque.target.mk:13: warning: overriding commands for target `/Users/ziangwang/Sources/vibeos/target/node-runtime/source/node-v24.14.0/out/Release/obj/gen/torque-generated/src/builtins/map-groupby-tq.cc'
tools/v8_gypfiles/run_torque.host.mk:13: warning: ignoring old commands for target `/Users/ziangwang/Sources/vibeos/target/node-runtime/source/node-v24.14.0/out/Release/obj/gen/torque-generated/src/builtins/map-groupby-tq.cc'
tools/v8_gypfiles/run_torque.target.mk:13: warning: overriding commands for target `/Users/ziangwang/Sources/vibeos/target/node-runtime/source/node-v24.14.0/out/Release/obj/gen/torque-generated/src/builtins/math-tq.cc'
tools/v8_gypfiles/run_torque.host.mk:13: warning: ignoring old commands for target `/Users/ziangwang/Sources/vibeos/target/node-runtime/source/node-v24.14.0/out/Release/obj/gen/torque-generated/src/builtins/math-tq.cc'
tools/v8_gypfiles/run_torque.target.mk:13: warning: overriding commands for target `/Users/ziangwang/Sources/vibeos/target/node-runtime/source/node-v24.14.0/out/Release/obj/gen/torque-generated/src/builtins/number-tq.cc'
tools/v8_gypfiles/run_torque.host.mk:13: warning: ignoring old commands for target `/Users/ziangwang/Sources/vibeos/target/node-runtime/source/node-v24.14.0/out/Release/obj/gen/torque-generated/src/builtins/number-tq.cc'
tools/v8_gypfiles/run_torque.target.mk:13: warning: overriding commands for target `/Users/ziangwang/Sources/vibeos/target/node-runtime/source/node-v24.14.0/out/Release/obj/gen/torque-generated/src/builtins/object-fromentries-tq.cc'
tools/v8_gypfiles/run_torque.host.mk:13: warning: ignoring old commands for target `/Users/ziangwang/Sources/vibeos/target/node-runtime/source/node-v24.14.0/out/Release/obj/gen/torque-generated/src/builtins/object-fromentries-tq.cc'
tools/v8_gypfiles/run_torque.target.mk:13: warning: overriding commands for target `/Users/ziangwang/Sources/vibeos/target/node-runtime/source/node-v24.14.0/out/Release/obj/gen/torque-generated/src/builtins/object-groupby-tq.cc'
tools/v8_gypfiles/run_torque.host.mk:13: warning: ignoring old commands for target `/Users/ziangwang/Sources/vibeos/target/node-runtime/source/node-v24.14.0/out/Release/obj/gen/torque-generated/src/builtins/object-groupby-tq.cc'
tools/v8_gypfiles/run_torque.target.mk:13: warning: overriding commands for target `/Users/ziangwang/Sources/vibeos/target/node-runtime/source/node-v24.14.0/out/Release/obj/gen/torque-generated/src/builtins/object-tq.cc'
tools/v8_gypfiles/run_torque.host.mk:13: warning: ignoring old commands for target `/Users/ziangwang/Sources/vibeos/target/node-runtime/source/node-v24.14.0/out/Release/obj/gen/torque-generated/src/builtins/object-tq.cc'
tools/v8_gypfiles/run_torque.target.mk:13: warning: overriding commands for target `/Users/ziangwang/Sources/vibeos/target/node-runtime/source/node-v24.14.0/out/Release/obj/gen/torque-generated/src/builtins/promise-abstract-operations-tq.cc'
tools/v8_gypfiles/run_torque.host.mk:13: warning: ignoring old commands for target `/Users/ziangwang/Sources/vibeos/target/node-runtime/source/node-v24.14.0/out/Release/obj/gen/torque-generated/src/builtins/promise-abstract-operations-tq.cc'
tools/v8_gypfiles/run_torque.target.mk:13: warning: overriding commands for target `/Users/ziangwang/Sources/vibeos/target/node-runtime/source/node-v24.14.0/out/Release/obj/gen/torque-generated/src/builtins/promise-all-tq.cc'
tools/v8_gypfiles/run_torque.host.mk:13: warning: ignoring old commands for target `/Users/ziangwang/Sources/vibeos/target/node-runtime/source/node-v24.14.0/out/Release/obj/gen/torque-generated/src/builtins/promise-all-tq.cc'
tools/v8_gypfiles/run_torque.target.mk:13: warning: overriding commands for target `/Users/ziangwang/Sources/vibeos/target/node-runtime/source/node-v24.14.0/out/Release/obj/gen/torque-generated/src/builtins/promise-all-element-closure-tq.cc'
tools/v8_gypfiles/run_torque.host.mk:13: warning: ignoring old commands for target `/Users/ziangwang/Sources/vibeos/target/node-runtime/source/node-v24.14.0/out/Release/obj/gen/torque-generated/src/builtins/promise-all-element-closure-tq.cc'
tools/v8_gypfiles/run_torque.target.mk:13: warning: overriding commands for target `/Users/ziangwang/Sources/vibeos/target/node-runtime/source/node-v24.14.0/out/Release/obj/gen/torque-generated/src/builtins/promise-any-tq.cc'
tools/v8_gypfiles/run_torque.host.mk:13: warning: ignoring old commands for target `/Users/ziangwang/Sources/vibeos/target/node-runtime/source/node-v24.14.0/out/Release/obj/gen/torque-generated/src/builtins/promise-any-tq.cc'
tools/v8_gypfiles/run_torque.target.mk:13: warning: overriding commands for target `/Users/ziangwang/Sources/vibeos/target/node-runtime/source/node-v24.14.0/out/Release/obj/gen/torque-generated/src/builtins/promise-constructor-tq.cc'
tools/v8_gypfiles/run_torque.host.mk:13: warning: ignoring old commands for target `/Users/ziangwang/Sources/vibeos/target/node-runtime/source/node-v24.14.0/out/Release/obj/gen/torque-generated/src/builtins/promise-constructor-tq.cc'
tools/v8_gypfiles/run_torque.target.mk:13: warning: overriding commands for target `/Users/ziangwang/Sources/vibeos/target/node-runtime/source/node-v24.14.0/out/Release/obj/gen/torque-generated/src/builtins/promise-finally-tq.cc'
tools/v8_gypfiles/run_torque.host.mk:13: warning: ignoring old commands for target `/Users/ziangwang/Sources/vibeos/target/node-runtime/source/node-v24.14.0/out/Release/obj/gen/torque-generated/src/builtins/promise-finally-tq.cc'
tools/v8_gypfiles/run_torque.target.mk:13: warning: overriding commands for target `/Users/ziangwang/Sources/vibeos/target/node-runtime/source/node-v24.14.0/out/Release/obj/gen/torque-generated/src/builtins/promise-jobs-tq.cc'
tools/v8_gypfiles/run_torque.host.mk:13: warning: ignoring old commands for target `/Users/ziangwang/Sources/vibeos/target/node-runtime/source/node-v24.14.0/out/Release/obj/gen/torque-generated/src/builtins/promise-jobs-tq.cc'
tools/v8_gypfiles/run_torque.target.mk:13: warning: overriding commands for target `/Users/ziangwang/Sources/vibeos/target/node-runtime/source/node-v24.14.0/out/Release/obj/gen/torque-generated/src/builtins/promise-misc-tq.cc'
tools/v8_gypfiles/run_torque.host.mk:13: warning: ignoring old commands for target `/Users/ziangwang/Sources/vibeos/target/node-runtime/source/node-v24.14.0/out/Release/obj/gen/torque-generated/src/builtins/promise-misc-tq.cc'
tools/v8_gypfiles/run_torque.target.mk:13: warning: overriding commands for target `/Users/ziangwang/Sources/vibeos/target/node-runtime/source/node-v24.14.0/out/Release/obj/gen/torque-generated/src/builtins/promise-race-tq.cc'
tools/v8_gypfiles/run_torque.host.mk:13: warning: ignoring old commands for target `/Users/ziangwang/Sources/vibeos/target/node-runtime/source/node-v24.14.0/out/Release/obj/gen/torque-generated/src/builtins/promise-race-tq.cc'
tools/v8_gypfiles/run_torque.target.mk:13: warning: overriding commands for target `/Users/ziangwang/Sources/vibeos/target/node-runtime/source/node-v24.14.0/out/Release/obj/gen/torque-generated/src/builtins/promise-reaction-job-tq.cc'
tools/v8_gypfiles/run_torque.host.mk:13: warning: ignoring old commands for target `/Users/ziangwang/Sources/vibeos/target/node-runtime/source/node-v24.14.0/out/Release/obj/gen/torque-generated/src/builtins/promise-reaction-job-tq.cc'
tools/v8_gypfiles/run_torque.target.mk:13: warning: overriding commands for target `/Users/ziangwang/Sources/vibeos/target/node-runtime/source/node-v24.14.0/out/Release/obj/gen/torque-generated/src/builtins/promise-resolve-tq.cc'
tools/v8_gypfiles/run_torque.host.mk:13: warning: ignoring old commands for target `/Users/ziangwang/Sources/vibeos/target/node-runtime/source/node-v24.14.0/out/Release/obj/gen/torque-generated/src/builtins/promise-resolve-tq.cc'
tools/v8_gypfiles/run_torque.target.mk:13: warning: overriding commands for target `/Users/ziangwang/Sources/vibeos/target/node-runtime/source/node-v24.14.0/out/Release/obj/gen/torque-generated/src/builtins/promise-then-tq.cc'
tools/v8_gypfiles/run_torque.host.mk:13: warning: ignoring old commands for target `/Users/ziangwang/Sources/vibeos/target/node-runtime/source/node-v24.14.0/out/Release/obj/gen/torque-generated/src/builtins/promise-then-tq.cc'
tools/v8_gypfiles/run_torque.target.mk:13: warning: overriding commands for target `/Users/ziangwang/Sources/vibeos/target/node-runtime/source/node-v24.14.0/out/Release/obj/gen/torque-generated/src/builtins/promise-try-tq.cc'
tools/v8_gypfiles/run_torque.host.mk:13: warning: ignoring old commands for target `/Users/ziangwang/Sources/vibeos/target/node-runtime/source/node-v24.14.0/out/Release/obj/gen/torque-generated/src/builtins/promise-try-tq.cc'
tools/v8_gypfiles/run_torque.target.mk:13: warning: overriding commands for target `/Users/ziangwang/Sources/vibeos/target/node-runtime/source/node-v24.14.0/out/Release/obj/gen/torque-generated/src/builtins/promise-withresolvers-tq.cc'
tools/v8_gypfiles/run_torque.host.mk:13: warning: ignoring old commands for target `/Users/ziangwang/Sources/vibeos/target/node-runtime/source/node-v24.14.0/out/Release/obj/gen/torque-generated/src/builtins/promise-withresolvers-tq.cc'
tools/v8_gypfiles/run_torque.target.mk:13: warning: overriding commands for target `/Users/ziangwang/Sources/vibeos/target/node-runtime/source/node-v24.14.0/out/Release/obj/gen/torque-generated/src/builtins/proxy-constructor-tq.cc'
tools/v8_gypfiles/run_torque.host.mk:13: warning: ignoring old commands for target `/Users/ziangwang/Sources/vibeos/target/node-runtime/source/node-v24.14.0/out/Release/obj/gen/torque-generated/src/builtins/proxy-constructor-tq.cc'
tools/v8_gypfiles/run_torque.target.mk:13: warning: overriding commands for target `/Users/ziangwang/Sources/vibeos/target/node-runtime/source/node-v24.14.0/out/Release/obj/gen/torque-generated/src/builtins/proxy-delete-property-tq.cc'
tools/v8_gypfiles/run_torque.host.mk:13: warning: ignoring old commands for target `/Users/ziangwang/Sources/vibeos/target/node-runtime/source/node-v24.14.0/out/Release/obj/gen/torque-generated/src/builtins/proxy-delete-property-tq.cc'
tools/v8_gypfiles/run_torque.target.mk:13: warning: overriding commands for target `/Users/ziangwang/Sources/vibeos/target/node-runtime/source/node-v24.14.0/out/Release/obj/gen/torque-generated/src/builtins/proxy-get-property-tq.cc'
tools/v8_gypfiles/run_torque.host.mk:13: warning: ignoring old commands for target `/Users/ziangwang/Sources/vibeos/target/node-runtime/source/node-v24.14.0/out/Release/obj/gen/torque-generated/src/builtins/proxy-get-property-tq.cc'
tools/v8_gypfiles/run_torque.target.mk:13: warning: overriding commands for target `/Users/ziangwang/Sources/vibeos/target/node-runtime/source/node-v24.14.0/out/Release/obj/gen/torque-generated/src/builtins/proxy-get-prototype-of-tq.cc'
tools/v8_gypfiles/run_torque.host.mk:13: warning: ignoring old commands for target `/Users/ziangwang/Sources/vibeos/target/node-runtime/source/node-v24.14.0/out/Release/obj/gen/torque-generated/src/builtins/proxy-get-prototype-of-tq.cc'
tools/v8_gypfiles/run_torque.target.mk:13: warning: overriding commands for target `/Users/ziangwang/Sources/vibeos/target/node-runtime/source/node-v24.14.0/out/Release/obj/gen/torque-generated/src/builtins/proxy-has-property-tq.cc'
tools/v8_gypfiles/run_torque.host.mk:13: warning: ignoring old commands for target `/Users/ziangwang/Sources/vibeos/target/node-runtime/source/node-v24.14.0/out/Release/obj/gen/torque-generated/src/builtins/proxy-has-property-tq.cc'
tools/v8_gypfiles/run_torque.target.mk:13: warning: overriding commands for target `/Users/ziangwang/Sources/vibeos/target/node-runtime/source/node-v24.14.0/out/Release/obj/gen/torque-generated/src/builtins/proxy-is-extensible-tq.cc'
tools/v8_gypfiles/run_torque.host.mk:13: warning: ignoring old commands for target `/Users/ziangwang/Sources/vibeos/target/node-runtime/source/node-v24.14.0/out/Release/obj/gen/torque-generated/src/builtins/proxy-is-extensible-tq.cc'
tools/v8_gypfiles/run_torque.target.mk:13: warning: overriding commands for target `/Users/ziangwang/Sources/vibeos/target/node-runtime/source/node-v24.14.0/out/Release/obj/gen/torque-generated/src/builtins/proxy-prevent-extensions-tq.cc'
tools/v8_gypfiles/run_torque.host.mk:13: warning: ignoring old commands for target `/Users/ziangwang/Sources/vibeos/target/node-runtime/source/node-v24.14.0/out/Release/obj/gen/torque-generated/src/builtins/proxy-prevent-extensions-tq.cc'
tools/v8_gypfiles/run_torque.target.mk:13: warning: overriding commands for target `/Users/ziangwang/Sources/vibeos/target/node-runtime/source/node-v24.14.0/out/Release/obj/gen/torque-generated/src/builtins/proxy-revocable-tq.cc'
tools/v8_gypfiles/run_torque.host.mk:13: warning: ignoring old commands for target `/Users/ziangwang/Sources/vibeos/target/node-runtime/source/node-v24.14.0/out/Release/obj/gen/torque-generated/src/builtins/proxy-revocable-tq.cc'
tools/v8_gypfiles/run_torque.target.mk:13: warning: overriding commands for target `/Users/ziangwang/Sources/vibeos/target/node-runtime/source/node-v24.14.0/out/Release/obj/gen/torque-generated/src/builtins/proxy-revoke-tq.cc'
tools/v8_gypfiles/run_torque.host.mk:13: warning: ignoring old commands for target `/Users/ziangwang/Sources/vibeos/target/node-runtime/source/node-v24.14.0/out/Release/obj/gen/torque-generated/src/builtins/proxy-revoke-tq.cc'
tools/v8_gypfiles/run_torque.target.mk:13: warning: overriding commands for target `/Users/ziangwang/Sources/vibeos/target/node-runtime/source/node-v24.14.0/out/Release/obj/gen/torque-generated/src/builtins/proxy-set-property-tq.cc'
tools/v8_gypfiles/run_torque.host.mk:13: warning: ignoring old commands for target `/Users/ziangwang/Sources/vibeos/target/node-runtime/source/node-v24.14.0/out/Release/obj/gen/torque-generated/src/builtins/proxy-set-property-tq.cc'
tools/v8_gypfiles/run_torque.target.mk:13: warning: overriding commands for target `/Users/ziangwang/Sources/vibeos/target/node-runtime/source/node-v24.14.0/out/Release/obj/gen/torque-generated/src/builtins/proxy-set-prototype-of-tq.cc'
tools/v8_gypfiles/run_torque.host.mk:13: warning: ignoring old commands for target `/Users/ziangwang/Sources/vibeos/target/node-runtime/source/node-v24.14.0/out/Release/obj/gen/torque-generated/src/builtins/proxy-set-prototype-of-tq.cc'
tools/v8_gypfiles/run_torque.target.mk:13: warning: overriding commands for target `/Users/ziangwang/Sources/vibeos/target/node-runtime/source/node-v24.14.0/out/Release/obj/gen/torque-generated/src/builtins/proxy-tq.cc'
tools/v8_gypfiles/run_torque.host.mk:13: warning: ignoring old commands for target `/Users/ziangwang/Sources/vibeos/target/node-runtime/source/node-v24.14.0/out/Release/obj/gen/torque-generated/src/builtins/proxy-tq.cc'
tools/v8_gypfiles/run_torque.target.mk:13: warning: overriding commands for target `/Users/ziangwang/Sources/vibeos/target/node-runtime/source/node-v24.14.0/out/Release/obj/gen/torque-generated/src/builtins/reflect-tq.cc'
tools/v8_gypfiles/run_torque.host.mk:13: warning: ignoring old commands for target `/Users/ziangwang/Sources/vibeos/target/node-runtime/source/node-v24.14.0/out/Release/obj/gen/torque-generated/src/builtins/reflect-tq.cc'
tools/v8_gypfiles/run_torque.target.mk:13: warning: overriding commands for target `/Users/ziangwang/Sources/vibeos/target/node-runtime/source/node-v24.14.0/out/Release/obj/gen/torque-generated/src/builtins/regexp-exec-tq.cc'
tools/v8_gypfiles/run_torque.host.mk:13: warning: ignoring old commands for target `/Users/ziangwang/Sources/vibeos/target/node-runtime/source/node-v24.14.0/out/Release/obj/gen/torque-generated/src/builtins/regexp-exec-tq.cc'
tools/v8_gypfiles/run_torque.target.mk:13: warning: overriding commands for target `/Users/ziangwang/Sources/vibeos/target/node-runtime/source/node-v24.14.0/out/Release/obj/gen/torque-generated/src/builtins/regexp-match-all-tq.cc'
tools/v8_gypfiles/run_torque.host.mk:13: warning: ignoring old commands for target `/Users/ziangwang/Sources/vibeos/target/node-runtime/source/node-v24.14.0/out/Release/obj/gen/torque-generated/src/builtins/regexp-match-all-tq.cc'
tools/v8_gypfiles/run_torque.target.mk:13: warning: overriding commands for target `/Users/ziangwang/Sources/vibeos/target/node-runtime/source/node-v24.14.0/out/Release/obj/gen/torque-generated/src/builtins/regexp-match-tq.cc'
tools/v8_gypfiles/run_torque.host.mk:13: warning: ignoring old commands for target `/Users/ziangwang/Sources/vibeos/target/node-runtime/source/node-v24.14.0/out/Release/obj/gen/torque-generated/src/builtins/regexp-match-tq.cc'
tools/v8_gypfiles/run_torque.target.mk:13: warning: overriding commands for target `/Users/ziangwang/Sources/vibeos/target/node-runtime/source/node-v24.14.0/out/Release/obj/gen/torque-generated/src/builtins/regexp-replace-tq.cc'
tools/v8_gypfiles/run_torque.host.mk:13: warning: ignoring old commands for target `/Users/ziangwang/Sources/vibeos/target/node-runtime/source/node-v24.14.0/out/Release/obj/gen/torque-generated/src/builtins/regexp-replace-tq.cc'
tools/v8_gypfiles/run_torque.target.mk:13: warning: overriding commands for target `/Users/ziangwang/Sources/vibeos/target/node-runtime/source/node-v24.14.0/out/Release/obj/gen/torque-generated/src/builtins/regexp-search-tq.cc'
tools/v8_gypfiles/run_torque.host.mk:13: warning: ignoring old commands for target `/Users/ziangwang/Sources/vibeos/target/node-runtime/source/node-v24.14.0/out/Release/obj/gen/torque-generated/src/builtins/regexp-search-tq.cc'
tools/v8_gypfiles/run_torque.target.mk:13: warning: overriding commands for target `/Users/ziangwang/Sources/vibeos/target/node-runtime/source/node-v24.14.0/out/Release/obj/gen/torque-generated/src/builtins/regexp-source-tq.cc'
tools/v8_gypfiles/run_torque.host.mk:13: warning: ignoring old commands for target `/Users/ziangwang/Sources/vibeos/target/node-runtime/source/node-v24.14.0/out/Release/obj/gen/torque-generated/src/builtins/regexp-source-tq.cc'
tools/v8_gypfiles/run_torque.target.mk:13: warning: overriding commands for target `/Users/ziangwang/Sources/vibeos/target/node-runtime/source/node-v24.14.0/out/Release/obj/gen/torque-generated/src/builtins/regexp-split-tq.cc'
tools/v8_gypfiles/run_torque.host.mk:13: warning: ignoring old commands for target `/Users/ziangwang/Sources/vibeos/target/node-runtime/source/node-v24.14.0/out/Release/obj/gen/torque-generated/src/builtins/regexp-split-tq.cc'
tools/v8_gypfiles/run_torque.target.mk:13: warning: overriding commands for target `/Users/ziangwang/Sources/vibeos/target/node-runtime/source/node-v24.14.0/out/Release/obj/gen/torque-generated/src/builtins/regexp-test-tq.cc'
tools/v8_gypfiles/run_torque.host.mk:13: warning: ignoring old commands for target `/Users/ziangwang/Sources/vibeos/target/node-runtime/source/node-v24.14.0/out/Release/obj/gen/torque-generated/src/builtins/regexp-test-tq.cc'
tools/v8_gypfiles/run_torque.target.mk:13: warning: overriding commands for target `/Users/ziangwang/Sources/vibeos/target/node-runtime/source/node-v24.14.0/out/Release/obj/gen/torque-generated/src/builtins/regexp-tq.cc'
tools/v8_gypfiles/run_torque.host.mk:13: warning: ignoring old commands for target `/Users/ziangwang/Sources/vibeos/target/node-runtime/source/node-v24.14.0/out/Release/obj/gen/torque-generated/src/builtins/regexp-tq.cc'
tools/v8_gypfiles/run_torque.target.mk:13: warning: overriding commands for target `/Users/ziangwang/Sources/vibeos/target/node-runtime/source/node-v24.14.0/out/Release/obj/gen/torque-generated/src/builtins/set-difference-tq.cc'
tools/v8_gypfiles/run_torque.host.mk:13: warning: ignoring old commands for target `/Users/ziangwang/Sources/vibeos/target/node-runtime/source/node-v24.14.0/out/Release/obj/gen/torque-generated/src/builtins/set-difference-tq.cc'
tools/v8_gypfiles/run_torque.target.mk:13: warning: overriding commands for target `/Users/ziangwang/Sources/vibeos/target/node-runtime/source/node-v24.14.0/out/Release/obj/gen/torque-generated/src/builtins/set-intersection-tq.cc'
tools/v8_gypfiles/run_torque.host.mk:13: warning: ignoring old commands for target `/Users/ziangwang/Sources/vibeos/target/node-runtime/source/node-v24.14.0/out/Release/obj/gen/torque-generated/src/builtins/set-intersection-tq.cc'
tools/v8_gypfiles/run_torque.target.mk:13: warning: overriding commands for target `/Users/ziangwang/Sources/vibeos/target/node-runtime/source/node-v24.14.0/out/Release/obj/gen/torque-generated/src/builtins/set-is-disjoint-from-tq.cc'
tools/v8_gypfiles/run_torque.host.mk:13: warning: ignoring old commands for target `/Users/ziangwang/Sources/vibeos/target/node-runtime/source/node-v24.14.0/out/Release/obj/gen/torque-generated/src/builtins/set-is-disjoint-from-tq.cc'
tools/v8_gypfiles/run_torque.target.mk:13: warning: overriding commands for target `/Users/ziangwang/Sources/vibeos/target/node-runtime/source/node-v24.14.0/out/Release/obj/gen/torque-generated/src/builtins/set-is-subset-of-tq.cc'
tools/v8_gypfiles/run_torque.host.mk:13: warning: ignoring old commands for target `/Users/ziangwang/Sources/vibeos/target/node-runtime/source/node-v24.14.0/out/Release/obj/gen/torque-generated/src/builtins/set-is-subset-of-tq.cc'
tools/v8_gypfiles/run_torque.target.mk:13: warning: overriding commands for target `/Users/ziangwang/Sources/vibeos/target/node-runtime/source/node-v24.14.0/out/Release/obj/gen/torque-generated/src/builtins/set-is-superset-of-tq.cc'
tools/v8_gypfiles/run_torque.host.mk:13: warning: ignoring old commands for target `/Users/ziangwang/Sources/vibeos/target/node-runtime/source/node-v24.14.0/out/Release/obj/gen/torque-generated/src/builtins/set-is-superset-of-tq.cc'
tools/v8_gypfiles/run_torque.target.mk:13: warning: overriding commands for target `/Users/ziangwang/Sources/vibeos/target/node-runtime/source/node-v24.14.0/out/Release/obj/gen/torque-generated/src/builtins/set-symmetric-difference-tq.cc'
tools/v8_gypfiles/run_torque.host.mk:13: warning: ignoring old commands for target `/Users/ziangwang/Sources/vibeos/target/node-runtime/source/node-v24.14.0/out/Release/obj/gen/torque-generated/src/builtins/set-symmetric-difference-tq.cc'
tools/v8_gypfiles/run_torque.target.mk:13: warning: overriding commands for target `/Users/ziangwang/Sources/vibeos/target/node-runtime/source/node-v24.14.0/out/Release/obj/gen/torque-generated/src/builtins/set-union-tq.cc'
tools/v8_gypfiles/run_torque.host.mk:13: warning: ignoring old commands for target `/Users/ziangwang/Sources/vibeos/target/node-runtime/source/node-v24.14.0/out/Release/obj/gen/torque-generated/src/builtins/set-union-tq.cc'
tools/v8_gypfiles/run_torque.target.mk:13: warning: overriding commands for target `/Users/ziangwang/Sources/vibeos/target/node-runtime/source/node-v24.14.0/out/Release/obj/gen/torque-generated/src/builtins/string-at-tq.cc'
tools/v8_gypfiles/run_torque.host.mk:13: warning: ignoring old commands for target `/Users/ziangwang/Sources/vibeos/target/node-runtime/source/node-v24.14.0/out/Release/obj/gen/torque-generated/src/builtins/string-at-tq.cc'
tools/v8_gypfiles/run_torque.target.mk:13: warning: overriding commands for target `/Users/ziangwang/Sources/vibeos/target/node-runtime/source/node-v24.14.0/out/Release/obj/gen/torque-generated/src/builtins/string-endswith-tq.cc'
tools/v8_gypfiles/run_torque.host.mk:13: warning: ignoring old commands for target `/Users/ziangwang/Sources/vibeos/target/node-runtime/source/node-v24.14.0/out/Release/obj/gen/torque-generated/src/builtins/string-endswith-tq.cc'
tools/v8_gypfiles/run_torque.target.mk:13: warning: overriding commands for target `/Users/ziangwang/Sources/vibeos/target/node-runtime/source/node-v24.14.0/out/Release/obj/gen/torque-generated/src/builtins/string-html-tq.cc'
tools/v8_gypfiles/run_torque.host.mk:13: warning: ignoring old commands for target `/Users/ziangwang/Sources/vibeos/target/node-runtime/source/node-v24.14.0/out/Release/obj/gen/torque-generated/src/builtins/string-html-tq.cc'
tools/v8_gypfiles/run_torque.target.mk:13: warning: overriding commands for target `/Users/ziangwang/Sources/vibeos/target/node-runtime/source/node-v24.14.0/out/Release/obj/gen/torque-generated/src/builtins/string-includes-tq.cc'
tools/v8_gypfiles/run_torque.host.mk:13: warning: ignoring old commands for target `/Users/ziangwang/Sources/vibeos/target/node-runtime/source/node-v24.14.0/out/Release/obj/gen/torque-generated/src/builtins/string-includes-tq.cc'
tools/v8_gypfiles/run_torque.target.mk:13: warning: overriding commands for target `/Users/ziangwang/Sources/vibeos/target/node-runtime/source/node-v24.14.0/out/Release/obj/gen/torque-generated/src/builtins/string-indexof-tq.cc'
tools/v8_gypfiles/run_torque.host.mk:13: warning: ignoring old commands for target `/Users/ziangwang/Sources/vibeos/target/node-runtime/source/node-v24.14.0/out/Release/obj/gen/torque-generated/src/builtins/string-indexof-tq.cc'
tools/v8_gypfiles/run_torque.target.mk:13: warning: overriding commands for target `/Users/ziangwang/Sources/vibeos/target/node-runtime/source/node-v24.14.0/out/Release/obj/gen/torque-generated/src/builtins/string-iswellformed-tq.cc'
tools/v8_gypfiles/run_torque.host.mk:13: warning: ignoring old commands for target `/Users/ziangwang/Sources/vibeos/target/node-runtime/source/node-v24.14.0/out/Release/obj/gen/torque-generated/src/builtins/string-iswellformed-tq.cc'
tools/v8_gypfiles/run_torque.target.mk:13: warning: overriding commands for target `/Users/ziangwang/Sources/vibeos/target/node-runtime/source/node-v24.14.0/out/Release/obj/gen/torque-generated/src/builtins/string-iterator-tq.cc'
tools/v8_gypfiles/run_torque.host.mk:13: warning: ignoring old commands for target `/Users/ziangwang/Sources/vibeos/target/node-runtime/source/node-v24.14.0/out/Release/obj/gen/torque-generated/src/builtins/string-iterator-tq.cc'
tools/v8_gypfiles/run_torque.target.mk:13: warning: overriding commands for target `/Users/ziangwang/Sources/vibeos/target/node-runtime/source/node-v24.14.0/out/Release/obj/gen/torque-generated/src/builtins/string-match-search-tq.cc'
tools/v8_gypfiles/run_torque.host.mk:13: warning: ignoring old commands for target `/Users/ziangwang/Sources/vibeos/target/node-runtime/source/node-v24.14.0/out/Release/obj/gen/torque-generated/src/builtins/string-match-search-tq.cc'
tools/v8_gypfiles/run_torque.target.mk:13: warning: overriding commands for target `/Users/ziangwang/Sources/vibeos/target/node-runtime/source/node-v24.14.0/out/Release/obj/gen/torque-generated/src/builtins/string-pad-tq.cc'
tools/v8_gypfiles/run_torque.host.mk:13: warning: ignoring old commands for target `/Users/ziangwang/Sources/vibeos/target/node-runtime/source/node-v24.14.0/out/Release/obj/gen/torque-generated/src/builtins/string-pad-tq.cc'
tools/v8_gypfiles/run_torque.target.mk:13: warning: overriding commands for target `/Users/ziangwang/Sources/vibeos/target/node-runtime/source/node-v24.14.0/out/Release/obj/gen/torque-generated/src/builtins/string-repeat-tq.cc'
tools/v8_gypfiles/run_torque.host.mk:13: warning: ignoring old commands for target `/Users/ziangwang/Sources/vibeos/target/node-runtime/source/node-v24.14.0/out/Release/obj/gen/torque-generated/src/builtins/string-repeat-tq.cc'
tools/v8_gypfiles/run_torque.target.mk:13: warning: overriding commands for target `/Users/ziangwang/Sources/vibeos/target/node-runtime/source/node-v24.14.0/out/Release/obj/gen/torque-generated/src/builtins/string-replaceall-tq.cc'
tools/v8_gypfiles/run_torque.host.mk:13: warning: ignoring old commands for target `/Users/ziangwang/Sources/vibeos/target/node-runtime/source/node-v24.14.0/out/Release/obj/gen/torque-generated/src/builtins/string-replaceall-tq.cc'
tools/v8_gypfiles/run_torque.target.mk:13: warning: overriding commands for target `/Users/ziangwang/Sources/vibeos/target/node-runtime/source/node-v24.14.0/out/Release/obj/gen/torque-generated/src/builtins/string-slice-tq.cc'
tools/v8_gypfiles/run_torque.host.mk:13: warning: ignoring old commands for target `/Users/ziangwang/Sources/vibeos/target/node-runtime/source/node-v24.14.0/out/Release/obj/gen/torque-generated/src/builtins/string-slice-tq.cc'
tools/v8_gypfiles/run_torque.target.mk:13: warning: overriding commands for target `/Users/ziangwang/Sources/vibeos/target/node-runtime/source/node-v24.14.0/out/Release/obj/gen/torque-generated/src/builtins/string-startswith-tq.cc'
tools/v8_gypfiles/run_torque.host.mk:13: warning: ignoring old commands for target `/Users/ziangwang/Sources/vibeos/target/node-runtime/source/node-v24.14.0/out/Release/obj/gen/torque-generated/src/builtins/string-startswith-tq.cc'
tools/v8_gypfiles/run_torque.target.mk:13: warning: overriding commands for target `/Users/ziangwang/Sources/vibeos/target/node-runtime/source/node-v24.14.0/out/Release/obj/gen/torque-generated/src/builtins/string-substr-tq.cc'
tools/v8_gypfiles/run_torque.host.mk:13: warning: ignoring old commands for target `/Users/ziangwang/Sources/vibeos/target/node-runtime/source/node-v24.14.0/out/Release/obj/gen/torque-generated/src/builtins/string-substr-tq.cc'
tools/v8_gypfiles/run_torque.target.mk:13: warning: overriding commands for target `/Users/ziangwang/Sources/vibeos/target/node-runtime/source/node-v24.14.0/out/Release/obj/gen/torque-generated/src/builtins/string-substring-tq.cc'
tools/v8_gypfiles/run_torque.host.mk:13: warning: ignoring old commands for target `/Users/ziangwang/Sources/vibeos/target/node-runtime/source/node-v24.14.0/out/Release/obj/gen/torque-generated/src/builtins/string-substring-tq.cc'
tools/v8_gypfiles/run_torque.target.mk:13: warning: overriding commands for target `/Users/ziangwang/Sources/vibeos/target/node-runtime/source/node-v24.14.0/out/Release/obj/gen/torque-generated/src/builtins/string-towellformed-tq.cc'
tools/v8_gypfiles/run_torque.host.mk:13: warning: ignoring old commands for target `/Users/ziangwang/Sources/vibeos/target/node-runtime/source/node-v24.14.0/out/Release/obj/gen/torque-generated/src/builtins/string-towellformed-tq.cc'
tools/v8_gypfiles/run_torque.target.mk:13: warning: overriding commands for target `/Users/ziangwang/Sources/vibeos/target/node-runtime/source/node-v24.14.0/out/Release/obj/gen/torque-generated/src/builtins/string-trim-tq.cc'
tools/v8_gypfiles/run_torque.host.mk:13: warning: ignoring old commands for target `/Users/ziangwang/Sources/vibeos/target/node-runtime/source/node-v24.14.0/out/Release/obj/gen/torque-generated/src/builtins/string-trim-tq.cc'
tools/v8_gypfiles/run_torque.target.mk:13: warning: overriding commands for target `/Users/ziangwang/Sources/vibeos/target/node-runtime/source/node-v24.14.0/out/Release/obj/gen/torque-generated/src/builtins/suppressed-error-tq.cc'
tools/v8_gypfiles/run_torque.host.mk:13: warning: ignoring old commands for target `/Users/ziangwang/Sources/vibeos/target/node-runtime/source/node-v24.14.0/out/Release/obj/gen/torque-generated/src/builtins/suppressed-error-tq.cc'
tools/v8_gypfiles/run_torque.target.mk:13: warning: overriding commands for target `/Users/ziangwang/Sources/vibeos/target/node-runtime/source/node-v24.14.0/out/Release/obj/gen/torque-generated/src/builtins/symbol-tq.cc'
tools/v8_gypfiles/run_torque.host.mk:13: warning: ignoring old commands for target `/Users/ziangwang/Sources/vibeos/target/node-runtime/source/node-v24.14.0/out/Release/obj/gen/torque-generated/src/builtins/symbol-tq.cc'
tools/v8_gypfiles/run_torque.target.mk:13: warning: overriding commands for target `/Users/ziangwang/Sources/vibeos/target/node-runtime/source/node-v24.14.0/out/Release/obj/gen/torque-generated/src/builtins/torque-internal-tq.cc'
tools/v8_gypfiles/run_torque.host.mk:13: warning: ignoring old commands for target `/Users/ziangwang/Sources/vibeos/target/node-runtime/source/node-v24.14.0/out/Release/obj/gen/torque-generated/src/builtins/torque-internal-tq.cc'
tools/v8_gypfiles/run_torque.target.mk:13: warning: overriding commands for target `/Users/ziangwang/Sources/vibeos/target/node-runtime/source/node-v24.14.0/out/Release/obj/gen/torque-generated/src/builtins/typed-array-at-tq.cc'
tools/v8_gypfiles/run_torque.host.mk:13: warning: ignoring old commands for target `/Users/ziangwang/Sources/vibeos/target/node-runtime/source/node-v24.14.0/out/Release/obj/gen/torque-generated/src/builtins/typed-array-at-tq.cc'
tools/v8_gypfiles/run_torque.target.mk:13: warning: overriding commands for target `/Users/ziangwang/Sources/vibeos/target/node-runtime/source/node-v24.14.0/out/Release/obj/gen/torque-generated/src/builtins/typed-array-createtypedarray-tq.cc'
tools/v8_gypfiles/run_torque.host.mk:13: warning: ignoring old commands for target `/Users/ziangwang/Sources/vibeos/target/node-runtime/source/node-v24.14.0/out/Release/obj/gen/torque-generated/src/builtins/typed-array-createtypedarray-tq.cc'
tools/v8_gypfiles/run_torque.target.mk:13: warning: overriding commands for target `/Users/ziangwang/Sources/vibeos/target/node-runtime/source/node-v24.14.0/out/Release/obj/gen/torque-generated/src/builtins/typed-array-every-tq.cc'
tools/v8_gypfiles/run_torque.host.mk:13: warning: ignoring old commands for target `/Users/ziangwang/Sources/vibeos/target/node-runtime/source/node-v24.14.0/out/Release/obj/gen/torque-generated/src/builtins/typed-array-every-tq.cc'
tools/v8_gypfiles/run_torque.target.mk:13: warning: overriding commands for target `/Users/ziangwang/Sources/vibeos/target/node-runtime/source/node-v24.14.0/out/Release/obj/gen/torque-generated/src/builtins/typed-array-entries-tq.cc'
tools/v8_gypfiles/run_torque.host.mk:13: warning: ignoring old commands for target `/Users/ziangwang/Sources/vibeos/target/node-runtime/source/node-v24.14.0/out/Release/obj/gen/torque-generated/src/builtins/typed-array-entries-tq.cc'
tools/v8_gypfiles/run_torque.target.mk:13: warning: overriding commands for target `/Users/ziangwang/Sources/vibeos/target/node-runtime/source/node-v24.14.0/out/Release/obj/gen/torque-generated/src/builtins/typed-array-filter-tq.cc'
tools/v8_gypfiles/run_torque.host.mk:13: warning: ignoring old commands for target `/Users/ziangwang/Sources/vibeos/target/node-runtime/source/node-v24.14.0/out/Release/obj/gen/torque-generated/src/builtins/typed-array-filter-tq.cc'
tools/v8_gypfiles/run_torque.target.mk:13: warning: overriding commands for target `/Users/ziangwang/Sources/vibeos/target/node-runtime/source/node-v24.14.0/out/Release/obj/gen/torque-generated/src/builtins/typed-array-find-tq.cc'
tools/v8_gypfiles/run_torque.host.mk:13: warning: ignoring old commands for target `/Users/ziangwang/Sources/vibeos/target/node-runtime/source/node-v24.14.0/out/Release/obj/gen/torque-generated/src/builtins/typed-array-find-tq.cc'
tools/v8_gypfiles/run_torque.target.mk:13: warning: overriding commands for target `/Users/ziangwang/Sources/vibeos/target/node-runtime/source/node-v24.14.0/out/Release/obj/gen/torque-generated/src/builtins/typed-array-findindex-tq.cc'
tools/v8_gypfiles/run_torque.host.mk:13: warning: ignoring old commands for target `/Users/ziangwang/Sources/vibeos/target/node-runtime/source/node-v24.14.0/out/Release/obj/gen/torque-generated/src/builtins/typed-array-findindex-tq.cc'
tools/v8_gypfiles/run_torque.target.mk:13: warning: overriding commands for target `/Users/ziangwang/Sources/vibeos/target/node-runtime/source/node-v24.14.0/out/Release/obj/gen/torque-generated/src/builtins/typed-array-findlast-tq.cc'
tools/v8_gypfiles/run_torque.host.mk:13: warning: ignoring old commands for target `/Users/ziangwang/Sources/vibeos/target/node-runtime/source/node-v24.14.0/out/Release/obj/gen/torque-generated/src/builtins/typed-array-findlast-tq.cc'
tools/v8_gypfiles/run_torque.target.mk:13: warning: overriding commands for target `/Users/ziangwang/Sources/vibeos/target/node-runtime/source/node-v24.14.0/out/Release/obj/gen/torque-generated/src/builtins/typed-array-findlastindex-tq.cc'
tools/v8_gypfiles/run_torque.host.mk:13: warning: ignoring old commands for target `/Users/ziangwang/Sources/vibeos/target/node-runtime/source/node-v24.14.0/out/Release/obj/gen/torque-generated/src/builtins/typed-array-findlastindex-tq.cc'
tools/v8_gypfiles/run_torque.target.mk:13: warning: overriding commands for target `/Users/ziangwang/Sources/vibeos/target/node-runtime/source/node-v24.14.0/out/Release/obj/gen/torque-generated/src/builtins/typed-array-foreach-tq.cc'
tools/v8_gypfiles/run_torque.host.mk:13: warning: ignoring old commands for target `/Users/ziangwang/Sources/vibeos/target/node-runtime/source/node-v24.14.0/out/Release/obj/gen/torque-generated/src/builtins/typed-array-foreach-tq.cc'
tools/v8_gypfiles/run_torque.target.mk:13: warning: overriding commands for target `/Users/ziangwang/Sources/vibeos/target/node-runtime/source/node-v24.14.0/out/Release/obj/gen/torque-generated/src/builtins/typed-array-from-tq.cc'
tools/v8_gypfiles/run_torque.host.mk:13: warning: ignoring old commands for target `/Users/ziangwang/Sources/vibeos/target/node-runtime/source/node-v24.14.0/out/Release/obj/gen/torque-generated/src/builtins/typed-array-from-tq.cc'
tools/v8_gypfiles/run_torque.target.mk:13: warning: overriding commands for target `/Users/ziangwang/Sources/vibeos/target/node-runtime/source/node-v24.14.0/out/Release/obj/gen/torque-generated/src/builtins/typed-array-keys-tq.cc'
tools/v8_gypfiles/run_torque.host.mk:13: warning: ignoring old commands for target `/Users/ziangwang/Sources/vibeos/target/node-runtime/source/node-v24.14.0/out/Release/obj/gen/torque-generated/src/builtins/typed-array-keys-tq.cc'
tools/v8_gypfiles/run_torque.target.mk:13: warning: overriding commands for target `/Users/ziangwang/Sources/vibeos/target/node-runtime/source/node-v24.14.0/out/Release/obj/gen/torque-generated/src/builtins/typed-array-of-tq.cc'
tools/v8_gypfiles/run_torque.host.mk:13: warning: ignoring old commands for target `/Users/ziangwang/Sources/vibeos/target/node-runtime/source/node-v24.14.0/out/Release/obj/gen/torque-generated/src/builtins/typed-array-of-tq.cc'
tools/v8_gypfiles/run_torque.target.mk:13: warning: overriding commands for target `/Users/ziangwang/Sources/vibeos/target/node-runtime/source/node-v24.14.0/out/Release/obj/gen/torque-generated/src/builtins/typed-array-reduce-tq.cc'
tools/v8_gypfiles/run_torque.host.mk:13: warning: ignoring old commands for target `/Users/ziangwang/Sources/vibeos/target/node-runtime/source/node-v24.14.0/out/Release/obj/gen/torque-generated/src/builtins/typed-array-reduce-tq.cc'
tools/v8_gypfiles/run_torque.target.mk:13: warning: overriding commands for target `/Users/ziangwang/Sources/vibeos/target/node-runtime/source/node-v24.14.0/out/Release/obj/gen/torque-generated/src/builtins/typed-array-reduceright-tq.cc'
tools/v8_gypfiles/run_torque.host.mk:13: warning: ignoring old commands for target `/Users/ziangwang/Sources/vibeos/target/node-runtime/source/node-v24.14.0/out/Release/obj/gen/torque-generated/src/builtins/typed-array-reduceright-tq.cc'
tools/v8_gypfiles/run_torque.target.mk:13: warning: overriding commands for target `/Users/ziangwang/Sources/vibeos/target/node-runtime/source/node-v24.14.0/out/Release/obj/gen/torque-generated/src/builtins/typed-array-set-tq.cc'
tools/v8_gypfiles/run_torque.host.mk:13: warning: ignoring old commands for target `/Users/ziangwang/Sources/vibeos/target/node-runtime/source/node-v24.14.0/out/Release/obj/gen/torque-generated/src/builtins/typed-array-set-tq.cc'
tools/v8_gypfiles/run_torque.target.mk:13: warning: overriding commands for target `/Users/ziangwang/Sources/vibeos/target/node-runtime/source/node-v24.14.0/out/Release/obj/gen/torque-generated/src/builtins/typed-array-slice-tq.cc'
tools/v8_gypfiles/run_torque.host.mk:13: warning: ignoring old commands for target `/Users/ziangwang/Sources/vibeos/target/node-runtime/source/node-v24.14.0/out/Release/obj/gen/torque-generated/src/builtins/typed-array-slice-tq.cc'
tools/v8_gypfiles/run_torque.target.mk:13: warning: overriding commands for target `/Users/ziangwang/Sources/vibeos/target/node-runtime/source/node-v24.14.0/out/Release/obj/gen/torque-generated/src/builtins/typed-array-some-tq.cc'
tools/v8_gypfiles/run_torque.host.mk:13: warning: ignoring old commands for target `/Users/ziangwang/Sources/vibeos/target/node-runtime/source/node-v24.14.0/out/Release/obj/gen/torque-generated/src/builtins/typed-array-some-tq.cc'
tools/v8_gypfiles/run_torque.target.mk:13: warning: overriding commands for target `/Users/ziangwang/Sources/vibeos/target/node-runtime/source/node-v24.14.0/out/Release/obj/gen/torque-generated/src/builtins/typed-array-sort-tq.cc'
tools/v8_gypfiles/run_torque.host.mk:13: warning: ignoring old commands for target `/Users/ziangwang/Sources/vibeos/target/node-runtime/source/node-v24.14.0/out/Release/obj/gen/torque-generated/src/builtins/typed-array-sort-tq.cc'
tools/v8_gypfiles/run_torque.target.mk:13: warning: overriding commands for target `/Users/ziangwang/Sources/vibeos/target/node-runtime/source/node-v24.14.0/out/Release/obj/gen/torque-generated/src/builtins/typed-array-subarray-tq.cc'
tools/v8_gypfiles/run_torque.host.mk:13: warning: ignoring old commands for target `/Users/ziangwang/Sources/vibeos/target/node-runtime/source/node-v24.14.0/out/Release/obj/gen/torque-generated/src/builtins/typed-array-subarray-tq.cc'
tools/v8_gypfiles/run_torque.target.mk:13: warning: overriding commands for target `/Users/ziangwang/Sources/vibeos/target/node-runtime/source/node-v24.14.0/out/Release/obj/gen/torque-generated/src/builtins/typed-array-to-reversed-tq.cc'
tools/v8_gypfiles/run_torque.host.mk:13: warning: ignoring old commands for target `/Users/ziangwang/Sources/vibeos/target/node-runtime/source/node-v24.14.0/out/Release/obj/gen/torque-generated/src/builtins/typed-array-to-reversed-tq.cc'
tools/v8_gypfiles/run_torque.target.mk:13: warning: overriding commands for target `/Users/ziangwang/Sources/vibeos/target/node-runtime/source/node-v24.14.0/out/Release/obj/gen/torque-generated/src/builtins/typed-array-to-sorted-tq.cc'
tools/v8_gypfiles/run_torque.host.mk:13: warning: ignoring old commands for target `/Users/ziangwang/Sources/vibeos/target/node-runtime/source/node-v24.14.0/out/Release/obj/gen/torque-generated/src/builtins/typed-array-to-sorted-tq.cc'
tools/v8_gypfiles/run_torque.target.mk:13: warning: overriding commands for target `/Users/ziangwang/Sources/vibeos/target/node-runtime/source/node-v24.14.0/out/Release/obj/gen/torque-generated/src/builtins/typed-array-values-tq.cc'
tools/v8_gypfiles/run_torque.host.mk:13: warning: ignoring old commands for target `/Users/ziangwang/Sources/vibeos/target/node-runtime/source/node-v24.14.0/out/Release/obj/gen/torque-generated/src/builtins/typed-array-values-tq.cc'
tools/v8_gypfiles/run_torque.target.mk:13: warning: overriding commands for target `/Users/ziangwang/Sources/vibeos/target/node-runtime/source/node-v24.14.0/out/Release/obj/gen/torque-generated/src/builtins/typed-array-with-tq.cc'
tools/v8_gypfiles/run_torque.host.mk:13: warning: ignoring old commands for target `/Users/ziangwang/Sources/vibeos/target/node-runtime/source/node-v24.14.0/out/Release/obj/gen/torque-generated/src/builtins/typed-array-with-tq.cc'
tools/v8_gypfiles/run_torque.target.mk:13: warning: overriding commands for target `/Users/ziangwang/Sources/vibeos/target/node-runtime/source/node-v24.14.0/out/Release/obj/gen/torque-generated/src/builtins/typed-array-tq.cc'
tools/v8_gypfiles/run_torque.host.mk:13: warning: ignoring old commands for target `/Users/ziangwang/Sources/vibeos/target/node-runtime/source/node-v24.14.0/out/Release/obj/gen/torque-generated/src/builtins/typed-array-tq.cc'
tools/v8_gypfiles/run_torque.target.mk:13: warning: overriding commands for target `/Users/ziangwang/Sources/vibeos/target/node-runtime/source/node-v24.14.0/out/Release/obj/gen/torque-generated/src/builtins/weak-ref-tq.cc'
tools/v8_gypfiles/run_torque.host.mk:13: warning: ignoring old commands for target `/Users/ziangwang/Sources/vibeos/target/node-runtime/source/node-v24.14.0/out/Release/obj/gen/torque-generated/src/builtins/weak-ref-tq.cc'
tools/v8_gypfiles/run_torque.target.mk:13: warning: overriding commands for target `/Users/ziangwang/Sources/vibeos/target/node-runtime/source/node-v24.14.0/out/Release/obj/gen/torque-generated/src/ic/handler-configuration-tq.cc'
tools/v8_gypfiles/run_torque.host.mk:13: warning: ignoring old commands for target `/Users/ziangwang/Sources/vibeos/target/node-runtime/source/node-v24.14.0/out/Release/obj/gen/torque-generated/src/ic/handler-configuration-tq.cc'
tools/v8_gypfiles/run_torque.target.mk:13: warning: overriding commands for target `/Users/ziangwang/Sources/vibeos/target/node-runtime/source/node-v24.14.0/out/Release/obj/gen/torque-generated/src/objects/allocation-site-tq.cc'
tools/v8_gypfiles/run_torque.host.mk:13: warning: ignoring old commands for target `/Users/ziangwang/Sources/vibeos/target/node-runtime/source/node-v24.14.0/out/Release/obj/gen/torque-generated/src/objects/allocation-site-tq.cc'
tools/v8_gypfiles/run_torque.target.mk:13: warning: overriding commands for target `/Users/ziangwang/Sources/vibeos/target/node-runtime/source/node-v24.14.0/out/Release/obj/gen/torque-generated/src/objects/api-callbacks-tq.cc'
tools/v8_gypfiles/run_torque.host.mk:13: warning: ignoring old commands for target `/Users/ziangwang/Sources/vibeos/target/node-runtime/source/node-v24.14.0/out/Release/obj/gen/torque-generated/src/objects/api-callbacks-tq.cc'
tools/v8_gypfiles/run_torque.target.mk:13: warning: overriding commands for target `/Users/ziangwang/Sources/vibeos/target/node-runtime/source/node-v24.14.0/out/Release/obj/gen/torque-generated/src/objects/arguments-tq.cc'
tools/v8_gypfiles/run_torque.host.mk:13: warning: ignoring old commands for target `/Users/ziangwang/Sources/vibeos/target/node-runtime/source/node-v24.14.0/out/Release/obj/gen/torque-generated/src/objects/arguments-tq.cc'
tools/v8_gypfiles/run_torque.target.mk:13: warning: overriding commands for target `/Users/ziangwang/Sources/vibeos/target/node-runtime/source/node-v24.14.0/out/Release/obj/gen/torque-generated/src/objects/bigint-tq.cc'
tools/v8_gypfiles/run_torque.host.mk:13: warning: ignoring old commands for target `/Users/ziangwang/Sources/vibeos/target/node-runtime/source/node-v24.14.0/out/Release/obj/gen/torque-generated/src/objects/bigint-tq.cc'
tools/v8_gypfiles/run_torque.target.mk:13: warning: overriding commands for target `/Users/ziangwang/Sources/vibeos/target/node-runtime/source/node-v24.14.0/out/Release/obj/gen/torque-generated/src/objects/call-site-info-tq.cc'
tools/v8_gypfiles/run_torque.host.mk:13: warning: ignoring old commands for target `/Users/ziangwang/Sources/vibeos/target/node-runtime/source/node-v24.14.0/out/Release/obj/gen/torque-generated/src/objects/call-site-info-tq.cc'
tools/v8_gypfiles/run_torque.target.mk:13: warning: overriding commands for target `/Users/ziangwang/Sources/vibeos/target/node-runtime/source/node-v24.14.0/out/Release/obj/gen/torque-generated/src/objects/cell-tq.cc'
tools/v8_gypfiles/run_torque.host.mk:13: warning: ignoring old commands for target `/Users/ziangwang/Sources/vibeos/target/node-runtime/source/node-v24.14.0/out/Release/obj/gen/torque-generated/src/objects/cell-tq.cc'
tools/v8_gypfiles/run_torque.target.mk:13: warning: overriding commands for target `/Users/ziangwang/Sources/vibeos/target/node-runtime/source/node-v24.14.0/out/Release/obj/gen/torque-generated/src/objects/bytecode-array-tq.cc'
tools/v8_gypfiles/run_torque.host.mk:13: warning: ignoring old commands for target `/Users/ziangwang/Sources/vibeos/target/node-runtime/source/node-v24.14.0/out/Release/obj/gen/torque-generated/src/objects/bytecode-array-tq.cc'
tools/v8_gypfiles/run_torque.target.mk:13: warning: overriding commands for target `/Users/ziangwang/Sources/vibeos/target/node-runtime/source/node-v24.14.0/out/Release/obj/gen/torque-generated/src/objects/contexts-tq.cc'
tools/v8_gypfiles/run_torque.host.mk:13: warning: ignoring old commands for target `/Users/ziangwang/Sources/vibeos/target/node-runtime/source/node-v24.14.0/out/Release/obj/gen/torque-generated/src/objects/contexts-tq.cc'
tools/v8_gypfiles/run_torque.target.mk:13: warning: overriding commands for target `/Users/ziangwang/Sources/vibeos/target/node-runtime/source/node-v24.14.0/out/Release/obj/gen/torque-generated/src/objects/data-handler-tq.cc'
tools/v8_gypfiles/run_torque.host.mk:13: warning: ignoring old commands for target `/Users/ziangwang/Sources/vibeos/target/node-runtime/source/node-v24.14.0/out/Release/obj/gen/torque-generated/src/objects/data-handler-tq.cc'
tools/v8_gypfiles/run_torque.target.mk:13: warning: overriding commands for target `/Users/ziangwang/Sources/vibeos/target/node-runtime/source/node-v24.14.0/out/Release/obj/gen/torque-generated/src/objects/debug-objects-tq.cc'
tools/v8_gypfiles/run_torque.host.mk:13: warning: ignoring old commands for target `/Users/ziangwang/Sources/vibeos/target/node-runtime/source/node-v24.14.0/out/Release/obj/gen/torque-generated/src/objects/debug-objects-tq.cc'
tools/v8_gypfiles/run_torque.target.mk:13: warning: overriding commands for target `/Users/ziangwang/Sources/vibeos/target/node-runtime/source/node-v24.14.0/out/Release/obj/gen/torque-generated/src/objects/descriptor-array-tq.cc'
tools/v8_gypfiles/run_torque.host.mk:13: warning: ignoring old commands for target `/Users/ziangwang/Sources/vibeos/target/node-runtime/source/node-v24.14.0/out/Release/obj/gen/torque-generated/src/objects/descriptor-array-tq.cc'
tools/v8_gypfiles/run_torque.target.mk:13: warning: overriding commands for target `/Users/ziangwang/Sources/vibeos/target/node-runtime/source/node-v24.14.0/out/Release/obj/gen/torque-generated/src/objects/embedder-data-array-tq.cc'
tools/v8_gypfiles/run_torque.host.mk:13: warning: ignoring old commands for target `/Users/ziangwang/Sources/vibeos/target/node-runtime/source/node-v24.14.0/out/Release/obj/gen/torque-generated/src/objects/embedder-data-array-tq.cc'
tools/v8_gypfiles/run_torque.target.mk:13: warning: overriding commands for target `/Users/ziangwang/Sources/vibeos/target/node-runtime/source/node-v24.14.0/out/Release/obj/gen/torque-generated/src/objects/feedback-cell-tq.cc'
tools/v8_gypfiles/run_torque.host.mk:13: warning: ignoring old commands for target `/Users/ziangwang/Sources/vibeos/target/node-runtime/source/node-v24.14.0/out/Release/obj/gen/torque-generated/src/objects/feedback-cell-tq.cc'
tools/v8_gypfiles/run_torque.target.mk:13: warning: overriding commands for target `/Users/ziangwang/Sources/vibeos/target/node-runtime/source/node-v24.14.0/out/Release/obj/gen/torque-generated/src/objects/feedback-vector-tq.cc'
tools/v8_gypfiles/run_torque.host.mk:13: warning: ignoring old commands for target `/Users/ziangwang/Sources/vibeos/target/node-runtime/source/node-v24.14.0/out/Release/obj/gen/torque-generated/src/objects/feedback-vector-tq.cc'
tools/v8_gypfiles/run_torque.target.mk:13: warning: overriding commands for target `/Users/ziangwang/Sources/vibeos/target/node-runtime/source/node-v24.14.0/out/Release/obj/gen/torque-generated/src/objects/fixed-array-tq.cc'
tools/v8_gypfiles/run_torque.host.mk:13: warning: ignoring old commands for target `/Users/ziangwang/Sources/vibeos/target/node-runtime/source/node-v24.14.0/out/Release/obj/gen/torque-generated/src/objects/fixed-array-tq.cc'
tools/v8_gypfiles/run_torque.target.mk:13: warning: overriding commands for target `/Users/ziangwang/Sources/vibeos/target/node-runtime/source/node-v24.14.0/out/Release/obj/gen/torque-generated/src/objects/foreign-tq.cc'
tools/v8_gypfiles/run_torque.host.mk:13: warning: ignoring old commands for target `/Users/ziangwang/Sources/vibeos/target/node-runtime/source/node-v24.14.0/out/Release/obj/gen/torque-generated/src/objects/foreign-tq.cc'
tools/v8_gypfiles/run_torque.target.mk:13: warning: overriding commands for target `/Users/ziangwang/Sources/vibeos/target/node-runtime/source/node-v24.14.0/out/Release/obj/gen/torque-generated/src/objects/free-space-tq.cc'
tools/v8_gypfiles/run_torque.host.mk:13: warning: ignoring old commands for target `/Users/ziangwang/Sources/vibeos/target/node-runtime/source/node-v24.14.0/out/Release/obj/gen/torque-generated/src/objects/free-space-tq.cc'
tools/v8_gypfiles/run_torque.target.mk:13: warning: overriding commands for target `/Users/ziangwang/Sources/vibeos/target/node-runtime/source/node-v24.14.0/out/Release/obj/gen/torque-generated/src/objects/heap-number-tq.cc'
tools/v8_gypfiles/run_torque.host.mk:13: warning: ignoring old commands for target `/Users/ziangwang/Sources/vibeos/target/node-runtime/source/node-v24.14.0/out/Release/obj/gen/torque-generated/src/objects/heap-number-tq.cc'
tools/v8_gypfiles/run_torque.target.mk:13: warning: overriding commands for target `/Users/ziangwang/Sources/vibeos/target/node-runtime/source/node-v24.14.0/out/Release/obj/gen/torque-generated/src/objects/heap-object-tq.cc'
tools/v8_gypfiles/run_torque.host.mk:13: warning: ignoring old commands for target `/Users/ziangwang/Sources/vibeos/target/node-runtime/source/node-v24.14.0/out/Release/obj/gen/torque-generated/src/objects/heap-object-tq.cc'
tools/v8_gypfiles/run_torque.target.mk:13: warning: overriding commands for target `/Users/ziangwang/Sources/vibeos/target/node-runtime/source/node-v24.14.0/out/Release/obj/gen/torque-generated/src/objects/js-array-buffer-tq.cc'
tools/v8_gypfiles/run_torque.host.mk:13: warning: ignoring old commands for target `/Users/ziangwang/Sources/vibeos/target/node-runtime/source/node-v24.14.0/out/Release/obj/gen/torque-generated/src/objects/js-array-buffer-tq.cc'
tools/v8_gypfiles/run_torque.target.mk:13: warning: overriding commands for target `/Users/ziangwang/Sources/vibeos/target/node-runtime/source/node-v24.14.0/out/Release/obj/gen/torque-generated/src/objects/js-array-tq.cc'
tools/v8_gypfiles/run_torque.host.mk:13: warning: ignoring old commands for target `/Users/ziangwang/Sources/vibeos/target/node-runtime/source/node-v24.14.0/out/Release/obj/gen/torque-generated/src/objects/js-array-tq.cc'
tools/v8_gypfiles/run_torque.target.mk:13: warning: overriding commands for target `/Users/ziangwang/Sources/vibeos/target/node-runtime/source/node-v24.14.0/out/Release/obj/gen/torque-generated/src/objects/js-atomics-synchronization-tq.cc'
tools/v8_gypfiles/run_torque.host.mk:13: warning: ignoring old commands for target `/Users/ziangwang/Sources/vibeos/target/node-runtime/source/node-v24.14.0/out/Release/obj/gen/torque-generated/src/objects/js-atomics-synchronization-tq.cc'
tools/v8_gypfiles/run_torque.target.mk:13: warning: overriding commands for target `/Users/ziangwang/Sources/vibeos/target/node-runtime/source/node-v24.14.0/out/Release/obj/gen/torque-generated/src/objects/js-collection-iterator-tq.cc'
tools/v8_gypfiles/run_torque.host.mk:13: warning: ignoring old commands for target `/Users/ziangwang/Sources/vibeos/target/node-runtime/source/node-v24.14.0/out/Release/obj/gen/torque-generated/src/objects/js-collection-iterator-tq.cc'
tools/v8_gypfiles/run_torque.target.mk:13: warning: overriding commands for target `/Users/ziangwang/Sources/vibeos/target/node-runtime/source/node-v24.14.0/out/Release/obj/gen/torque-generated/src/objects/js-collection-tq.cc'
tools/v8_gypfiles/run_torque.host.mk:13: warning: ignoring old commands for target `/Users/ziangwang/Sources/vibeos/target/node-runtime/source/node-v24.14.0/out/Release/obj/gen/torque-generated/src/objects/js-collection-tq.cc'
tools/v8_gypfiles/run_torque.target.mk:13: warning: overriding commands for target `/Users/ziangwang/Sources/vibeos/target/node-runtime/source/node-v24.14.0/out/Release/obj/gen/torque-generated/src/objects/js-disposable-stack-tq.cc'
tools/v8_gypfiles/run_torque.host.mk:13: warning: ignoring old commands for target `/Users/ziangwang/Sources/vibeos/target/node-runtime/source/node-v24.14.0/out/Release/obj/gen/torque-generated/src/objects/js-disposable-stack-tq.cc'
tools/v8_gypfiles/run_torque.target.mk:13: warning: overriding commands for target `/Users/ziangwang/Sources/vibeos/target/node-runtime/source/node-v24.14.0/out/Release/obj/gen/torque-generated/src/objects/js-function-tq.cc'
tools/v8_gypfiles/run_torque.host.mk:13: warning: ignoring old commands for target `/Users/ziangwang/Sources/vibeos/target/node-runtime/source/node-v24.14.0/out/Release/obj/gen/torque-generated/src/objects/js-function-tq.cc'
tools/v8_gypfiles/run_torque.target.mk:13: warning: overriding commands for target `/Users/ziangwang/Sources/vibeos/target/node-runtime/source/node-v24.14.0/out/Release/obj/gen/torque-generated/src/objects/js-generator-tq.cc'
tools/v8_gypfiles/run_torque.host.mk:13: warning: ignoring old commands for target `/Users/ziangwang/Sources/vibeos/target/node-runtime/source/node-v24.14.0/out/Release/obj/gen/torque-generated/src/objects/js-generator-tq.cc'
tools/v8_gypfiles/run_torque.target.mk:13: warning: overriding commands for target `/Users/ziangwang/Sources/vibeos/target/node-runtime/source/node-v24.14.0/out/Release/obj/gen/torque-generated/src/objects/js-iterator-helpers-tq.cc'
tools/v8_gypfiles/run_torque.host.mk:13: warning: ignoring old commands for target `/Users/ziangwang/Sources/vibeos/target/node-runtime/source/node-v24.14.0/out/Release/obj/gen/torque-generated/src/objects/js-iterator-helpers-tq.cc'
tools/v8_gypfiles/run_torque.target.mk:13: warning: overriding commands for target `/Users/ziangwang/Sources/vibeos/target/node-runtime/source/node-v24.14.0/out/Release/obj/gen/torque-generated/src/objects/js-objects-tq.cc'
tools/v8_gypfiles/run_torque.host.mk:13: warning: ignoring old commands for target `/Users/ziangwang/Sources/vibeos/target/node-runtime/source/node-v24.14.0/out/Release/obj/gen/torque-generated/src/objects/js-objects-tq.cc'
tools/v8_gypfiles/run_torque.target.mk:13: warning: overriding commands for target `/Users/ziangwang/Sources/vibeos/target/node-runtime/source/node-v24.14.0/out/Release/obj/gen/torque-generated/src/objects/js-promise-tq.cc'
tools/v8_gypfiles/run_torque.host.mk:13: warning: ignoring old commands for target `/Users/ziangwang/Sources/vibeos/target/node-runtime/source/node-v24.14.0/out/Release/obj/gen/torque-generated/src/objects/js-promise-tq.cc'
tools/v8_gypfiles/run_torque.target.mk:13: warning: overriding commands for target `/Users/ziangwang/Sources/vibeos/target/node-runtime/source/node-v24.14.0/out/Release/obj/gen/torque-generated/src/objects/js-proxy-tq.cc'
tools/v8_gypfiles/run_torque.host.mk:13: warning: ignoring old commands for target `/Users/ziangwang/Sources/vibeos/target/node-runtime/source/node-v24.14.0/out/Release/obj/gen/torque-generated/src/objects/js-proxy-tq.cc'
tools/v8_gypfiles/run_torque.target.mk:13: warning: overriding commands for target `/Users/ziangwang/Sources/vibeos/target/node-runtime/source/node-v24.14.0/out/Release/obj/gen/torque-generated/src/objects/js-raw-json-tq.cc'
tools/v8_gypfiles/run_torque.host.mk:13: warning: ignoring old commands for target `/Users/ziangwang/Sources/vibeos/target/node-runtime/source/node-v24.14.0/out/Release/obj/gen/torque-generated/src/objects/js-raw-json-tq.cc'
tools/v8_gypfiles/run_torque.target.mk:13: warning: overriding commands for target `/Users/ziangwang/Sources/vibeos/target/node-runtime/source/node-v24.14.0/out/Release/obj/gen/torque-generated/src/objects/js-regexp-string-iterator-tq.cc'
tools/v8_gypfiles/run_torque.host.mk:13: warning: ignoring old commands for target `/Users/ziangwang/Sources/vibeos/target/node-runtime/source/node-v24.14.0/out/Release/obj/gen/torque-generated/src/objects/js-regexp-string-iterator-tq.cc'
tools/v8_gypfiles/run_torque.target.mk:13: warning: overriding commands for target `/Users/ziangwang/Sources/vibeos/target/node-runtime/source/node-v24.14.0/out/Release/obj/gen/torque-generated/src/objects/js-regexp-tq.cc'
tools/v8_gypfiles/run_torque.host.mk:13: warning: ignoring old commands for target `/Users/ziangwang/Sources/vibeos/target/node-runtime/source/node-v24.14.0/out/Release/obj/gen/torque-generated/src/objects/js-regexp-tq.cc'
tools/v8_gypfiles/run_torque.target.mk:13: warning: overriding commands for target `/Users/ziangwang/Sources/vibeos/target/node-runtime/source/node-v24.14.0/out/Release/obj/gen/torque-generated/src/objects/js-shadow-realm-tq.cc'
tools/v8_gypfiles/run_torque.host.mk:13: warning: ignoring old commands for target `/Users/ziangwang/Sources/vibeos/target/node-runtime/source/node-v24.14.0/out/Release/obj/gen/torque-generated/src/objects/js-shadow-realm-tq.cc'
tools/v8_gypfiles/run_torque.target.mk:13: warning: overriding commands for target `/Users/ziangwang/Sources/vibeos/target/node-runtime/source/node-v24.14.0/out/Release/obj/gen/torque-generated/src/objects/js-shared-array-tq.cc'
tools/v8_gypfiles/run_torque.host.mk:13: warning: ignoring old commands for target `/Users/ziangwang/Sources/vibeos/target/node-runtime/source/node-v24.14.0/out/Release/obj/gen/torque-generated/src/objects/js-shared-array-tq.cc'
tools/v8_gypfiles/run_torque.target.mk:13: warning: overriding commands for target `/Users/ziangwang/Sources/vibeos/target/node-runtime/source/node-v24.14.0/out/Release/obj/gen/torque-generated/src/objects/js-struct-tq.cc'
tools/v8_gypfiles/run_torque.host.mk:13: warning: ignoring old commands for target `/Users/ziangwang/Sources/vibeos/target/node-runtime/source/node-v24.14.0/out/Release/obj/gen/torque-generated/src/objects/js-struct-tq.cc'
tools/v8_gypfiles/run_torque.target.mk:13: warning: overriding commands for target `/Users/ziangwang/Sources/vibeos/target/node-runtime/source/node-v24.14.0/out/Release/obj/gen/torque-generated/src/objects/js-temporal-objects-tq.cc'
tools/v8_gypfiles/run_torque.host.mk:13: warning: ignoring old commands for target `/Users/ziangwang/Sources/vibeos/target/node-runtime/source/node-v24.14.0/out/Release/obj/gen/torque-generated/src/objects/js-temporal-objects-tq.cc'
tools/v8_gypfiles/run_torque.target.mk:13: warning: overriding commands for target `/Users/ziangwang/Sources/vibeos/target/node-runtime/source/node-v24.14.0/out/Release/obj/gen/torque-generated/src/objects/js-weak-refs-tq.cc'
tools/v8_gypfiles/run_torque.host.mk:13: warning: ignoring old commands for target `/Users/ziangwang/Sources/vibeos/target/node-runtime/source/node-v24.14.0/out/Release/obj/gen/torque-generated/src/objects/js-weak-refs-tq.cc'
tools/v8_gypfiles/run_torque.target.mk:13: warning: overriding commands for target `/Users/ziangwang/Sources/vibeos/target/node-runtime/source/node-v24.14.0/out/Release/obj/gen/torque-generated/src/objects/literal-objects-tq.cc'
tools/v8_gypfiles/run_torque.host.mk:13: warning: ignoring old commands for target `/Users/ziangwang/Sources/vibeos/target/node-runtime/source/node-v24.14.0/out/Release/obj/gen/torque-generated/src/objects/literal-objects-tq.cc'
tools/v8_gypfiles/run_torque.target.mk:13: warning: overriding commands for target `/Users/ziangwang/Sources/vibeos/target/node-runtime/source/node-v24.14.0/out/Release/obj/gen/torque-generated/src/objects/map-tq.cc'
tools/v8_gypfiles/run_torque.host.mk:13: warning: ignoring old commands for target `/Users/ziangwang/Sources/vibeos/target/node-runtime/source/node-v24.14.0/out/Release/obj/gen/torque-generated/src/objects/map-tq.cc'
tools/v8_gypfiles/run_torque.target.mk:13: warning: overriding commands for target `/Users/ziangwang/Sources/vibeos/target/node-runtime/source/node-v24.14.0/out/Release/obj/gen/torque-generated/src/objects/megadom-handler-tq.cc'
tools/v8_gypfiles/run_torque.host.mk:13: warning: ignoring old commands for target `/Users/ziangwang/Sources/vibeos/target/node-runtime/source/node-v24.14.0/out/Release/obj/gen/torque-generated/src/objects/megadom-handler-tq.cc'
tools/v8_gypfiles/run_torque.target.mk:13: warning: overriding commands for target `/Users/ziangwang/Sources/vibeos/target/node-runtime/source/node-v24.14.0/out/Release/obj/gen/torque-generated/src/objects/microtask-tq.cc'
tools/v8_gypfiles/run_torque.host.mk:13: warning: ignoring old commands for target `/Users/ziangwang/Sources/vibeos/target/node-runtime/source/node-v24.14.0/out/Release/obj/gen/torque-generated/src/objects/microtask-tq.cc'
tools/v8_gypfiles/run_torque.target.mk:13: warning: overriding commands for target `/Users/ziangwang/Sources/vibeos/target/node-runtime/source/node-v24.14.0/out/Release/obj/gen/torque-generated/src/objects/module-tq.cc'
tools/v8_gypfiles/run_torque.host.mk:13: warning: ignoring old commands for target `/Users/ziangwang/Sources/vibeos/target/node-runtime/source/node-v24.14.0/out/Release/obj/gen/torque-generated/src/objects/module-tq.cc'
tools/v8_gypfiles/run_torque.target.mk:13: warning: overriding commands for target `/Users/ziangwang/Sources/vibeos/target/node-runtime/source/node-v24.14.0/out/Release/obj/gen/torque-generated/src/objects/name-tq.cc'
tools/v8_gypfiles/run_torque.host.mk:13: warning: ignoring old commands for target `/Users/ziangwang/Sources/vibeos/target/node-runtime/source/node-v24.14.0/out/Release/obj/gen/torque-generated/src/objects/name-tq.cc'
tools/v8_gypfiles/run_torque.target.mk:13: warning: overriding commands for target `/Users/ziangwang/Sources/vibeos/target/node-runtime/source/node-v24.14.0/out/Release/obj/gen/torque-generated/src/objects/oddball-tq.cc'
tools/v8_gypfiles/run_torque.host.mk:13: warning: ignoring old commands for target `/Users/ziangwang/Sources/vibeos/target/node-runtime/source/node-v24.14.0/out/Release/obj/gen/torque-generated/src/objects/oddball-tq.cc'
tools/v8_gypfiles/run_torque.target.mk:13: warning: overriding commands for target `/Users/ziangwang/Sources/vibeos/target/node-runtime/source/node-v24.14.0/out/Release/obj/gen/torque-generated/src/objects/hole-tq.cc'
tools/v8_gypfiles/run_torque.host.mk:13: warning: ignoring old commands for target `/Users/ziangwang/Sources/vibeos/target/node-runtime/source/node-v24.14.0/out/Release/obj/gen/torque-generated/src/objects/hole-tq.cc'
tools/v8_gypfiles/run_torque.target.mk:13: warning: overriding commands for target `/Users/ziangwang/Sources/vibeos/target/node-runtime/source/node-v24.14.0/out/Release/obj/gen/torque-generated/src/objects/trusted-object-tq.cc'
tools/v8_gypfiles/run_torque.host.mk:13: warning: ignoring old commands for target `/Users/ziangwang/Sources/vibeos/target/node-runtime/source/node-v24.14.0/out/Release/obj/gen/torque-generated/src/objects/trusted-object-tq.cc'
tools/v8_gypfiles/run_torque.target.mk:13: warning: overriding commands for target `/Users/ziangwang/Sources/vibeos/target/node-runtime/source/node-v24.14.0/out/Release/obj/gen/torque-generated/src/objects/ordered-hash-table-tq.cc'
tools/v8_gypfiles/run_torque.host.mk:13: warning: ignoring old commands for target `/Users/ziangwang/Sources/vibeos/target/node-runtime/source/node-v24.14.0/out/Release/obj/gen/torque-generated/src/objects/ordered-hash-table-tq.cc'
tools/v8_gypfiles/run_torque.target.mk:13: warning: overriding commands for target `/Users/ziangwang/Sources/vibeos/target/node-runtime/source/node-v24.14.0/out/Release/obj/gen/torque-generated/src/objects/primitive-heap-object-tq.cc'
tools/v8_gypfiles/run_torque.host.mk:13: warning: ignoring old commands for target `/Users/ziangwang/Sources/vibeos/target/node-runtime/source/node-v24.14.0/out/Release/obj/gen/torque-generated/src/objects/primitive-heap-object-tq.cc'
tools/v8_gypfiles/run_torque.target.mk:13: warning: overriding commands for target `/Users/ziangwang/Sources/vibeos/target/node-runtime/source/node-v24.14.0/out/Release/obj/gen/torque-generated/src/objects/promise-tq.cc'
tools/v8_gypfiles/run_torque.host.mk:13: warning: ignoring old commands for target `/Users/ziangwang/Sources/vibeos/target/node-runtime/source/node-v24.14.0/out/Release/obj/gen/torque-generated/src/objects/promise-tq.cc'
tools/v8_gypfiles/run_torque.target.mk:13: warning: overriding commands for target `/Users/ziangwang/Sources/vibeos/target/node-runtime/source/node-v24.14.0/out/Release/obj/gen/torque-generated/src/objects/property-array-tq.cc'
tools/v8_gypfiles/run_torque.host.mk:13: warning: ignoring old commands for target `/Users/ziangwang/Sources/vibeos/target/node-runtime/source/node-v24.14.0/out/Release/obj/gen/torque-generated/src/objects/property-array-tq.cc'
tools/v8_gypfiles/run_torque.target.mk:13: warning: overriding commands for target `/Users/ziangwang/Sources/vibeos/target/node-runtime/source/node-v24.14.0/out/Release/obj/gen/torque-generated/src/objects/property-cell-tq.cc'
tools/v8_gypfiles/run_torque.host.mk:13: warning: ignoring old commands for target `/Users/ziangwang/Sources/vibeos/target/node-runtime/source/node-v24.14.0/out/Release/obj/gen/torque-generated/src/objects/property-cell-tq.cc'
tools/v8_gypfiles/run_torque.target.mk:13: warning: overriding commands for target `/Users/ziangwang/Sources/vibeos/target/node-runtime/source/node-v24.14.0/out/Release/obj/gen/torque-generated/src/objects/property-descriptor-object-tq.cc'
tools/v8_gypfiles/run_torque.host.mk:13: warning: ignoring old commands for target `/Users/ziangwang/Sources/vibeos/target/node-runtime/source/node-v24.14.0/out/Release/obj/gen/torque-generated/src/objects/property-descriptor-object-tq.cc'
tools/v8_gypfiles/run_torque.target.mk:13: warning: overriding commands for target `/Users/ziangwang/Sources/vibeos/target/node-runtime/source/node-v24.14.0/out/Release/obj/gen/torque-generated/src/objects/prototype-info-tq.cc'
tools/v8_gypfiles/run_torque.host.mk:13: warning: ignoring old commands for target `/Users/ziangwang/Sources/vibeos/target/node-runtime/source/node-v24.14.0/out/Release/obj/gen/torque-generated/src/objects/prototype-info-tq.cc'
tools/v8_gypfiles/run_torque.target.mk:13: warning: overriding commands for target `/Users/ziangwang/Sources/vibeos/target/node-runtime/source/node-v24.14.0/out/Release/obj/gen/torque-generated/src/objects/regexp-match-info-tq.cc'
tools/v8_gypfiles/run_torque.host.mk:13: warning: ignoring old commands for target `/Users/ziangwang/Sources/vibeos/target/node-runtime/source/node-v24.14.0/out/Release/obj/gen/torque-generated/src/objects/regexp-match-info-tq.cc'
tools/v8_gypfiles/run_torque.target.mk:13: warning: overriding commands for target `/Users/ziangwang/Sources/vibeos/target/node-runtime/source/node-v24.14.0/out/Release/obj/gen/torque-generated/src/objects/scope-info-tq.cc'
tools/v8_gypfiles/run_torque.host.mk:13: warning: ignoring old commands for target `/Users/ziangwang/Sources/vibeos/target/node-runtime/source/node-v24.14.0/out/Release/obj/gen/torque-generated/src/objects/scope-info-tq.cc'
tools/v8_gypfiles/run_torque.target.mk:13: warning: overriding commands for target `/Users/ziangwang/Sources/vibeos/target/node-runtime/source/node-v24.14.0/out/Release/obj/gen/torque-generated/src/objects/script-tq.cc'
tools/v8_gypfiles/run_torque.host.mk:13: warning: ignoring old commands for target `/Users/ziangwang/Sources/vibeos/target/node-runtime/source/node-v24.14.0/out/Release/obj/gen/torque-generated/src/objects/script-tq.cc'
tools/v8_gypfiles/run_torque.target.mk:13: warning: overriding commands for target `/Users/ziangwang/Sources/vibeos/target/node-runtime/source/node-v24.14.0/out/Release/obj/gen/torque-generated/src/objects/shared-function-info-tq.cc'
tools/v8_gypfiles/run_torque.host.mk:13: warning: ignoring old commands for target `/Users/ziangwang/Sources/vibeos/target/node-runtime/source/node-v24.14.0/out/Release/obj/gen/torque-generated/src/objects/shared-function-info-tq.cc'
tools/v8_gypfiles/run_torque.target.mk:13: warning: overriding commands for target `/Users/ziangwang/Sources/vibeos/target/node-runtime/source/node-v24.14.0/out/Release/obj/gen/torque-generated/src/objects/source-text-module-tq.cc'
tools/v8_gypfiles/run_torque.host.mk:13: warning: ignoring old commands for target `/Users/ziangwang/Sources/vibeos/target/node-runtime/source/node-v24.14.0/out/Release/obj/gen/torque-generated/src/objects/source-text-module-tq.cc'
tools/v8_gypfiles/run_torque.target.mk:13: warning: overriding commands for target `/Users/ziangwang/Sources/vibeos/target/node-runtime/source/node-v24.14.0/out/Release/obj/gen/torque-generated/src/objects/string-tq.cc'
tools/v8_gypfiles/run_torque.host.mk:13: warning: ignoring old commands for target `/Users/ziangwang/Sources/vibeos/target/node-runtime/source/node-v24.14.0/out/Release/obj/gen/torque-generated/src/objects/string-tq.cc'
tools/v8_gypfiles/run_torque.target.mk:13: warning: overriding commands for target `/Users/ziangwang/Sources/vibeos/target/node-runtime/source/node-v24.14.0/out/Release/obj/gen/torque-generated/src/objects/struct-tq.cc'
tools/v8_gypfiles/run_torque.host.mk:13: warning: ignoring old commands for target `/Users/ziangwang/Sources/vibeos/target/node-runtime/source/node-v24.14.0/out/Release/obj/gen/torque-generated/src/objects/struct-tq.cc'
tools/v8_gypfiles/run_torque.target.mk:13: warning: overriding commands for target `/Users/ziangwang/Sources/vibeos/target/node-runtime/source/node-v24.14.0/out/Release/obj/gen/torque-generated/src/objects/swiss-hash-table-helpers-tq.cc'
tools/v8_gypfiles/run_torque.host.mk:13: warning: ignoring old commands for target `/Users/ziangwang/Sources/vibeos/target/node-runtime/source/node-v24.14.0/out/Release/obj/gen/torque-generated/src/objects/swiss-hash-table-helpers-tq.cc'
tools/v8_gypfiles/run_torque.target.mk:13: warning: overriding commands for target `/Users/ziangwang/Sources/vibeos/target/node-runtime/source/node-v24.14.0/out/Release/obj/gen/torque-generated/src/objects/swiss-name-dictionary-tq.cc'
tools/v8_gypfiles/run_torque.host.mk:13: warning: ignoring old commands for target `/Users/ziangwang/Sources/vibeos/target/node-runtime/source/node-v24.14.0/out/Release/obj/gen/torque-generated/src/objects/swiss-name-dictionary-tq.cc'
tools/v8_gypfiles/run_torque.target.mk:13: warning: overriding commands for target `/Users/ziangwang/Sources/vibeos/target/node-runtime/source/node-v24.14.0/out/Release/obj/gen/torque-generated/src/objects/synthetic-module-tq.cc'
tools/v8_gypfiles/run_torque.host.mk:13: warning: ignoring old commands for target `/Users/ziangwang/Sources/vibeos/target/node-runtime/source/node-v24.14.0/out/Release/obj/gen/torque-generated/src/objects/synthetic-module-tq.cc'
tools/v8_gypfiles/run_torque.target.mk:13: warning: overriding commands for target `/Users/ziangwang/Sources/vibeos/target/node-runtime/source/node-v24.14.0/out/Release/obj/gen/torque-generated/src/objects/template-objects-tq.cc'
tools/v8_gypfiles/run_torque.host.mk:13: warning: ignoring old commands for target `/Users/ziangwang/Sources/vibeos/target/node-runtime/source/node-v24.14.0/out/Release/obj/gen/torque-generated/src/objects/template-objects-tq.cc'
tools/v8_gypfiles/run_torque.target.mk:13: warning: overriding commands for target `/Users/ziangwang/Sources/vibeos/target/node-runtime/source/node-v24.14.0/out/Release/obj/gen/torque-generated/src/objects/templates-tq.cc'
tools/v8_gypfiles/run_torque.host.mk:13: warning: ignoring old commands for target `/Users/ziangwang/Sources/vibeos/target/node-runtime/source/node-v24.14.0/out/Release/obj/gen/torque-generated/src/objects/templates-tq.cc'
tools/v8_gypfiles/run_torque.target.mk:13: warning: overriding commands for target `/Users/ziangwang/Sources/vibeos/target/node-runtime/source/node-v24.14.0/out/Release/obj/gen/torque-generated/src/objects/torque-defined-classes-tq.cc'
tools/v8_gypfiles/run_torque.host.mk:13: warning: ignoring old commands for target `/Users/ziangwang/Sources/vibeos/target/node-runtime/source/node-v24.14.0/out/Release/obj/gen/torque-generated/src/objects/torque-defined-classes-tq.cc'
tools/v8_gypfiles/run_torque.target.mk:13: warning: overriding commands for target `/Users/ziangwang/Sources/vibeos/target/node-runtime/source/node-v24.14.0/out/Release/obj/gen/torque-generated/src/objects/turbofan-types-tq.cc'
tools/v8_gypfiles/run_torque.host.mk:13: warning: ignoring old commands for target `/Users/ziangwang/Sources/vibeos/target/node-runtime/source/node-v24.14.0/out/Release/obj/gen/torque-generated/src/objects/turbofan-types-tq.cc'
tools/v8_gypfiles/run_torque.target.mk:13: warning: overriding commands for target `/Users/ziangwang/Sources/vibeos/target/node-runtime/source/node-v24.14.0/out/Release/obj/gen/torque-generated/src/objects/turboshaft-types-tq.cc'
tools/v8_gypfiles/run_torque.host.mk:13: warning: ignoring old commands for target `/Users/ziangwang/Sources/vibeos/target/node-runtime/source/node-v24.14.0/out/Release/obj/gen/torque-generated/src/objects/turboshaft-types-tq.cc'
tools/v8_gypfiles/run_torque.target.mk:13: warning: overriding commands for target `/Users/ziangwang/Sources/vibeos/target/node-runtime/source/node-v24.14.0/out/Release/obj/gen/torque-generated/test/torque/test-torque-tq.cc'
tools/v8_gypfiles/run_torque.host.mk:13: warning: ignoring old commands for target `/Users/ziangwang/Sources/vibeos/target/node-runtime/source/node-v24.14.0/out/Release/obj/gen/torque-generated/test/torque/test-torque-tq.cc'
tools/v8_gypfiles/run_torque.target.mk:13: warning: overriding commands for target `/Users/ziangwang/Sources/vibeos/target/node-runtime/source/node-v24.14.0/out/Release/obj/gen/torque-generated/third_party/v8/builtins/array-sort-tq.cc'
tools/v8_gypfiles/run_torque.host.mk:13: warning: ignoring old commands for target `/Users/ziangwang/Sources/vibeos/target/node-runtime/source/node-v24.14.0/out/Release/obj/gen/torque-generated/third_party/v8/builtins/array-sort-tq.cc'
tools/v8_gypfiles/run_torque.target.mk:13: warning: overriding commands for target `/Users/ziangwang/Sources/vibeos/target/node-runtime/source/node-v24.14.0/out/Release/obj/gen/torque-generated/src/builtins/aggregate-error-tq.inc'
tools/v8_gypfiles/run_torque.host.mk:13: warning: ignoring old commands for target `/Users/ziangwang/Sources/vibeos/target/node-runtime/source/node-v24.14.0/out/Release/obj/gen/torque-generated/src/builtins/aggregate-error-tq.inc'
tools/v8_gypfiles/run_torque.target.mk:13: warning: overriding commands for target `/Users/ziangwang/Sources/vibeos/target/node-runtime/source/node-v24.14.0/out/Release/obj/gen/torque-generated/src/builtins/array-at-tq.inc'
tools/v8_gypfiles/run_torque.host.mk:13: warning: ignoring old commands for target `/Users/ziangwang/Sources/vibeos/target/node-runtime/source/node-v24.14.0/out/Release/obj/gen/torque-generated/src/builtins/array-at-tq.inc'
tools/v8_gypfiles/run_torque.target.mk:13: warning: overriding commands for target `/Users/ziangwang/Sources/vibeos/target/node-runtime/source/node-v24.14.0/out/Release/obj/gen/torque-generated/src/builtins/array-concat-tq.inc'
tools/v8_gypfiles/run_torque.host.mk:13: warning: ignoring old commands for target `/Users/ziangwang/Sources/vibeos/target/node-runtime/source/node-v24.14.0/out/Release/obj/gen/torque-generated/src/builtins/array-concat-tq.inc'
tools/v8_gypfiles/run_torque.target.mk:13: warning: overriding commands for target `/Users/ziangwang/Sources/vibeos/target/node-runtime/source/node-v24.14.0/out/Release/obj/gen/torque-generated/src/builtins/array-copywithin-tq.inc'
tools/v8_gypfiles/run_torque.host.mk:13: warning: ignoring old commands for target `/Users/ziangwang/Sources/vibeos/target/node-runtime/source/node-v24.14.0/out/Release/obj/gen/torque-generated/src/builtins/array-copywithin-tq.inc'
tools/v8_gypfiles/run_torque.target.mk:13: warning: overriding commands for target `/Users/ziangwang/Sources/vibeos/target/node-runtime/source/node-v24.14.0/out/Release/obj/gen/torque-generated/src/builtins/array-every-tq.inc'
tools/v8_gypfiles/run_torque.host.mk:13: warning: ignoring old commands for target `/Users/ziangwang/Sources/vibeos/target/node-runtime/source/node-v24.14.0/out/Release/obj/gen/torque-generated/src/builtins/array-every-tq.inc'
tools/v8_gypfiles/run_torque.target.mk:13: warning: overriding commands for target `/Users/ziangwang/Sources/vibeos/target/node-runtime/source/node-v24.14.0/out/Release/obj/gen/torque-generated/src/builtins/array-filter-tq.inc'
tools/v8_gypfiles/run_torque.host.mk:13: warning: ignoring old commands for target `/Users/ziangwang/Sources/vibeos/target/node-runtime/source/node-v24.14.0/out/Release/obj/gen/torque-generated/src/builtins/array-filter-tq.inc'
tools/v8_gypfiles/run_torque.target.mk:13: warning: overriding commands for target `/Users/ziangwang/Sources/vibeos/target/node-runtime/source/node-v24.14.0/out/Release/obj/gen/torque-generated/src/builtins/array-find-tq.inc'
tools/v8_gypfiles/run_torque.host.mk:13: warning: ignoring old commands for target `/Users/ziangwang/Sources/vibeos/target/node-runtime/source/node-v24.14.0/out/Release/obj/gen/torque-generated/src/builtins/array-find-tq.inc'
tools/v8_gypfiles/run_torque.target.mk:13: warning: overriding commands for target `/Users/ziangwang/Sources/vibeos/target/node-runtime/source/node-v24.14.0/out/Release/obj/gen/torque-generated/src/builtins/array-findindex-tq.inc'
tools/v8_gypfiles/run_torque.host.mk:13: warning: ignoring old commands for target `/Users/ziangwang/Sources/vibeos/target/node-runtime/source/node-v24.14.0/out/Release/obj/gen/torque-generated/src/builtins/array-findindex-tq.inc'
tools/v8_gypfiles/run_torque.target.mk:13: warning: overriding commands for target `/Users/ziangwang/Sources/vibeos/target/node-runtime/source/node-v24.14.0/out/Release/obj/gen/torque-generated/src/builtins/array-findlast-tq.inc'
tools/v8_gypfiles/run_torque.host.mk:13: warning: ignoring old commands for target `/Users/ziangwang/Sources/vibeos/target/node-runtime/source/node-v24.14.0/out/Release/obj/gen/torque-generated/src/builtins/array-findlast-tq.inc'
tools/v8_gypfiles/run_torque.target.mk:13: warning: overriding commands for target `/Users/ziangwang/Sources/vibeos/target/node-runtime/source/node-v24.14.0/out/Release/obj/gen/torque-generated/src/builtins/array-findlastindex-tq.inc'
tools/v8_gypfiles/run_torque.host.mk:13: warning: ignoring old commands for target `/Users/ziangwang/Sources/vibeos/target/node-runtime/source/node-v24.14.0/out/Release/obj/gen/torque-generated/src/builtins/array-findlastindex-tq.inc'
tools/v8_gypfiles/run_torque.target.mk:13: warning: overriding commands for target `/Users/ziangwang/Sources/vibeos/target/node-runtime/source/node-v24.14.0/out/Release/obj/gen/torque-generated/src/builtins/array-flat-tq.inc'
tools/v8_gypfiles/run_torque.host.mk:13: warning: ignoring old commands for target `/Users/ziangwang/Sources/vibeos/target/node-runtime/source/node-v24.14.0/out/Release/obj/gen/torque-generated/src/builtins/array-flat-tq.inc'
tools/v8_gypfiles/run_torque.target.mk:13: warning: overriding commands for target `/Users/ziangwang/Sources/vibeos/target/node-runtime/source/node-v24.14.0/out/Release/obj/gen/torque-generated/src/builtins/array-foreach-tq.inc'
tools/v8_gypfiles/run_torque.host.mk:13: warning: ignoring old commands for target `/Users/ziangwang/Sources/vibeos/target/node-runtime/source/node-v24.14.0/out/Release/obj/gen/torque-generated/src/builtins/array-foreach-tq.inc'
tools/v8_gypfiles/run_torque.target.mk:13: warning: overriding commands for target `/Users/ziangwang/Sources/vibeos/target/node-runtime/source/node-v24.14.0/out/Release/obj/gen/torque-generated/src/builtins/array-from-async-tq.inc'
tools/v8_gypfiles/run_torque.host.mk:13: warning: ignoring old commands for target `/Users/ziangwang/Sources/vibeos/target/node-runtime/source/node-v24.14.0/out/Release/obj/gen/torque-generated/src/builtins/array-from-async-tq.inc'
tools/v8_gypfiles/run_torque.target.mk:13: warning: overriding commands for target `/Users/ziangwang/Sources/vibeos/target/node-runtime/source/node-v24.14.0/out/Release/obj/gen/torque-generated/src/builtins/array-from-tq.inc'
tools/v8_gypfiles/run_torque.host.mk:13: warning: ignoring old commands for target `/Users/ziangwang/Sources/vibeos/target/node-runtime/source/node-v24.14.0/out/Release/obj/gen/torque-generated/src/builtins/array-from-tq.inc'
tools/v8_gypfiles/run_torque.target.mk:13: warning: overriding commands for target `/Users/ziangwang/Sources/vibeos/target/node-runtime/source/node-v24.14.0/out/Release/obj/gen/torque-generated/src/builtins/array-isarray-tq.inc'
tools/v8_gypfiles/run_torque.host.mk:13: warning: ignoring old commands for target `/Users/ziangwang/Sources/vibeos/target/node-runtime/source/node-v24.14.0/out/Release/obj/gen/torque-generated/src/builtins/array-isarray-tq.inc'
tools/v8_gypfiles/run_torque.target.mk:13: warning: overriding commands for target `/Users/ziangwang/Sources/vibeos/target/node-runtime/source/node-v24.14.0/out/Release/obj/gen/torque-generated/src/builtins/array-join-tq.inc'
tools/v8_gypfiles/run_torque.host.mk:13: warning: ignoring old commands for target `/Users/ziangwang/Sources/vibeos/target/node-runtime/source/node-v24.14.0/out/Release/obj/gen/torque-generated/src/builtins/array-join-tq.inc'
tools/v8_gypfiles/run_torque.target.mk:13: warning: overriding commands for target `/Users/ziangwang/Sources/vibeos/target/node-runtime/source/node-v24.14.0/out/Release/obj/gen/torque-generated/src/builtins/array-lastindexof-tq.inc'
tools/v8_gypfiles/run_torque.host.mk:13: warning: ignoring old commands for target `/Users/ziangwang/Sources/vibeos/target/node-runtime/source/node-v24.14.0/out/Release/obj/gen/torque-generated/src/builtins/array-lastindexof-tq.inc'
tools/v8_gypfiles/run_torque.target.mk:13: warning: overriding commands for target `/Users/ziangwang/Sources/vibeos/target/node-runtime/source/node-v24.14.0/out/Release/obj/gen/torque-generated/src/builtins/array-map-tq.inc'
tools/v8_gypfiles/run_torque.host.mk:13: warning: ignoring old commands for target `/Users/ziangwang/Sources/vibeos/target/node-runtime/source/node-v24.14.0/out/Release/obj/gen/torque-generated/src/builtins/array-map-tq.inc'
tools/v8_gypfiles/run_torque.target.mk:13: warning: overriding commands for target `/Users/ziangwang/Sources/vibeos/target/node-runtime/source/node-v24.14.0/out/Release/obj/gen/torque-generated/src/builtins/array-of-tq.inc'
tools/v8_gypfiles/run_torque.host.mk:13: warning: ignoring old commands for target `/Users/ziangwang/Sources/vibeos/target/node-runtime/source/node-v24.14.0/out/Release/obj/gen/torque-generated/src/builtins/array-of-tq.inc'
tools/v8_gypfiles/run_torque.target.mk:13: warning: overriding commands for target `/Users/ziangwang/Sources/vibeos/target/node-runtime/source/node-v24.14.0/out/Release/obj/gen/torque-generated/src/builtins/array-reduce-right-tq.inc'
tools/v8_gypfiles/run_torque.host.mk:13: warning: ignoring old commands for target `/Users/ziangwang/Sources/vibeos/target/node-runtime/source/node-v24.14.0/out/Release/obj/gen/torque-generated/src/builtins/array-reduce-right-tq.inc'
tools/v8_gypfiles/run_torque.target.mk:13: warning: overriding commands for target `/Users/ziangwang/Sources/vibeos/target/node-runtime/source/node-v24.14.0/out/Release/obj/gen/torque-generated/src/builtins/array-reduce-tq.inc'
tools/v8_gypfiles/run_torque.host.mk:13: warning: ignoring old commands for target `/Users/ziangwang/Sources/vibeos/target/node-runtime/source/node-v24.14.0/out/Release/obj/gen/torque-generated/src/builtins/array-reduce-tq.inc'
tools/v8_gypfiles/run_torque.target.mk:13: warning: overriding commands for target `/Users/ziangwang/Sources/vibeos/target/node-runtime/source/node-v24.14.0/out/Release/obj/gen/torque-generated/src/builtins/array-reverse-tq.inc'
tools/v8_gypfiles/run_torque.host.mk:13: warning: ignoring old commands for target `/Users/ziangwang/Sources/vibeos/target/node-runtime/source/node-v24.14.0/out/Release/obj/gen/torque-generated/src/builtins/array-reverse-tq.inc'
tools/v8_gypfiles/run_torque.target.mk:13: warning: overriding commands for target `/Users/ziangwang/Sources/vibeos/target/node-runtime/source/node-v24.14.0/out/Release/obj/gen/torque-generated/src/builtins/array-shift-tq.inc'
tools/v8_gypfiles/run_torque.host.mk:13: warning: ignoring old commands for target `/Users/ziangwang/Sources/vibeos/target/node-runtime/source/node-v24.14.0/out/Release/obj/gen/torque-generated/src/builtins/array-shift-tq.inc'
tools/v8_gypfiles/run_torque.target.mk:13: warning: overriding commands for target `/Users/ziangwang/Sources/vibeos/target/node-runtime/source/node-v24.14.0/out/Release/obj/gen/torque-generated/src/builtins/array-slice-tq.inc'
tools/v8_gypfiles/run_torque.host.mk:13: warning: ignoring old commands for target `/Users/ziangwang/Sources/vibeos/target/node-runtime/source/node-v24.14.0/out/Release/obj/gen/torque-generated/src/builtins/array-slice-tq.inc'
tools/v8_gypfiles/run_torque.target.mk:13: warning: overriding commands for target `/Users/ziangwang/Sources/vibeos/target/node-runtime/source/node-v24.14.0/out/Release/obj/gen/torque-generated/src/builtins/array-some-tq.inc'
tools/v8_gypfiles/run_torque.host.mk:13: warning: ignoring old commands for target `/Users/ziangwang/Sources/vibeos/target/node-runtime/source/node-v24.14.0/out/Release/obj/gen/torque-generated/src/builtins/array-some-tq.inc'
tools/v8_gypfiles/run_torque.target.mk:13: warning: overriding commands for target `/Users/ziangwang/Sources/vibeos/target/node-runtime/source/node-v24.14.0/out/Release/obj/gen/torque-generated/src/builtins/array-splice-tq.inc'
tools/v8_gypfiles/run_torque.host.mk:13: warning: ignoring old commands for target `/Users/ziangwang/Sources/vibeos/target/node-runtime/source/node-v24.14.0/out/Release/obj/gen/torque-generated/src/builtins/array-splice-tq.inc'
tools/v8_gypfiles/run_torque.target.mk:13: warning: overriding commands for target `/Users/ziangwang/Sources/vibeos/target/node-runtime/source/node-v24.14.0/out/Release/obj/gen/torque-generated/src/builtins/array-to-reversed-tq.inc'
tools/v8_gypfiles/run_torque.host.mk:13: warning: ignoring old commands for target `/Users/ziangwang/Sources/vibeos/target/node-runtime/source/node-v24.14.0/out/Release/obj/gen/torque-generated/src/builtins/array-to-reversed-tq.inc'
tools/v8_gypfiles/run_torque.target.mk:13: warning: overriding commands for target `/Users/ziangwang/Sources/vibeos/target/node-runtime/source/node-v24.14.0/out/Release/obj/gen/torque-generated/src/builtins/array-to-sorted-tq.inc'
tools/v8_gypfiles/run_torque.host.mk:13: warning: ignoring old commands for target `/Users/ziangwang/Sources/vibeos/target/node-runtime/source/node-v24.14.0/out/Release/obj/gen/torque-generated/src/builtins/array-to-sorted-tq.inc'
tools/v8_gypfiles/run_torque.target.mk:13: warning: overriding commands for target `/Users/ziangwang/Sources/vibeos/target/node-runtime/source/node-v24.14.0/out/Release/obj/gen/torque-generated/src/builtins/array-to-spliced-tq.inc'
tools/v8_gypfiles/run_torque.host.mk:13: warning: ignoring old commands for target `/Users/ziangwang/Sources/vibeos/target/node-runtime/source/node-v24.14.0/out/Release/obj/gen/torque-generated/src/builtins/array-to-spliced-tq.inc'
tools/v8_gypfiles/run_torque.target.mk:13: warning: overriding commands for target `/Users/ziangwang/Sources/vibeos/target/node-runtime/source/node-v24.14.0/out/Release/obj/gen/torque-generated/src/builtins/array-unshift-tq.inc'
tools/v8_gypfiles/run_torque.host.mk:13: warning: ignoring old commands for target `/Users/ziangwang/Sources/vibeos/target/node-runtime/source/node-v24.14.0/out/Release/obj/gen/torque-generated/src/builtins/array-unshift-tq.inc'
tools/v8_gypfiles/run_torque.target.mk:13: warning: overriding commands for target `/Users/ziangwang/Sources/vibeos/target/node-runtime/source/node-v24.14.0/out/Release/obj/gen/torque-generated/src/builtins/array-with-tq.inc'
tools/v8_gypfiles/run_torque.host.mk:13: warning: ignoring old commands for target `/Users/ziangwang/Sources/vibeos/target/node-runtime/source/node-v24.14.0/out/Release/obj/gen/torque-generated/src/builtins/array-with-tq.inc'
tools/v8_gypfiles/run_torque.target.mk:13: warning: overriding commands for target `/Users/ziangwang/Sources/vibeos/target/node-runtime/source/node-v24.14.0/out/Release/obj/gen/torque-generated/src/builtins/array-tq.inc'
tools/v8_gypfiles/run_torque.host.mk:13: warning: ignoring old commands for target `/Users/ziangwang/Sources/vibeos/target/node-runtime/source/node-v24.14.0/out/Release/obj/gen/torque-generated/src/builtins/array-tq.inc'
tools/v8_gypfiles/run_torque.target.mk:13: warning: overriding commands for target `/Users/ziangwang/Sources/vibeos/target/node-runtime/source/node-v24.14.0/out/Release/obj/gen/torque-generated/src/builtins/arraybuffer-tq.inc'
tools/v8_gypfiles/run_torque.host.mk:13: warning: ignoring old commands for target `/Users/ziangwang/Sources/vibeos/target/node-runtime/source/node-v24.14.0/out/Release/obj/gen/torque-generated/src/builtins/arraybuffer-tq.inc'
tools/v8_gypfiles/run_torque.target.mk:13: warning: overriding commands for target `/Users/ziangwang/Sources/vibeos/target/node-runtime/source/node-v24.14.0/out/Release/obj/gen/torque-generated/src/builtins/base-tq.inc'
tools/v8_gypfiles/run_torque.host.mk:13: warning: ignoring old commands for target `/Users/ziangwang/Sources/vibeos/target/node-runtime/source/node-v24.14.0/out/Release/obj/gen/torque-generated/src/builtins/base-tq.inc'
tools/v8_gypfiles/run_torque.target.mk:13: warning: overriding commands for target `/Users/ziangwang/Sources/vibeos/target/node-runtime/source/node-v24.14.0/out/Release/obj/gen/torque-generated/src/builtins/boolean-tq.inc'
tools/v8_gypfiles/run_torque.host.mk:13: warning: ignoring old commands for target `/Users/ziangwang/Sources/vibeos/target/node-runtime/source/node-v24.14.0/out/Release/obj/gen/torque-generated/src/builtins/boolean-tq.inc'
tools/v8_gypfiles/run_torque.target.mk:13: warning: overriding commands for target `/Users/ziangwang/Sources/vibeos/target/node-runtime/source/node-v24.14.0/out/Release/obj/gen/torque-generated/src/builtins/builtins-bigint-tq.inc'
tools/v8_gypfiles/run_torque.host.mk:13: warning: ignoring old commands for target `/Users/ziangwang/Sources/vibeos/target/node-runtime/source/node-v24.14.0/out/Release/obj/gen/torque-generated/src/builtins/builtins-bigint-tq.inc'
tools/v8_gypfiles/run_torque.target.mk:13: warning: overriding commands for target `/Users/ziangwang/Sources/vibeos/target/node-runtime/source/node-v24.14.0/out/Release/obj/gen/torque-generated/src/builtins/builtins-string-tq.inc'
tools/v8_gypfiles/run_torque.host.mk:13: warning: ignoring old commands for target `/Users/ziangwang/Sources/vibeos/target/node-runtime/source/node-v24.14.0/out/Release/obj/gen/torque-generated/src/builtins/builtins-string-tq.inc'
tools/v8_gypfiles/run_torque.target.mk:13: warning: overriding commands for target `/Users/ziangwang/Sources/vibeos/target/node-runtime/source/node-v24.14.0/out/Release/obj/gen/torque-generated/src/builtins/cast-tq.inc'
tools/v8_gypfiles/run_torque.host.mk:13: warning: ignoring old commands for target `/Users/ziangwang/Sources/vibeos/target/node-runtime/source/node-v24.14.0/out/Release/obj/gen/torque-generated/src/builtins/cast-tq.inc'
tools/v8_gypfiles/run_torque.target.mk:13: warning: overriding commands for target `/Users/ziangwang/Sources/vibeos/target/node-runtime/source/node-v24.14.0/out/Release/obj/gen/torque-generated/src/builtins/collections-tq.inc'
tools/v8_gypfiles/run_torque.host.mk:13: warning: ignoring old commands for target `/Users/ziangwang/Sources/vibeos/target/node-runtime/source/node-v24.14.0/out/Release/obj/gen/torque-generated/src/builtins/collections-tq.inc'
tools/v8_gypfiles/run_torque.target.mk:13: warning: overriding commands for target `/Users/ziangwang/Sources/vibeos/target/node-runtime/source/node-v24.14.0/out/Release/obj/gen/torque-generated/src/builtins/constructor-tq.inc'
tools/v8_gypfiles/run_torque.host.mk:13: warning: ignoring old commands for target `/Users/ziangwang/Sources/vibeos/target/node-runtime/source/node-v24.14.0/out/Release/obj/gen/torque-generated/src/builtins/constructor-tq.inc'
tools/v8_gypfiles/run_torque.target.mk:13: warning: overriding commands for target `/Users/ziangwang/Sources/vibeos/target/node-runtime/source/node-v24.14.0/out/Release/obj/gen/torque-generated/src/builtins/conversion-tq.inc'
tools/v8_gypfiles/run_torque.host.mk:13: warning: ignoring old commands for target `/Users/ziangwang/Sources/vibeos/target/node-runtime/source/node-v24.14.0/out/Release/obj/gen/torque-generated/src/builtins/conversion-tq.inc'
tools/v8_gypfiles/run_torque.target.mk:13: warning: overriding commands for target `/Users/ziangwang/Sources/vibeos/target/node-runtime/source/node-v24.14.0/out/Release/obj/gen/torque-generated/src/builtins/convert-tq.inc'
tools/v8_gypfiles/run_torque.host.mk:13: warning: ignoring old commands for target `/Users/ziangwang/Sources/vibeos/target/node-runtime/source/node-v24.14.0/out/Release/obj/gen/torque-generated/src/builtins/convert-tq.inc'
tools/v8_gypfiles/run_torque.target.mk:13: warning: overriding commands for target `/Users/ziangwang/Sources/vibeos/target/node-runtime/source/node-v24.14.0/out/Release/obj/gen/torque-generated/src/builtins/console-tq.inc'
tools/v8_gypfiles/run_torque.host.mk:13: warning: ignoring old commands for target `/Users/ziangwang/Sources/vibeos/target/node-runtime/source/node-v24.14.0/out/Release/obj/gen/torque-generated/src/builtins/console-tq.inc'
tools/v8_gypfiles/run_torque.target.mk:13: warning: overriding commands for target `/Users/ziangwang/Sources/vibeos/target/node-runtime/source/node-v24.14.0/out/Release/obj/gen/torque-generated/src/builtins/data-view-tq.inc'
tools/v8_gypfiles/run_torque.host.mk:13: warning: ignoring old commands for target `/Users/ziangwang/Sources/vibeos/target/node-runtime/source/node-v24.14.0/out/Release/obj/gen/torque-generated/src/builtins/data-view-tq.inc'
tools/v8_gypfiles/run_torque.target.mk:13: warning: overriding commands for target `/Users/ziangwang/Sources/vibeos/target/node-runtime/source/node-v24.14.0/out/Release/obj/gen/torque-generated/src/builtins/finalization-registry-tq.inc'
tools/v8_gypfiles/run_torque.host.mk:13: warning: ignoring old commands for target `/Users/ziangwang/Sources/vibeos/target/node-runtime/source/node-v24.14.0/out/Release/obj/gen/torque-generated/src/builtins/finalization-registry-tq.inc'
tools/v8_gypfiles/run_torque.target.mk:13: warning: overriding commands for target `/Users/ziangwang/Sources/vibeos/target/node-runtime/source/node-v24.14.0/out/Release/obj/gen/torque-generated/src/builtins/frames-tq.inc'
tools/v8_gypfiles/run_torque.host.mk:13: warning: ignoring old commands for target `/Users/ziangwang/Sources/vibeos/target/node-runtime/source/node-v24.14.0/out/Release/obj/gen/torque-generated/src/builtins/frames-tq.inc'
tools/v8_gypfiles/run_torque.target.mk:13: warning: overriding commands for target `/Users/ziangwang/Sources/vibeos/target/node-runtime/source/node-v24.14.0/out/Release/obj/gen/torque-generated/src/builtins/frame-arguments-tq.inc'
tools/v8_gypfiles/run_torque.host.mk:13: warning: ignoring old commands for target `/Users/ziangwang/Sources/vibeos/target/node-runtime/source/node-v24.14.0/out/Release/obj/gen/torque-generated/src/builtins/frame-arguments-tq.inc'
tools/v8_gypfiles/run_torque.target.mk:13: warning: overriding commands for target `/Users/ziangwang/Sources/vibeos/target/node-runtime/source/node-v24.14.0/out/Release/obj/gen/torque-generated/src/builtins/function-tq.inc'
tools/v8_gypfiles/run_torque.host.mk:13: warning: ignoring old commands for target `/Users/ziangwang/Sources/vibeos/target/node-runtime/source/node-v24.14.0/out/Release/obj/gen/torque-generated/src/builtins/function-tq.inc'
tools/v8_gypfiles/run_torque.target.mk:13: warning: overriding commands for target `/Users/ziangwang/Sources/vibeos/target/node-runtime/source/node-v24.14.0/out/Release/obj/gen/torque-generated/src/builtins/growable-fixed-array-tq.inc'
tools/v8_gypfiles/run_torque.host.mk:13: warning: ignoring old commands for target `/Users/ziangwang/Sources/vibeos/target/node-runtime/source/node-v24.14.0/out/Release/obj/gen/torque-generated/src/builtins/growable-fixed-array-tq.inc'
tools/v8_gypfiles/run_torque.target.mk:13: warning: overriding commands for target `/Users/ziangwang/Sources/vibeos/target/node-runtime/source/node-v24.14.0/out/Release/obj/gen/torque-generated/src/builtins/ic-callable-tq.inc'
tools/v8_gypfiles/run_torque.host.mk:13: warning: ignoring old commands for target `/Users/ziangwang/Sources/vibeos/target/node-runtime/source/node-v24.14.0/out/Release/obj/gen/torque-generated/src/builtins/ic-callable-tq.inc'
tools/v8_gypfiles/run_torque.target.mk:13: warning: overriding commands for target `/Users/ziangwang/Sources/vibeos/target/node-runtime/source/node-v24.14.0/out/Release/obj/gen/torque-generated/src/builtins/ic-tq.inc'
tools/v8_gypfiles/run_torque.host.mk:13: warning: ignoring old commands for target `/Users/ziangwang/Sources/vibeos/target/node-runtime/source/node-v24.14.0/out/Release/obj/gen/torque-generated/src/builtins/ic-tq.inc'
tools/v8_gypfiles/run_torque.target.mk:13: warning: overriding commands for target `/Users/ziangwang/Sources/vibeos/target/node-runtime/source/node-v24.14.0/out/Release/obj/gen/torque-generated/src/builtins/internal-coverage-tq.inc'
tools/v8_gypfiles/run_torque.host.mk:13: warning: ignoring old commands for target `/Users/ziangwang/Sources/vibeos/target/node-runtime/source/node-v24.14.0/out/Release/obj/gen/torque-generated/src/builtins/internal-coverage-tq.inc'
tools/v8_gypfiles/run_torque.target.mk:13: warning: overriding commands for target `/Users/ziangwang/Sources/vibeos/target/node-runtime/source/node-v24.14.0/out/Release/obj/gen/torque-generated/src/builtins/internal-tq.inc'
tools/v8_gypfiles/run_torque.host.mk:13: warning: ignoring old commands for target `/Users/ziangwang/Sources/vibeos/target/node-runtime/source/node-v24.14.0/out/Release/obj/gen/torque-generated/src/builtins/internal-tq.inc'
tools/v8_gypfiles/run_torque.target.mk:13: warning: overriding commands for target `/Users/ziangwang/Sources/vibeos/target/node-runtime/source/node-v24.14.0/out/Release/obj/gen/torque-generated/src/builtins/iterator-tq.inc'
tools/v8_gypfiles/run_torque.host.mk:13: warning: ignoring old commands for target `/Users/ziangwang/Sources/vibeos/target/node-runtime/source/node-v24.14.0/out/Release/obj/gen/torque-generated/src/builtins/iterator-tq.inc'
tools/v8_gypfiles/run_torque.target.mk:13: warning: overriding commands for target `/Users/ziangwang/Sources/vibeos/target/node-runtime/source/node-v24.14.0/out/Release/obj/gen/torque-generated/src/builtins/iterator-from-tq.inc'
tools/v8_gypfiles/run_torque.host.mk:13: warning: ignoring old commands for target `/Users/ziangwang/Sources/vibeos/target/node-runtime/source/node-v24.14.0/out/Release/obj/gen/torque-generated/src/builtins/iterator-from-tq.inc'
tools/v8_gypfiles/run_torque.target.mk:13: warning: overriding commands for target `/Users/ziangwang/Sources/vibeos/target/node-runtime/source/node-v24.14.0/out/Release/obj/gen/torque-generated/src/builtins/iterator-helpers-tq.inc'
tools/v8_gypfiles/run_torque.host.mk:13: warning: ignoring old commands for target `/Users/ziangwang/Sources/vibeos/target/node-runtime/source/node-v24.14.0/out/Release/obj/gen/torque-generated/src/builtins/iterator-helpers-tq.inc'
tools/v8_gypfiles/run_torque.target.mk:13: warning: overriding commands for target `/Users/ziangwang/Sources/vibeos/target/node-runtime/source/node-v24.14.0/out/Release/obj/gen/torque-generated/src/builtins/map-groupby-tq.inc'
tools/v8_gypfiles/run_torque.host.mk:13: warning: ignoring old commands for target `/Users/ziangwang/Sources/vibeos/target/node-runtime/source/node-v24.14.0/out/Release/obj/gen/torque-generated/src/builtins/map-groupby-tq.inc'
tools/v8_gypfiles/run_torque.target.mk:13: warning: overriding commands for target `/Users/ziangwang/Sources/vibeos/target/node-runtime/source/node-v24.14.0/out/Release/obj/gen/torque-generated/src/builtins/math-tq.inc'
tools/v8_gypfiles/run_torque.host.mk:13: warning: ignoring old commands for target `/Users/ziangwang/Sources/vibeos/target/node-runtime/source/node-v24.14.0/out/Release/obj/gen/torque-generated/src/builtins/math-tq.inc'
tools/v8_gypfiles/run_torque.target.mk:13: warning: overriding commands for target `/Users/ziangwang/Sources/vibeos/target/node-runtime/source/node-v24.14.0/out/Release/obj/gen/torque-generated/src/builtins/number-tq.inc'
tools/v8_gypfiles/run_torque.host.mk:13: warning: ignoring old commands for target `/Users/ziangwang/Sources/vibeos/target/node-runtime/source/node-v24.14.0/out/Release/obj/gen/torque-generated/src/builtins/number-tq.inc'
tools/v8_gypfiles/run_torque.target.mk:13: warning: overriding commands for target `/Users/ziangwang/Sources/vibeos/target/node-runtime/source/node-v24.14.0/out/Release/obj/gen/torque-generated/src/builtins/object-fromentries-tq.inc'
tools/v8_gypfiles/run_torque.host.mk:13: warning: ignoring old commands for target `/Users/ziangwang/Sources/vibeos/target/node-runtime/source/node-v24.14.0/out/Release/obj/gen/torque-generated/src/builtins/object-fromentries-tq.inc'
tools/v8_gypfiles/run_torque.target.mk:13: warning: overriding commands for target `/Users/ziangwang/Sources/vibeos/target/node-runtime/source/node-v24.14.0/out/Release/obj/gen/torque-generated/src/builtins/object-groupby-tq.inc'
tools/v8_gypfiles/run_torque.host.mk:13: warning: ignoring old commands for target `/Users/ziangwang/Sources/vibeos/target/node-runtime/source/node-v24.14.0/out/Release/obj/gen/torque-generated/src/builtins/object-groupby-tq.inc'
tools/v8_gypfiles/run_torque.target.mk:13: warning: overriding commands for target `/Users/ziangwang/Sources/vibeos/target/node-runtime/source/node-v24.14.0/out/Release/obj/gen/torque-generated/src/builtins/object-tq.inc'
tools/v8_gypfiles/run_torque.host.mk:13: warning: ignoring old commands for target `/Users/ziangwang/Sources/vibeos/target/node-runtime/source/node-v24.14.0/out/Release/obj/gen/torque-generated/src/builtins/object-tq.inc'
tools/v8_gypfiles/run_torque.target.mk:13: warning: overriding commands for target `/Users/ziangwang/Sources/vibeos/target/node-runtime/source/node-v24.14.0/out/Release/obj/gen/torque-generated/src/builtins/promise-abstract-operations-tq.inc'
tools/v8_gypfiles/run_torque.host.mk:13: warning: ignoring old commands for target `/Users/ziangwang/Sources/vibeos/target/node-runtime/source/node-v24.14.0/out/Release/obj/gen/torque-generated/src/builtins/promise-abstract-operations-tq.inc'
tools/v8_gypfiles/run_torque.target.mk:13: warning: overriding commands for target `/Users/ziangwang/Sources/vibeos/target/node-runtime/source/node-v24.14.0/out/Release/obj/gen/torque-generated/src/builtins/promise-all-tq.inc'
tools/v8_gypfiles/run_torque.host.mk:13: warning: ignoring old commands for target `/Users/ziangwang/Sources/vibeos/target/node-runtime/source/node-v24.14.0/out/Release/obj/gen/torque-generated/src/builtins/promise-all-tq.inc'
tools/v8_gypfiles/run_torque.target.mk:13: warning: overriding commands for target `/Users/ziangwang/Sources/vibeos/target/node-runtime/source/node-v24.14.0/out/Release/obj/gen/torque-generated/src/builtins/promise-all-element-closure-tq.inc'
tools/v8_gypfiles/run_torque.host.mk:13: warning: ignoring old commands for target `/Users/ziangwang/Sources/vibeos/target/node-runtime/source/node-v24.14.0/out/Release/obj/gen/torque-generated/src/builtins/promise-all-element-closure-tq.inc'
tools/v8_gypfiles/run_torque.target.mk:13: warning: overriding commands for target `/Users/ziangwang/Sources/vibeos/target/node-runtime/source/node-v24.14.0/out/Release/obj/gen/torque-generated/src/builtins/promise-any-tq.inc'
tools/v8_gypfiles/run_torque.host.mk:13: warning: ignoring old commands for target `/Users/ziangwang/Sources/vibeos/target/node-runtime/source/node-v24.14.0/out/Release/obj/gen/torque-generated/src/builtins/promise-any-tq.inc'
tools/v8_gypfiles/run_torque.target.mk:13: warning: overriding commands for target `/Users/ziangwang/Sources/vibeos/target/node-runtime/source/node-v24.14.0/out/Release/obj/gen/torque-generated/src/builtins/promise-constructor-tq.inc'
tools/v8_gypfiles/run_torque.host.mk:13: warning: ignoring old commands for target `/Users/ziangwang/Sources/vibeos/target/node-runtime/source/node-v24.14.0/out/Release/obj/gen/torque-generated/src/builtins/promise-constructor-tq.inc'
tools/v8_gypfiles/run_torque.target.mk:13: warning: overriding commands for target `/Users/ziangwang/Sources/vibeos/target/node-runtime/source/node-v24.14.0/out/Release/obj/gen/torque-generated/src/builtins/promise-finally-tq.inc'
tools/v8_gypfiles/run_torque.host.mk:13: warning: ignoring old commands for target `/Users/ziangwang/Sources/vibeos/target/node-runtime/source/node-v24.14.0/out/Release/obj/gen/torque-generated/src/builtins/promise-finally-tq.inc'
tools/v8_gypfiles/run_torque.target.mk:13: warning: overriding commands for target `/Users/ziangwang/Sources/vibeos/target/node-runtime/source/node-v24.14.0/out/Release/obj/gen/torque-generated/src/builtins/promise-jobs-tq.inc'
tools/v8_gypfiles/run_torque.host.mk:13: warning: ignoring old commands for target `/Users/ziangwang/Sources/vibeos/target/node-runtime/source/node-v24.14.0/out/Release/obj/gen/torque-generated/src/builtins/promise-jobs-tq.inc'
tools/v8_gypfiles/run_torque.target.mk:13: warning: overriding commands for target `/Users/ziangwang/Sources/vibeos/target/node-runtime/source/node-v24.14.0/out/Release/obj/gen/torque-generated/src/builtins/promise-misc-tq.inc'
tools/v8_gypfiles/run_torque.host.mk:13: warning: ignoring old commands for target `/Users/ziangwang/Sources/vibeos/target/node-runtime/source/node-v24.14.0/out/Release/obj/gen/torque-generated/src/builtins/promise-misc-tq.inc'
tools/v8_gypfiles/run_torque.target.mk:13: warning: overriding commands for target `/Users/ziangwang/Sources/vibeos/target/node-runtime/source/node-v24.14.0/out/Release/obj/gen/torque-generated/src/builtins/promise-race-tq.inc'
tools/v8_gypfiles/run_torque.host.mk:13: warning: ignoring old commands for target `/Users/ziangwang/Sources/vibeos/target/node-runtime/source/node-v24.14.0/out/Release/obj/gen/torque-generated/src/builtins/promise-race-tq.inc'
tools/v8_gypfiles/run_torque.target.mk:13: warning: overriding commands for target `/Users/ziangwang/Sources/vibeos/target/node-runtime/source/node-v24.14.0/out/Release/obj/gen/torque-generated/src/builtins/promise-reaction-job-tq.inc'
tools/v8_gypfiles/run_torque.host.mk:13: warning: ignoring old commands for target `/Users/ziangwang/Sources/vibeos/target/node-runtime/source/node-v24.14.0/out/Release/obj/gen/torque-generated/src/builtins/promise-reaction-job-tq.inc'
tools/v8_gypfiles/run_torque.target.mk:13: warning: overriding commands for target `/Users/ziangwang/Sources/vibeos/target/node-runtime/source/node-v24.14.0/out/Release/obj/gen/torque-generated/src/builtins/promise-resolve-tq.inc'
tools/v8_gypfiles/run_torque.host.mk:13: warning: ignoring old commands for target `/Users/ziangwang/Sources/vibeos/target/node-runtime/source/node-v24.14.0/out/Release/obj/gen/torque-generated/src/builtins/promise-resolve-tq.inc'
tools/v8_gypfiles/run_torque.target.mk:13: warning: overriding commands for target `/Users/ziangwang/Sources/vibeos/target/node-runtime/source/node-v24.14.0/out/Release/obj/gen/torque-generated/src/builtins/promise-then-tq.inc'
tools/v8_gypfiles/run_torque.host.mk:13: warning: ignoring old commands for target `/Users/ziangwang/Sources/vibeos/target/node-runtime/source/node-v24.14.0/out/Release/obj/gen/torque-generated/src/builtins/promise-then-tq.inc'
tools/v8_gypfiles/run_torque.target.mk:13: warning: overriding commands for target `/Users/ziangwang/Sources/vibeos/target/node-runtime/source/node-v24.14.0/out/Release/obj/gen/torque-generated/src/builtins/promise-try-tq.inc'
tools/v8_gypfiles/run_torque.host.mk:13: warning: ignoring old commands for target `/Users/ziangwang/Sources/vibeos/target/node-runtime/source/node-v24.14.0/out/Release/obj/gen/torque-generated/src/builtins/promise-try-tq.inc'
tools/v8_gypfiles/run_torque.target.mk:13: warning: overriding commands for target `/Users/ziangwang/Sources/vibeos/target/node-runtime/source/node-v24.14.0/out/Release/obj/gen/torque-generated/src/builtins/promise-withresolvers-tq.inc'
tools/v8_gypfiles/run_torque.host.mk:13: warning: ignoring old commands for target `/Users/ziangwang/Sources/vibeos/target/node-runtime/source/node-v24.14.0/out/Release/obj/gen/torque-generated/src/builtins/promise-withresolvers-tq.inc'
tools/v8_gypfiles/run_torque.target.mk:13: warning: overriding commands for target `/Users/ziangwang/Sources/vibeos/target/node-runtime/source/node-v24.14.0/out/Release/obj/gen/torque-generated/src/builtins/proxy-constructor-tq.inc'
tools/v8_gypfiles/run_torque.host.mk:13: warning: ignoring old commands for target `/Users/ziangwang/Sources/vibeos/target/node-runtime/source/node-v24.14.0/out/Release/obj/gen/torque-generated/src/builtins/proxy-constructor-tq.inc'
tools/v8_gypfiles/run_torque.target.mk:13: warning: overriding commands for target `/Users/ziangwang/Sources/vibeos/target/node-runtime/source/node-v24.14.0/out/Release/obj/gen/torque-generated/src/builtins/proxy-delete-property-tq.inc'
tools/v8_gypfiles/run_torque.host.mk:13: warning: ignoring old commands for target `/Users/ziangwang/Sources/vibeos/target/node-runtime/source/node-v24.14.0/out/Release/obj/gen/torque-generated/src/builtins/proxy-delete-property-tq.inc'
tools/v8_gypfiles/run_torque.target.mk:13: warning: overriding commands for target `/Users/ziangwang/Sources/vibeos/target/node-runtime/source/node-v24.14.0/out/Release/obj/gen/torque-generated/src/builtins/proxy-get-property-tq.inc'
tools/v8_gypfiles/run_torque.host.mk:13: warning: ignoring old commands for target `/Users/ziangwang/Sources/vibeos/target/node-runtime/source/node-v24.14.0/out/Release/obj/gen/torque-generated/src/builtins/proxy-get-property-tq.inc'
tools/v8_gypfiles/run_torque.target.mk:13: warning: overriding commands for target `/Users/ziangwang/Sources/vibeos/target/node-runtime/source/node-v24.14.0/out/Release/obj/gen/torque-generated/src/builtins/proxy-get-prototype-of-tq.inc'
tools/v8_gypfiles/run_torque.host.mk:13: warning: ignoring old commands for target `/Users/ziangwang/Sources/vibeos/target/node-runtime/source/node-v24.14.0/out/Release/obj/gen/torque-generated/src/builtins/proxy-get-prototype-of-tq.inc'
tools/v8_gypfiles/run_torque.target.mk:13: warning: overriding commands for target `/Users/ziangwang/Sources/vibeos/target/node-runtime/source/node-v24.14.0/out/Release/obj/gen/torque-generated/src/builtins/proxy-has-property-tq.inc'
tools/v8_gypfiles/run_torque.host.mk:13: warning: ignoring old commands for target `/Users/ziangwang/Sources/vibeos/target/node-runtime/source/node-v24.14.0/out/Release/obj/gen/torque-generated/src/builtins/proxy-has-property-tq.inc'
tools/v8_gypfiles/run_torque.target.mk:13: warning: overriding commands for target `/Users/ziangwang/Sources/vibeos/target/node-runtime/source/node-v24.14.0/out/Release/obj/gen/torque-generated/src/builtins/proxy-is-extensible-tq.inc'
tools/v8_gypfiles/run_torque.host.mk:13: warning: ignoring old commands for target `/Users/ziangwang/Sources/vibeos/target/node-runtime/source/node-v24.14.0/out/Release/obj/gen/torque-generated/src/builtins/proxy-is-extensible-tq.inc'
tools/v8_gypfiles/run_torque.target.mk:13: warning: overriding commands for target `/Users/ziangwang/Sources/vibeos/target/node-runtime/source/node-v24.14.0/out/Release/obj/gen/torque-generated/src/builtins/proxy-prevent-extensions-tq.inc'
tools/v8_gypfiles/run_torque.host.mk:13: warning: ignoring old commands for target `/Users/ziangwang/Sources/vibeos/target/node-runtime/source/node-v24.14.0/out/Release/obj/gen/torque-generated/src/builtins/proxy-prevent-extensions-tq.inc'
tools/v8_gypfiles/run_torque.target.mk:13: warning: overriding commands for target `/Users/ziangwang/Sources/vibeos/target/node-runtime/source/node-v24.14.0/out/Release/obj/gen/torque-generated/src/builtins/proxy-revocable-tq.inc'
tools/v8_gypfiles/run_torque.host.mk:13: warning: ignoring old commands for target `/Users/ziangwang/Sources/vibeos/target/node-runtime/source/node-v24.14.0/out/Release/obj/gen/torque-generated/src/builtins/proxy-revocable-tq.inc'
tools/v8_gypfiles/run_torque.target.mk:13: warning: overriding commands for target `/Users/ziangwang/Sources/vibeos/target/node-runtime/source/node-v24.14.0/out/Release/obj/gen/torque-generated/src/builtins/proxy-revoke-tq.inc'
tools/v8_gypfiles/run_torque.host.mk:13: warning: ignoring old commands for target `/Users/ziangwang/Sources/vibeos/target/node-runtime/source/node-v24.14.0/out/Release/obj/gen/torque-generated/src/builtins/proxy-revoke-tq.inc'
tools/v8_gypfiles/run_torque.target.mk:13: warning: overriding commands for target `/Users/ziangwang/Sources/vibeos/target/node-runtime/source/node-v24.14.0/out/Release/obj/gen/torque-generated/src/builtins/proxy-set-property-tq.inc'
tools/v8_gypfiles/run_torque.host.mk:13: warning: ignoring old commands for target `/Users/ziangwang/Sources/vibeos/target/node-runtime/source/node-v24.14.0/out/Release/obj/gen/torque-generated/src/builtins/proxy-set-property-tq.inc'
tools/v8_gypfiles/run_torque.target.mk:13: warning: overriding commands for target `/Users/ziangwang/Sources/vibeos/target/node-runtime/source/node-v24.14.0/out/Release/obj/gen/torque-generated/src/builtins/proxy-set-prototype-of-tq.inc'
tools/v8_gypfiles/run_torque.host.mk:13: warning: ignoring old commands for target `/Users/ziangwang/Sources/vibeos/target/node-runtime/source/node-v24.14.0/out/Release/obj/gen/torque-generated/src/builtins/proxy-set-prototype-of-tq.inc'
tools/v8_gypfiles/run_torque.target.mk:13: warning: overriding commands for target `/Users/ziangwang/Sources/vibeos/target/node-runtime/source/node-v24.14.0/out/Release/obj/gen/torque-generated/src/builtins/proxy-tq.inc'
tools/v8_gypfiles/run_torque.host.mk:13: warning: ignoring old commands for target `/Users/ziangwang/Sources/vibeos/target/node-runtime/source/node-v24.14.0/out/Release/obj/gen/torque-generated/src/builtins/proxy-tq.inc'
tools/v8_gypfiles/run_torque.target.mk:13: warning: overriding commands for target `/Users/ziangwang/Sources/vibeos/target/node-runtime/source/node-v24.14.0/out/Release/obj/gen/torque-generated/src/builtins/reflect-tq.inc'
tools/v8_gypfiles/run_torque.host.mk:13: warning: ignoring old commands for target `/Users/ziangwang/Sources/vibeos/target/node-runtime/source/node-v24.14.0/out/Release/obj/gen/torque-generated/src/builtins/reflect-tq.inc'
tools/v8_gypfiles/run_torque.target.mk:13: warning: overriding commands for target `/Users/ziangwang/Sources/vibeos/target/node-runtime/source/node-v24.14.0/out/Release/obj/gen/torque-generated/src/builtins/regexp-exec-tq.inc'
tools/v8_gypfiles/run_torque.host.mk:13: warning: ignoring old commands for target `/Users/ziangwang/Sources/vibeos/target/node-runtime/source/node-v24.14.0/out/Release/obj/gen/torque-generated/src/builtins/regexp-exec-tq.inc'
tools/v8_gypfiles/run_torque.target.mk:13: warning: overriding commands for target `/Users/ziangwang/Sources/vibeos/target/node-runtime/source/node-v24.14.0/out/Release/obj/gen/torque-generated/src/builtins/regexp-match-all-tq.inc'
tools/v8_gypfiles/run_torque.host.mk:13: warning: ignoring old commands for target `/Users/ziangwang/Sources/vibeos/target/node-runtime/source/node-v24.14.0/out/Release/obj/gen/torque-generated/src/builtins/regexp-match-all-tq.inc'
tools/v8_gypfiles/run_torque.target.mk:13: warning: overriding commands for target `/Users/ziangwang/Sources/vibeos/target/node-runtime/source/node-v24.14.0/out/Release/obj/gen/torque-generated/src/builtins/regexp-match-tq.inc'
tools/v8_gypfiles/run_torque.host.mk:13: warning: ignoring old commands for target `/Users/ziangwang/Sources/vibeos/target/node-runtime/source/node-v24.14.0/out/Release/obj/gen/torque-generated/src/builtins/regexp-match-tq.inc'
tools/v8_gypfiles/run_torque.target.mk:13: warning: overriding commands for target `/Users/ziangwang/Sources/vibeos/target/node-runtime/source/node-v24.14.0/out/Release/obj/gen/torque-generated/src/builtins/regexp-replace-tq.inc'
tools/v8_gypfiles/run_torque.host.mk:13: warning: ignoring old commands for target `/Users/ziangwang/Sources/vibeos/target/node-runtime/source/node-v24.14.0/out/Release/obj/gen/torque-generated/src/builtins/regexp-replace-tq.inc'
tools/v8_gypfiles/run_torque.target.mk:13: warning: overriding commands for target `/Users/ziangwang/Sources/vibeos/target/node-runtime/source/node-v24.14.0/out/Release/obj/gen/torque-generated/src/builtins/regexp-search-tq.inc'
tools/v8_gypfiles/run_torque.host.mk:13: warning: ignoring old commands for target `/Users/ziangwang/Sources/vibeos/target/node-runtime/source/node-v24.14.0/out/Release/obj/gen/torque-generated/src/builtins/regexp-search-tq.inc'
tools/v8_gypfiles/run_torque.target.mk:13: warning: overriding commands for target `/Users/ziangwang/Sources/vibeos/target/node-runtime/source/node-v24.14.0/out/Release/obj/gen/torque-generated/src/builtins/regexp-source-tq.inc'
tools/v8_gypfiles/run_torque.host.mk:13: warning: ignoring old commands for target `/Users/ziangwang/Sources/vibeos/target/node-runtime/source/node-v24.14.0/out/Release/obj/gen/torque-generated/src/builtins/regexp-source-tq.inc'
tools/v8_gypfiles/run_torque.target.mk:13: warning: overriding commands for target `/Users/ziangwang/Sources/vibeos/target/node-runtime/source/node-v24.14.0/out/Release/obj/gen/torque-generated/src/builtins/regexp-split-tq.inc'
tools/v8_gypfiles/run_torque.host.mk:13: warning: ignoring old commands for target `/Users/ziangwang/Sources/vibeos/target/node-runtime/source/node-v24.14.0/out/Release/obj/gen/torque-generated/src/builtins/regexp-split-tq.inc'
tools/v8_gypfiles/run_torque.target.mk:13: warning: overriding commands for target `/Users/ziangwang/Sources/vibeos/target/node-runtime/source/node-v24.14.0/out/Release/obj/gen/torque-generated/src/builtins/regexp-test-tq.inc'
tools/v8_gypfiles/run_torque.host.mk:13: warning: ignoring old commands for target `/Users/ziangwang/Sources/vibeos/target/node-runtime/source/node-v24.14.0/out/Release/obj/gen/torque-generated/src/builtins/regexp-test-tq.inc'
tools/v8_gypfiles/run_torque.target.mk:13: warning: overriding commands for target `/Users/ziangwang/Sources/vibeos/target/node-runtime/source/node-v24.14.0/out/Release/obj/gen/torque-generated/src/builtins/regexp-tq.inc'
tools/v8_gypfiles/run_torque.host.mk:13: warning: ignoring old commands for target `/Users/ziangwang/Sources/vibeos/target/node-runtime/source/node-v24.14.0/out/Release/obj/gen/torque-generated/src/builtins/regexp-tq.inc'
tools/v8_gypfiles/run_torque.target.mk:13: warning: overriding commands for target `/Users/ziangwang/Sources/vibeos/target/node-runtime/source/node-v24.14.0/out/Release/obj/gen/torque-generated/src/builtins/set-difference-tq.inc'
tools/v8_gypfiles/run_torque.host.mk:13: warning: ignoring old commands for target `/Users/ziangwang/Sources/vibeos/target/node-runtime/source/node-v24.14.0/out/Release/obj/gen/torque-generated/src/builtins/set-difference-tq.inc'
tools/v8_gypfiles/run_torque.target.mk:13: warning: overriding commands for target `/Users/ziangwang/Sources/vibeos/target/node-runtime/source/node-v24.14.0/out/Release/obj/gen/torque-generated/src/builtins/set-intersection-tq.inc'
tools/v8_gypfiles/run_torque.host.mk:13: warning: ignoring old commands for target `/Users/ziangwang/Sources/vibeos/target/node-runtime/source/node-v24.14.0/out/Release/obj/gen/torque-generated/src/builtins/set-intersection-tq.inc'
tools/v8_gypfiles/run_torque.target.mk:13: warning: overriding commands for target `/Users/ziangwang/Sources/vibeos/target/node-runtime/source/node-v24.14.0/out/Release/obj/gen/torque-generated/src/builtins/set-is-disjoint-from-tq.inc'
tools/v8_gypfiles/run_torque.host.mk:13: warning: ignoring old commands for target `/Users/ziangwang/Sources/vibeos/target/node-runtime/source/node-v24.14.0/out/Release/obj/gen/torque-generated/src/builtins/set-is-disjoint-from-tq.inc'
tools/v8_gypfiles/run_torque.target.mk:13: warning: overriding commands for target `/Users/ziangwang/Sources/vibeos/target/node-runtime/source/node-v24.14.0/out/Release/obj/gen/torque-generated/src/builtins/set-is-subset-of-tq.inc'
tools/v8_gypfiles/run_torque.host.mk:13: warning: ignoring old commands for target `/Users/ziangwang/Sources/vibeos/target/node-runtime/source/node-v24.14.0/out/Release/obj/gen/torque-generated/src/builtins/set-is-subset-of-tq.inc'
tools/v8_gypfiles/run_torque.target.mk:13: warning: overriding commands for target `/Users/ziangwang/Sources/vibeos/target/node-runtime/source/node-v24.14.0/out/Release/obj/gen/torque-generated/src/builtins/set-is-superset-of-tq.inc'
tools/v8_gypfiles/run_torque.host.mk:13: warning: ignoring old commands for target `/Users/ziangwang/Sources/vibeos/target/node-runtime/source/node-v24.14.0/out/Release/obj/gen/torque-generated/src/builtins/set-is-superset-of-tq.inc'
tools/v8_gypfiles/run_torque.target.mk:13: warning: overriding commands for target `/Users/ziangwang/Sources/vibeos/target/node-runtime/source/node-v24.14.0/out/Release/obj/gen/torque-generated/src/builtins/set-symmetric-difference-tq.inc'
tools/v8_gypfiles/run_torque.host.mk:13: warning: ignoring old commands for target `/Users/ziangwang/Sources/vibeos/target/node-runtime/source/node-v24.14.0/out/Release/obj/gen/torque-generated/src/builtins/set-symmetric-difference-tq.inc'
tools/v8_gypfiles/run_torque.target.mk:13: warning: overriding commands for target `/Users/ziangwang/Sources/vibeos/target/node-runtime/source/node-v24.14.0/out/Release/obj/gen/torque-generated/src/builtins/set-union-tq.inc'
tools/v8_gypfiles/run_torque.host.mk:13: warning: ignoring old commands for target `/Users/ziangwang/Sources/vibeos/target/node-runtime/source/node-v24.14.0/out/Release/obj/gen/torque-generated/src/builtins/set-union-tq.inc'
tools/v8_gypfiles/run_torque.target.mk:13: warning: overriding commands for target `/Users/ziangwang/Sources/vibeos/target/node-runtime/source/node-v24.14.0/out/Release/obj/gen/torque-generated/src/builtins/string-at-tq.inc'
tools/v8_gypfiles/run_torque.host.mk:13: warning: ignoring old commands for target `/Users/ziangwang/Sources/vibeos/target/node-runtime/source/node-v24.14.0/out/Release/obj/gen/torque-generated/src/builtins/string-at-tq.inc'
tools/v8_gypfiles/run_torque.target.mk:13: warning: overriding commands for target `/Users/ziangwang/Sources/vibeos/target/node-runtime/source/node-v24.14.0/out/Release/obj/gen/torque-generated/src/builtins/string-endswith-tq.inc'
tools/v8_gypfiles/run_torque.host.mk:13: warning: ignoring old commands for target `/Users/ziangwang/Sources/vibeos/target/node-runtime/source/node-v24.14.0/out/Release/obj/gen/torque-generated/src/builtins/string-endswith-tq.inc'
tools/v8_gypfiles/run_torque.target.mk:13: warning: overriding commands for target `/Users/ziangwang/Sources/vibeos/target/node-runtime/source/node-v24.14.0/out/Release/obj/gen/torque-generated/src/builtins/string-html-tq.inc'
tools/v8_gypfiles/run_torque.host.mk:13: warning: ignoring old commands for target `/Users/ziangwang/Sources/vibeos/target/node-runtime/source/node-v24.14.0/out/Release/obj/gen/torque-generated/src/builtins/string-html-tq.inc'
tools/v8_gypfiles/run_torque.target.mk:13: warning: overriding commands for target `/Users/ziangwang/Sources/vibeos/target/node-runtime/source/node-v24.14.0/out/Release/obj/gen/torque-generated/src/builtins/string-includes-tq.inc'
tools/v8_gypfiles/run_torque.host.mk:13: warning: ignoring old commands for target `/Users/ziangwang/Sources/vibeos/target/node-runtime/source/node-v24.14.0/out/Release/obj/gen/torque-generated/src/builtins/string-includes-tq.inc'
tools/v8_gypfiles/run_torque.target.mk:13: warning: overriding commands for target `/Users/ziangwang/Sources/vibeos/target/node-runtime/source/node-v24.14.0/out/Release/obj/gen/torque-generated/src/builtins/string-indexof-tq.inc'
tools/v8_gypfiles/run_torque.host.mk:13: warning: ignoring old commands for target `/Users/ziangwang/Sources/vibeos/target/node-runtime/source/node-v24.14.0/out/Release/obj/gen/torque-generated/src/builtins/string-indexof-tq.inc'
tools/v8_gypfiles/run_torque.target.mk:13: warning: overriding commands for target `/Users/ziangwang/Sources/vibeos/target/node-runtime/source/node-v24.14.0/out/Release/obj/gen/torque-generated/src/builtins/string-iswellformed-tq.inc'
tools/v8_gypfiles/run_torque.host.mk:13: warning: ignoring old commands for target `/Users/ziangwang/Sources/vibeos/target/node-runtime/source/node-v24.14.0/out/Release/obj/gen/torque-generated/src/builtins/string-iswellformed-tq.inc'
tools/v8_gypfiles/run_torque.target.mk:13: warning: overriding commands for target `/Users/ziangwang/Sources/vibeos/target/node-runtime/source/node-v24.14.0/out/Release/obj/gen/torque-generated/src/builtins/string-iterator-tq.inc'
tools/v8_gypfiles/run_torque.host.mk:13: warning: ignoring old commands for target `/Users/ziangwang/Sources/vibeos/target/node-runtime/source/node-v24.14.0/out/Release/obj/gen/torque-generated/src/builtins/string-iterator-tq.inc'
tools/v8_gypfiles/run_torque.target.mk:13: warning: overriding commands for target `/Users/ziangwang/Sources/vibeos/target/node-runtime/source/node-v24.14.0/out/Release/obj/gen/torque-generated/src/builtins/string-match-search-tq.inc'
tools/v8_gypfiles/run_torque.host.mk:13: warning: ignoring old commands for target `/Users/ziangwang/Sources/vibeos/target/node-runtime/source/node-v24.14.0/out/Release/obj/gen/torque-generated/src/builtins/string-match-search-tq.inc'
tools/v8_gypfiles/run_torque.target.mk:13: warning: overriding commands for target `/Users/ziangwang/Sources/vibeos/target/node-runtime/source/node-v24.14.0/out/Release/obj/gen/torque-generated/src/builtins/string-pad-tq.inc'
tools/v8_gypfiles/run_torque.host.mk:13: warning: ignoring old commands for target `/Users/ziangwang/Sources/vibeos/target/node-runtime/source/node-v24.14.0/out/Release/obj/gen/torque-generated/src/builtins/string-pad-tq.inc'
tools/v8_gypfiles/run_torque.target.mk:13: warning: overriding commands for target `/Users/ziangwang/Sources/vibeos/target/node-runtime/source/node-v24.14.0/out/Release/obj/gen/torque-generated/src/builtins/string-repeat-tq.inc'
tools/v8_gypfiles/run_torque.host.mk:13: warning: ignoring old commands for target `/Users/ziangwang/Sources/vibeos/target/node-runtime/source/node-v24.14.0/out/Release/obj/gen/torque-generated/src/builtins/string-repeat-tq.inc'
tools/v8_gypfiles/run_torque.target.mk:13: warning: overriding commands for target `/Users/ziangwang/Sources/vibeos/target/node-runtime/source/node-v24.14.0/out/Release/obj/gen/torque-generated/src/builtins/string-replaceall-tq.inc'
tools/v8_gypfiles/run_torque.host.mk:13: warning: ignoring old commands for target `/Users/ziangwang/Sources/vibeos/target/node-runtime/source/node-v24.14.0/out/Release/obj/gen/torque-generated/src/builtins/string-replaceall-tq.inc'
tools/v8_gypfiles/run_torque.target.mk:13: warning: overriding commands for target `/Users/ziangwang/Sources/vibeos/target/node-runtime/source/node-v24.14.0/out/Release/obj/gen/torque-generated/src/builtins/string-slice-tq.inc'
tools/v8_gypfiles/run_torque.host.mk:13: warning: ignoring old commands for target `/Users/ziangwang/Sources/vibeos/target/node-runtime/source/node-v24.14.0/out/Release/obj/gen/torque-generated/src/builtins/string-slice-tq.inc'
tools/v8_gypfiles/run_torque.target.mk:13: warning: overriding commands for target `/Users/ziangwang/Sources/vibeos/target/node-runtime/source/node-v24.14.0/out/Release/obj/gen/torque-generated/src/builtins/string-startswith-tq.inc'
tools/v8_gypfiles/run_torque.host.mk:13: warning: ignoring old commands for target `/Users/ziangwang/Sources/vibeos/target/node-runtime/source/node-v24.14.0/out/Release/obj/gen/torque-generated/src/builtins/string-startswith-tq.inc'
tools/v8_gypfiles/run_torque.target.mk:13: warning: overriding commands for target `/Users/ziangwang/Sources/vibeos/target/node-runtime/source/node-v24.14.0/out/Release/obj/gen/torque-generated/src/builtins/string-substr-tq.inc'
tools/v8_gypfiles/run_torque.host.mk:13: warning: ignoring old commands for target `/Users/ziangwang/Sources/vibeos/target/node-runtime/source/node-v24.14.0/out/Release/obj/gen/torque-generated/src/builtins/string-substr-tq.inc'
tools/v8_gypfiles/run_torque.target.mk:13: warning: overriding commands for target `/Users/ziangwang/Sources/vibeos/target/node-runtime/source/node-v24.14.0/out/Release/obj/gen/torque-generated/src/builtins/string-substring-tq.inc'
tools/v8_gypfiles/run_torque.host.mk:13: warning: ignoring old commands for target `/Users/ziangwang/Sources/vibeos/target/node-runtime/source/node-v24.14.0/out/Release/obj/gen/torque-generated/src/builtins/string-substring-tq.inc'
tools/v8_gypfiles/run_torque.target.mk:13: warning: overriding commands for target `/Users/ziangwang/Sources/vibeos/target/node-runtime/source/node-v24.14.0/out/Release/obj/gen/torque-generated/src/builtins/string-towellformed-tq.inc'
tools/v8_gypfiles/run_torque.host.mk:13: warning: ignoring old commands for target `/Users/ziangwang/Sources/vibeos/target/node-runtime/source/node-v24.14.0/out/Release/obj/gen/torque-generated/src/builtins/string-towellformed-tq.inc'
tools/v8_gypfiles/run_torque.target.mk:13: warning: overriding commands for target `/Users/ziangwang/Sources/vibeos/target/node-runtime/source/node-v24.14.0/out/Release/obj/gen/torque-generated/src/builtins/string-trim-tq.inc'
tools/v8_gypfiles/run_torque.host.mk:13: warning: ignoring old commands for target `/Users/ziangwang/Sources/vibeos/target/node-runtime/source/node-v24.14.0/out/Release/obj/gen/torque-generated/src/builtins/string-trim-tq.inc'
tools/v8_gypfiles/run_torque.target.mk:13: warning: overriding commands for target `/Users/ziangwang/Sources/vibeos/target/node-runtime/source/node-v24.14.0/out/Release/obj/gen/torque-generated/src/builtins/suppressed-error-tq.inc'
tools/v8_gypfiles/run_torque.host.mk:13: warning: ignoring old commands for target `/Users/ziangwang/Sources/vibeos/target/node-runtime/source/node-v24.14.0/out/Release/obj/gen/torque-generated/src/builtins/suppressed-error-tq.inc'
tools/v8_gypfiles/run_torque.target.mk:13: warning: overriding commands for target `/Users/ziangwang/Sources/vibeos/target/node-runtime/source/node-v24.14.0/out/Release/obj/gen/torque-generated/src/builtins/symbol-tq.inc'
tools/v8_gypfiles/run_torque.host.mk:13: warning: ignoring old commands for target `/Users/ziangwang/Sources/vibeos/target/node-runtime/source/node-v24.14.0/out/Release/obj/gen/torque-generated/src/builtins/symbol-tq.inc'
tools/v8_gypfiles/run_torque.target.mk:13: warning: overriding commands for target `/Users/ziangwang/Sources/vibeos/target/node-runtime/source/node-v24.14.0/out/Release/obj/gen/torque-generated/src/builtins/torque-internal-tq.inc'
tools/v8_gypfiles/run_torque.host.mk:13: warning: ignoring old commands for target `/Users/ziangwang/Sources/vibeos/target/node-runtime/source/node-v24.14.0/out/Release/obj/gen/torque-generated/src/builtins/torque-internal-tq.inc'
tools/v8_gypfiles/run_torque.target.mk:13: warning: overriding commands for target `/Users/ziangwang/Sources/vibeos/target/node-runtime/source/node-v24.14.0/out/Release/obj/gen/torque-generated/src/builtins/typed-array-at-tq.inc'
tools/v8_gypfiles/run_torque.host.mk:13: warning: ignoring old commands for target `/Users/ziangwang/Sources/vibeos/target/node-runtime/source/node-v24.14.0/out/Release/obj/gen/torque-generated/src/builtins/typed-array-at-tq.inc'
tools/v8_gypfiles/run_torque.target.mk:13: warning: overriding commands for target `/Users/ziangwang/Sources/vibeos/target/node-runtime/source/node-v24.14.0/out/Release/obj/gen/torque-generated/src/builtins/typed-array-createtypedarray-tq.inc'
tools/v8_gypfiles/run_torque.host.mk:13: warning: ignoring old commands for target `/Users/ziangwang/Sources/vibeos/target/node-runtime/source/node-v24.14.0/out/Release/obj/gen/torque-generated/src/builtins/typed-array-createtypedarray-tq.inc'
tools/v8_gypfiles/run_torque.target.mk:13: warning: overriding commands for target `/Users/ziangwang/Sources/vibeos/target/node-runtime/source/node-v24.14.0/out/Release/obj/gen/torque-generated/src/builtins/typed-array-every-tq.inc'
tools/v8_gypfiles/run_torque.host.mk:13: warning: ignoring old commands for target `/Users/ziangwang/Sources/vibeos/target/node-runtime/source/node-v24.14.0/out/Release/obj/gen/torque-generated/src/builtins/typed-array-every-tq.inc'
tools/v8_gypfiles/run_torque.target.mk:13: warning: overriding commands for target `/Users/ziangwang/Sources/vibeos/target/node-runtime/source/node-v24.14.0/out/Release/obj/gen/torque-generated/src/builtins/typed-array-entries-tq.inc'
tools/v8_gypfiles/run_torque.host.mk:13: warning: ignoring old commands for target `/Users/ziangwang/Sources/vibeos/target/node-runtime/source/node-v24.14.0/out/Release/obj/gen/torque-generated/src/builtins/typed-array-entries-tq.inc'
tools/v8_gypfiles/run_torque.target.mk:13: warning: overriding commands for target `/Users/ziangwang/Sources/vibeos/target/node-runtime/source/node-v24.14.0/out/Release/obj/gen/torque-generated/src/builtins/typed-array-filter-tq.inc'
tools/v8_gypfiles/run_torque.host.mk:13: warning: ignoring old commands for target `/Users/ziangwang/Sources/vibeos/target/node-runtime/source/node-v24.14.0/out/Release/obj/gen/torque-generated/src/builtins/typed-array-filter-tq.inc'
tools/v8_gypfiles/run_torque.target.mk:13: warning: overriding commands for target `/Users/ziangwang/Sources/vibeos/target/node-runtime/source/node-v24.14.0/out/Release/obj/gen/torque-generated/src/builtins/typed-array-find-tq.inc'
tools/v8_gypfiles/run_torque.host.mk:13: warning: ignoring old commands for target `/Users/ziangwang/Sources/vibeos/target/node-runtime/source/node-v24.14.0/out/Release/obj/gen/torque-generated/src/builtins/typed-array-find-tq.inc'
tools/v8_gypfiles/run_torque.target.mk:13: warning: overriding commands for target `/Users/ziangwang/Sources/vibeos/target/node-runtime/source/node-v24.14.0/out/Release/obj/gen/torque-generated/src/builtins/typed-array-findindex-tq.inc'
tools/v8_gypfiles/run_torque.host.mk:13: warning: ignoring old commands for target `/Users/ziangwang/Sources/vibeos/target/node-runtime/source/node-v24.14.0/out/Release/obj/gen/torque-generated/src/builtins/typed-array-findindex-tq.inc'
tools/v8_gypfiles/run_torque.target.mk:13: warning: overriding commands for target `/Users/ziangwang/Sources/vibeos/target/node-runtime/source/node-v24.14.0/out/Release/obj/gen/torque-generated/src/builtins/typed-array-findlast-tq.inc'
tools/v8_gypfiles/run_torque.host.mk:13: warning: ignoring old commands for target `/Users/ziangwang/Sources/vibeos/target/node-runtime/source/node-v24.14.0/out/Release/obj/gen/torque-generated/src/builtins/typed-array-findlast-tq.inc'
tools/v8_gypfiles/run_torque.target.mk:13: warning: overriding commands for target `/Users/ziangwang/Sources/vibeos/target/node-runtime/source/node-v24.14.0/out/Release/obj/gen/torque-generated/src/builtins/typed-array-findlastindex-tq.inc'
tools/v8_gypfiles/run_torque.host.mk:13: warning: ignoring old commands for target `/Users/ziangwang/Sources/vibeos/target/node-runtime/source/node-v24.14.0/out/Release/obj/gen/torque-generated/src/builtins/typed-array-findlastindex-tq.inc'
tools/v8_gypfiles/run_torque.target.mk:13: warning: overriding commands for target `/Users/ziangwang/Sources/vibeos/target/node-runtime/source/node-v24.14.0/out/Release/obj/gen/torque-generated/src/builtins/typed-array-foreach-tq.inc'
tools/v8_gypfiles/run_torque.host.mk:13: warning: ignoring old commands for target `/Users/ziangwang/Sources/vibeos/target/node-runtime/source/node-v24.14.0/out/Release/obj/gen/torque-generated/src/builtins/typed-array-foreach-tq.inc'
tools/v8_gypfiles/run_torque.target.mk:13: warning: overriding commands for target `/Users/ziangwang/Sources/vibeos/target/node-runtime/source/node-v24.14.0/out/Release/obj/gen/torque-generated/src/builtins/typed-array-from-tq.inc'
tools/v8_gypfiles/run_torque.host.mk:13: warning: ignoring old commands for target `/Users/ziangwang/Sources/vibeos/target/node-runtime/source/node-v24.14.0/out/Release/obj/gen/torque-generated/src/builtins/typed-array-from-tq.inc'
tools/v8_gypfiles/run_torque.target.mk:13: warning: overriding commands for target `/Users/ziangwang/Sources/vibeos/target/node-runtime/source/node-v24.14.0/out/Release/obj/gen/torque-generated/src/builtins/typed-array-keys-tq.inc'
tools/v8_gypfiles/run_torque.host.mk:13: warning: ignoring old commands for target `/Users/ziangwang/Sources/vibeos/target/node-runtime/source/node-v24.14.0/out/Release/obj/gen/torque-generated/src/builtins/typed-array-keys-tq.inc'
tools/v8_gypfiles/run_torque.target.mk:13: warning: overriding commands for target `/Users/ziangwang/Sources/vibeos/target/node-runtime/source/node-v24.14.0/out/Release/obj/gen/torque-generated/src/builtins/typed-array-of-tq.inc'
tools/v8_gypfiles/run_torque.host.mk:13: warning: ignoring old commands for target `/Users/ziangwang/Sources/vibeos/target/node-runtime/source/node-v24.14.0/out/Release/obj/gen/torque-generated/src/builtins/typed-array-of-tq.inc'
tools/v8_gypfiles/run_torque.target.mk:13: warning: overriding commands for target `/Users/ziangwang/Sources/vibeos/target/node-runtime/source/node-v24.14.0/out/Release/obj/gen/torque-generated/src/builtins/typed-array-reduce-tq.inc'
tools/v8_gypfiles/run_torque.host.mk:13: warning: ignoring old commands for target `/Users/ziangwang/Sources/vibeos/target/node-runtime/source/node-v24.14.0/out/Release/obj/gen/torque-generated/src/builtins/typed-array-reduce-tq.inc'
tools/v8_gypfiles/run_torque.target.mk:13: warning: overriding commands for target `/Users/ziangwang/Sources/vibeos/target/node-runtime/source/node-v24.14.0/out/Release/obj/gen/torque-generated/src/builtins/typed-array-reduceright-tq.inc'
tools/v8_gypfiles/run_torque.host.mk:13: warning: ignoring old commands for target `/Users/ziangwang/Sources/vibeos/target/node-runtime/source/node-v24.14.0/out/Release/obj/gen/torque-generated/src/builtins/typed-array-reduceright-tq.inc'
tools/v8_gypfiles/run_torque.target.mk:13: warning: overriding commands for target `/Users/ziangwang/Sources/vibeos/target/node-runtime/source/node-v24.14.0/out/Release/obj/gen/torque-generated/src/builtins/typed-array-set-tq.inc'
tools/v8_gypfiles/run_torque.host.mk:13: warning: ignoring old commands for target `/Users/ziangwang/Sources/vibeos/target/node-runtime/source/node-v24.14.0/out/Release/obj/gen/torque-generated/src/builtins/typed-array-set-tq.inc'
tools/v8_gypfiles/run_torque.target.mk:13: warning: overriding commands for target `/Users/ziangwang/Sources/vibeos/target/node-runtime/source/node-v24.14.0/out/Release/obj/gen/torque-generated/src/builtins/typed-array-slice-tq.inc'
tools/v8_gypfiles/run_torque.host.mk:13: warning: ignoring old commands for target `/Users/ziangwang/Sources/vibeos/target/node-runtime/source/node-v24.14.0/out/Release/obj/gen/torque-generated/src/builtins/typed-array-slice-tq.inc'
tools/v8_gypfiles/run_torque.target.mk:13: warning: overriding commands for target `/Users/ziangwang/Sources/vibeos/target/node-runtime/source/node-v24.14.0/out/Release/obj/gen/torque-generated/src/builtins/typed-array-some-tq.inc'
tools/v8_gypfiles/run_torque.host.mk:13: warning: ignoring old commands for target `/Users/ziangwang/Sources/vibeos/target/node-runtime/source/node-v24.14.0/out/Release/obj/gen/torque-generated/src/builtins/typed-array-some-tq.inc'
tools/v8_gypfiles/run_torque.target.mk:13: warning: overriding commands for target `/Users/ziangwang/Sources/vibeos/target/node-runtime/source/node-v24.14.0/out/Release/obj/gen/torque-generated/src/builtins/typed-array-sort-tq.inc'
tools/v8_gypfiles/run_torque.host.mk:13: warning: ignoring old commands for target `/Users/ziangwang/Sources/vibeos/target/node-runtime/source/node-v24.14.0/out/Release/obj/gen/torque-generated/src/builtins/typed-array-sort-tq.inc'
tools/v8_gypfiles/run_torque.target.mk:13: warning: overriding commands for target `/Users/ziangwang/Sources/vibeos/target/node-runtime/source/node-v24.14.0/out/Release/obj/gen/torque-generated/src/builtins/typed-array-subarray-tq.inc'
tools/v8_gypfiles/run_torque.host.mk:13: warning: ignoring old commands for target `/Users/ziangwang/Sources/vibeos/target/node-runtime/source/node-v24.14.0/out/Release/obj/gen/torque-generated/src/builtins/typed-array-subarray-tq.inc'
tools/v8_gypfiles/run_torque.target.mk:13: warning: overriding commands for target `/Users/ziangwang/Sources/vibeos/target/node-runtime/source/node-v24.14.0/out/Release/obj/gen/torque-generated/src/builtins/typed-array-to-reversed-tq.inc'
tools/v8_gypfiles/run_torque.host.mk:13: warning: ignoring old commands for target `/Users/ziangwang/Sources/vibeos/target/node-runtime/source/node-v24.14.0/out/Release/obj/gen/torque-generated/src/builtins/typed-array-to-reversed-tq.inc'
tools/v8_gypfiles/run_torque.target.mk:13: warning: overriding commands for target `/Users/ziangwang/Sources/vibeos/target/node-runtime/source/node-v24.14.0/out/Release/obj/gen/torque-generated/src/builtins/typed-array-to-sorted-tq.inc'
tools/v8_gypfiles/run_torque.host.mk:13: warning: ignoring old commands for target `/Users/ziangwang/Sources/vibeos/target/node-runtime/source/node-v24.14.0/out/Release/obj/gen/torque-generated/src/builtins/typed-array-to-sorted-tq.inc'
tools/v8_gypfiles/run_torque.target.mk:13: warning: overriding commands for target `/Users/ziangwang/Sources/vibeos/target/node-runtime/source/node-v24.14.0/out/Release/obj/gen/torque-generated/src/builtins/typed-array-values-tq.inc'
tools/v8_gypfiles/run_torque.host.mk:13: warning: ignoring old commands for target `/Users/ziangwang/Sources/vibeos/target/node-runtime/source/node-v24.14.0/out/Release/obj/gen/torque-generated/src/builtins/typed-array-values-tq.inc'
tools/v8_gypfiles/run_torque.target.mk:13: warning: overriding commands for target `/Users/ziangwang/Sources/vibeos/target/node-runtime/source/node-v24.14.0/out/Release/obj/gen/torque-generated/src/builtins/typed-array-with-tq.inc'
tools/v8_gypfiles/run_torque.host.mk:13: warning: ignoring old commands for target `/Users/ziangwang/Sources/vibeos/target/node-runtime/source/node-v24.14.0/out/Release/obj/gen/torque-generated/src/builtins/typed-array-with-tq.inc'
tools/v8_gypfiles/run_torque.target.mk:13: warning: overriding commands for target `/Users/ziangwang/Sources/vibeos/target/node-runtime/source/node-v24.14.0/out/Release/obj/gen/torque-generated/src/builtins/typed-array-tq.inc'
tools/v8_gypfiles/run_torque.host.mk:13: warning: ignoring old commands for target `/Users/ziangwang/Sources/vibeos/target/node-runtime/source/node-v24.14.0/out/Release/obj/gen/torque-generated/src/builtins/typed-array-tq.inc'
tools/v8_gypfiles/run_torque.target.mk:13: warning: overriding commands for target `/Users/ziangwang/Sources/vibeos/target/node-runtime/source/node-v24.14.0/out/Release/obj/gen/torque-generated/src/builtins/weak-ref-tq.inc'
tools/v8_gypfiles/run_torque.host.mk:13: warning: ignoring old commands for target `/Users/ziangwang/Sources/vibeos/target/node-runtime/source/node-v24.14.0/out/Release/obj/gen/torque-generated/src/builtins/weak-ref-tq.inc'
tools/v8_gypfiles/run_torque.target.mk:13: warning: overriding commands for target `/Users/ziangwang/Sources/vibeos/target/node-runtime/source/node-v24.14.0/out/Release/obj/gen/torque-generated/src/ic/handler-configuration-tq.inc'
tools/v8_gypfiles/run_torque.host.mk:13: warning: ignoring old commands for target `/Users/ziangwang/Sources/vibeos/target/node-runtime/source/node-v24.14.0/out/Release/obj/gen/torque-generated/src/ic/handler-configuration-tq.inc'
tools/v8_gypfiles/run_torque.target.mk:13: warning: overriding commands for target `/Users/ziangwang/Sources/vibeos/target/node-runtime/source/node-v24.14.0/out/Release/obj/gen/torque-generated/src/objects/allocation-site-tq.inc'
tools/v8_gypfiles/run_torque.host.mk:13: warning: ignoring old commands for target `/Users/ziangwang/Sources/vibeos/target/node-runtime/source/node-v24.14.0/out/Release/obj/gen/torque-generated/src/objects/allocation-site-tq.inc'
tools/v8_gypfiles/run_torque.target.mk:13: warning: overriding commands for target `/Users/ziangwang/Sources/vibeos/target/node-runtime/source/node-v24.14.0/out/Release/obj/gen/torque-generated/src/objects/api-callbacks-tq.inc'
tools/v8_gypfiles/run_torque.host.mk:13: warning: ignoring old commands for target `/Users/ziangwang/Sources/vibeos/target/node-runtime/source/node-v24.14.0/out/Release/obj/gen/torque-generated/src/objects/api-callbacks-tq.inc'
tools/v8_gypfiles/run_torque.target.mk:13: warning: overriding commands for target `/Users/ziangwang/Sources/vibeos/target/node-runtime/source/node-v24.14.0/out/Release/obj/gen/torque-generated/src/objects/arguments-tq.inc'
tools/v8_gypfiles/run_torque.host.mk:13: warning: ignoring old commands for target `/Users/ziangwang/Sources/vibeos/target/node-runtime/source/node-v24.14.0/out/Release/obj/gen/torque-generated/src/objects/arguments-tq.inc'
tools/v8_gypfiles/run_torque.target.mk:13: warning: overriding commands for target `/Users/ziangwang/Sources/vibeos/target/node-runtime/source/node-v24.14.0/out/Release/obj/gen/torque-generated/src/objects/bigint-tq.inc'
tools/v8_gypfiles/run_torque.host.mk:13: warning: ignoring old commands for target `/Users/ziangwang/Sources/vibeos/target/node-runtime/source/node-v24.14.0/out/Release/obj/gen/torque-generated/src/objects/bigint-tq.inc'
tools/v8_gypfiles/run_torque.target.mk:13: warning: overriding commands for target `/Users/ziangwang/Sources/vibeos/target/node-runtime/source/node-v24.14.0/out/Release/obj/gen/torque-generated/src/objects/call-site-info-tq.inc'
tools/v8_gypfiles/run_torque.host.mk:13: warning: ignoring old commands for target `/Users/ziangwang/Sources/vibeos/target/node-runtime/source/node-v24.14.0/out/Release/obj/gen/torque-generated/src/objects/call-site-info-tq.inc'
tools/v8_gypfiles/run_torque.target.mk:13: warning: overriding commands for target `/Users/ziangwang/Sources/vibeos/target/node-runtime/source/node-v24.14.0/out/Release/obj/gen/torque-generated/src/objects/cell-tq.inc'
tools/v8_gypfiles/run_torque.host.mk:13: warning: ignoring old commands for target `/Users/ziangwang/Sources/vibeos/target/node-runtime/source/node-v24.14.0/out/Release/obj/gen/torque-generated/src/objects/cell-tq.inc'
tools/v8_gypfiles/run_torque.target.mk:13: warning: overriding commands for target `/Users/ziangwang/Sources/vibeos/target/node-runtime/source/node-v24.14.0/out/Release/obj/gen/torque-generated/src/objects/bytecode-array-tq.inc'
tools/v8_gypfiles/run_torque.host.mk:13: warning: ignoring old commands for target `/Users/ziangwang/Sources/vibeos/target/node-runtime/source/node-v24.14.0/out/Release/obj/gen/torque-generated/src/objects/bytecode-array-tq.inc'
tools/v8_gypfiles/run_torque.target.mk:13: warning: overriding commands for target `/Users/ziangwang/Sources/vibeos/target/node-runtime/source/node-v24.14.0/out/Release/obj/gen/torque-generated/src/objects/contexts-tq.inc'
tools/v8_gypfiles/run_torque.host.mk:13: warning: ignoring old commands for target `/Users/ziangwang/Sources/vibeos/target/node-runtime/source/node-v24.14.0/out/Release/obj/gen/torque-generated/src/objects/contexts-tq.inc'
tools/v8_gypfiles/run_torque.target.mk:13: warning: overriding commands for target `/Users/ziangwang/Sources/vibeos/target/node-runtime/source/node-v24.14.0/out/Release/obj/gen/torque-generated/src/objects/data-handler-tq.inc'
tools/v8_gypfiles/run_torque.host.mk:13: warning: ignoring old commands for target `/Users/ziangwang/Sources/vibeos/target/node-runtime/source/node-v24.14.0/out/Release/obj/gen/torque-generated/src/objects/data-handler-tq.inc'
tools/v8_gypfiles/run_torque.target.mk:13: warning: overriding commands for target `/Users/ziangwang/Sources/vibeos/target/node-runtime/source/node-v24.14.0/out/Release/obj/gen/torque-generated/src/objects/debug-objects-tq.inc'
tools/v8_gypfiles/run_torque.host.mk:13: warning: ignoring old commands for target `/Users/ziangwang/Sources/vibeos/target/node-runtime/source/node-v24.14.0/out/Release/obj/gen/torque-generated/src/objects/debug-objects-tq.inc'
tools/v8_gypfiles/run_torque.target.mk:13: warning: overriding commands for target `/Users/ziangwang/Sources/vibeos/target/node-runtime/source/node-v24.14.0/out/Release/obj/gen/torque-generated/src/objects/descriptor-array-tq.inc'
tools/v8_gypfiles/run_torque.host.mk:13: warning: ignoring old commands for target `/Users/ziangwang/Sources/vibeos/target/node-runtime/source/node-v24.14.0/out/Release/obj/gen/torque-generated/src/objects/descriptor-array-tq.inc'
tools/v8_gypfiles/run_torque.target.mk:13: warning: overriding commands for target `/Users/ziangwang/Sources/vibeos/target/node-runtime/source/node-v24.14.0/out/Release/obj/gen/torque-generated/src/objects/embedder-data-array-tq.inc'
tools/v8_gypfiles/run_torque.host.mk:13: warning: ignoring old commands for target `/Users/ziangwang/Sources/vibeos/target/node-runtime/source/node-v24.14.0/out/Release/obj/gen/torque-generated/src/objects/embedder-data-array-tq.inc'
tools/v8_gypfiles/run_torque.target.mk:13: warning: overriding commands for target `/Users/ziangwang/Sources/vibeos/target/node-runtime/source/node-v24.14.0/out/Release/obj/gen/torque-generated/src/objects/feedback-cell-tq.inc'
tools/v8_gypfiles/run_torque.host.mk:13: warning: ignoring old commands for target `/Users/ziangwang/Sources/vibeos/target/node-runtime/source/node-v24.14.0/out/Release/obj/gen/torque-generated/src/objects/feedback-cell-tq.inc'
tools/v8_gypfiles/run_torque.target.mk:13: warning: overriding commands for target `/Users/ziangwang/Sources/vibeos/target/node-runtime/source/node-v24.14.0/out/Release/obj/gen/torque-generated/src/objects/feedback-vector-tq.inc'
tools/v8_gypfiles/run_torque.host.mk:13: warning: ignoring old commands for target `/Users/ziangwang/Sources/vibeos/target/node-runtime/source/node-v24.14.0/out/Release/obj/gen/torque-generated/src/objects/feedback-vector-tq.inc'
tools/v8_gypfiles/run_torque.target.mk:13: warning: overriding commands for target `/Users/ziangwang/Sources/vibeos/target/node-runtime/source/node-v24.14.0/out/Release/obj/gen/torque-generated/src/objects/fixed-array-tq.inc'
tools/v8_gypfiles/run_torque.host.mk:13: warning: ignoring old commands for target `/Users/ziangwang/Sources/vibeos/target/node-runtime/source/node-v24.14.0/out/Release/obj/gen/torque-generated/src/objects/fixed-array-tq.inc'
tools/v8_gypfiles/run_torque.target.mk:13: warning: overriding commands for target `/Users/ziangwang/Sources/vibeos/target/node-runtime/source/node-v24.14.0/out/Release/obj/gen/torque-generated/src/objects/foreign-tq.inc'
tools/v8_gypfiles/run_torque.host.mk:13: warning: ignoring old commands for target `/Users/ziangwang/Sources/vibeos/target/node-runtime/source/node-v24.14.0/out/Release/obj/gen/torque-generated/src/objects/foreign-tq.inc'
tools/v8_gypfiles/run_torque.target.mk:13: warning: overriding commands for target `/Users/ziangwang/Sources/vibeos/target/node-runtime/source/node-v24.14.0/out/Release/obj/gen/torque-generated/src/objects/free-space-tq.inc'
tools/v8_gypfiles/run_torque.host.mk:13: warning: ignoring old commands for target `/Users/ziangwang/Sources/vibeos/target/node-runtime/source/node-v24.14.0/out/Release/obj/gen/torque-generated/src/objects/free-space-tq.inc'
tools/v8_gypfiles/run_torque.target.mk:13: warning: overriding commands for target `/Users/ziangwang/Sources/vibeos/target/node-runtime/source/node-v24.14.0/out/Release/obj/gen/torque-generated/src/objects/heap-number-tq.inc'
tools/v8_gypfiles/run_torque.host.mk:13: warning: ignoring old commands for target `/Users/ziangwang/Sources/vibeos/target/node-runtime/source/node-v24.14.0/out/Release/obj/gen/torque-generated/src/objects/heap-number-tq.inc'
tools/v8_gypfiles/run_torque.target.mk:13: warning: overriding commands for target `/Users/ziangwang/Sources/vibeos/target/node-runtime/source/node-v24.14.0/out/Release/obj/gen/torque-generated/src/objects/heap-object-tq.inc'
tools/v8_gypfiles/run_torque.host.mk:13: warning: ignoring old commands for target `/Users/ziangwang/Sources/vibeos/target/node-runtime/source/node-v24.14.0/out/Release/obj/gen/torque-generated/src/objects/heap-object-tq.inc'
tools/v8_gypfiles/run_torque.target.mk:13: warning: overriding commands for target `/Users/ziangwang/Sources/vibeos/target/node-runtime/source/node-v24.14.0/out/Release/obj/gen/torque-generated/src/objects/js-array-buffer-tq.inc'
tools/v8_gypfiles/run_torque.host.mk:13: warning: ignoring old commands for target `/Users/ziangwang/Sources/vibeos/target/node-runtime/source/node-v24.14.0/out/Release/obj/gen/torque-generated/src/objects/js-array-buffer-tq.inc'
tools/v8_gypfiles/run_torque.target.mk:13: warning: overriding commands for target `/Users/ziangwang/Sources/vibeos/target/node-runtime/source/node-v24.14.0/out/Release/obj/gen/torque-generated/src/objects/js-array-tq.inc'
tools/v8_gypfiles/run_torque.host.mk:13: warning: ignoring old commands for target `/Users/ziangwang/Sources/vibeos/target/node-runtime/source/node-v24.14.0/out/Release/obj/gen/torque-generated/src/objects/js-array-tq.inc'
tools/v8_gypfiles/run_torque.target.mk:13: warning: overriding commands for target `/Users/ziangwang/Sources/vibeos/target/node-runtime/source/node-v24.14.0/out/Release/obj/gen/torque-generated/src/objects/js-atomics-synchronization-tq.inc'
tools/v8_gypfiles/run_torque.host.mk:13: warning: ignoring old commands for target `/Users/ziangwang/Sources/vibeos/target/node-runtime/source/node-v24.14.0/out/Release/obj/gen/torque-generated/src/objects/js-atomics-synchronization-tq.inc'
tools/v8_gypfiles/run_torque.target.mk:13: warning: overriding commands for target `/Users/ziangwang/Sources/vibeos/target/node-runtime/source/node-v24.14.0/out/Release/obj/gen/torque-generated/src/objects/js-collection-iterator-tq.inc'
tools/v8_gypfiles/run_torque.host.mk:13: warning: ignoring old commands for target `/Users/ziangwang/Sources/vibeos/target/node-runtime/source/node-v24.14.0/out/Release/obj/gen/torque-generated/src/objects/js-collection-iterator-tq.inc'
tools/v8_gypfiles/run_torque.target.mk:13: warning: overriding commands for target `/Users/ziangwang/Sources/vibeos/target/node-runtime/source/node-v24.14.0/out/Release/obj/gen/torque-generated/src/objects/js-collection-tq.inc'
tools/v8_gypfiles/run_torque.host.mk:13: warning: ignoring old commands for target `/Users/ziangwang/Sources/vibeos/target/node-runtime/source/node-v24.14.0/out/Release/obj/gen/torque-generated/src/objects/js-collection-tq.inc'
tools/v8_gypfiles/run_torque.target.mk:13: warning: overriding commands for target `/Users/ziangwang/Sources/vibeos/target/node-runtime/source/node-v24.14.0/out/Release/obj/gen/torque-generated/src/objects/js-disposable-stack-tq.inc'
tools/v8_gypfiles/run_torque.host.mk:13: warning: ignoring old commands for target `/Users/ziangwang/Sources/vibeos/target/node-runtime/source/node-v24.14.0/out/Release/obj/gen/torque-generated/src/objects/js-disposable-stack-tq.inc'
tools/v8_gypfiles/run_torque.target.mk:13: warning: overriding commands for target `/Users/ziangwang/Sources/vibeos/target/node-runtime/source/node-v24.14.0/out/Release/obj/gen/torque-generated/src/objects/js-function-tq.inc'
tools/v8_gypfiles/run_torque.host.mk:13: warning: ignoring old commands for target `/Users/ziangwang/Sources/vibeos/target/node-runtime/source/node-v24.14.0/out/Release/obj/gen/torque-generated/src/objects/js-function-tq.inc'
tools/v8_gypfiles/run_torque.target.mk:13: warning: overriding commands for target `/Users/ziangwang/Sources/vibeos/target/node-runtime/source/node-v24.14.0/out/Release/obj/gen/torque-generated/src/objects/js-generator-tq.inc'
tools/v8_gypfiles/run_torque.host.mk:13: warning: ignoring old commands for target `/Users/ziangwang/Sources/vibeos/target/node-runtime/source/node-v24.14.0/out/Release/obj/gen/torque-generated/src/objects/js-generator-tq.inc'
tools/v8_gypfiles/run_torque.target.mk:13: warning: overriding commands for target `/Users/ziangwang/Sources/vibeos/target/node-runtime/source/node-v24.14.0/out/Release/obj/gen/torque-generated/src/objects/js-iterator-helpers-tq.inc'
tools/v8_gypfiles/run_torque.host.mk:13: warning: ignoring old commands for target `/Users/ziangwang/Sources/vibeos/target/node-runtime/source/node-v24.14.0/out/Release/obj/gen/torque-generated/src/objects/js-iterator-helpers-tq.inc'
tools/v8_gypfiles/run_torque.target.mk:13: warning: overriding commands for target `/Users/ziangwang/Sources/vibeos/target/node-runtime/source/node-v24.14.0/out/Release/obj/gen/torque-generated/src/objects/js-objects-tq.inc'
tools/v8_gypfiles/run_torque.host.mk:13: warning: ignoring old commands for target `/Users/ziangwang/Sources/vibeos/target/node-runtime/source/node-v24.14.0/out/Release/obj/gen/torque-generated/src/objects/js-objects-tq.inc'
tools/v8_gypfiles/run_torque.target.mk:13: warning: overriding commands for target `/Users/ziangwang/Sources/vibeos/target/node-runtime/source/node-v24.14.0/out/Release/obj/gen/torque-generated/src/objects/js-promise-tq.inc'
tools/v8_gypfiles/run_torque.host.mk:13: warning: ignoring old commands for target `/Users/ziangwang/Sources/vibeos/target/node-runtime/source/node-v24.14.0/out/Release/obj/gen/torque-generated/src/objects/js-promise-tq.inc'
tools/v8_gypfiles/run_torque.target.mk:13: warning: overriding commands for target `/Users/ziangwang/Sources/vibeos/target/node-runtime/source/node-v24.14.0/out/Release/obj/gen/torque-generated/src/objects/js-proxy-tq.inc'
tools/v8_gypfiles/run_torque.host.mk:13: warning: ignoring old commands for target `/Users/ziangwang/Sources/vibeos/target/node-runtime/source/node-v24.14.0/out/Release/obj/gen/torque-generated/src/objects/js-proxy-tq.inc'
tools/v8_gypfiles/run_torque.target.mk:13: warning: overriding commands for target `/Users/ziangwang/Sources/vibeos/target/node-runtime/source/node-v24.14.0/out/Release/obj/gen/torque-generated/src/objects/js-raw-json-tq.inc'
tools/v8_gypfiles/run_torque.host.mk:13: warning: ignoring old commands for target `/Users/ziangwang/Sources/vibeos/target/node-runtime/source/node-v24.14.0/out/Release/obj/gen/torque-generated/src/objects/js-raw-json-tq.inc'
tools/v8_gypfiles/run_torque.target.mk:13: warning: overriding commands for target `/Users/ziangwang/Sources/vibeos/target/node-runtime/source/node-v24.14.0/out/Release/obj/gen/torque-generated/src/objects/js-regexp-string-iterator-tq.inc'
tools/v8_gypfiles/run_torque.host.mk:13: warning: ignoring old commands for target `/Users/ziangwang/Sources/vibeos/target/node-runtime/source/node-v24.14.0/out/Release/obj/gen/torque-generated/src/objects/js-regexp-string-iterator-tq.inc'
tools/v8_gypfiles/run_torque.target.mk:13: warning: overriding commands for target `/Users/ziangwang/Sources/vibeos/target/node-runtime/source/node-v24.14.0/out/Release/obj/gen/torque-generated/src/objects/js-regexp-tq.inc'
tools/v8_gypfiles/run_torque.host.mk:13: warning: ignoring old commands for target `/Users/ziangwang/Sources/vibeos/target/node-runtime/source/node-v24.14.0/out/Release/obj/gen/torque-generated/src/objects/js-regexp-tq.inc'
tools/v8_gypfiles/run_torque.target.mk:13: warning: overriding commands for target `/Users/ziangwang/Sources/vibeos/target/node-runtime/source/node-v24.14.0/out/Release/obj/gen/torque-generated/src/objects/js-shadow-realm-tq.inc'
tools/v8_gypfiles/run_torque.host.mk:13: warning: ignoring old commands for target `/Users/ziangwang/Sources/vibeos/target/node-runtime/source/node-v24.14.0/out/Release/obj/gen/torque-generated/src/objects/js-shadow-realm-tq.inc'
tools/v8_gypfiles/run_torque.target.mk:13: warning: overriding commands for target `/Users/ziangwang/Sources/vibeos/target/node-runtime/source/node-v24.14.0/out/Release/obj/gen/torque-generated/src/objects/js-shared-array-tq.inc'
tools/v8_gypfiles/run_torque.host.mk:13: warning: ignoring old commands for target `/Users/ziangwang/Sources/vibeos/target/node-runtime/source/node-v24.14.0/out/Release/obj/gen/torque-generated/src/objects/js-shared-array-tq.inc'
tools/v8_gypfiles/run_torque.target.mk:13: warning: overriding commands for target `/Users/ziangwang/Sources/vibeos/target/node-runtime/source/node-v24.14.0/out/Release/obj/gen/torque-generated/src/objects/js-struct-tq.inc'
tools/v8_gypfiles/run_torque.host.mk:13: warning: ignoring old commands for target `/Users/ziangwang/Sources/vibeos/target/node-runtime/source/node-v24.14.0/out/Release/obj/gen/torque-generated/src/objects/js-struct-tq.inc'
tools/v8_gypfiles/run_torque.target.mk:13: warning: overriding commands for target `/Users/ziangwang/Sources/vibeos/target/node-runtime/source/node-v24.14.0/out/Release/obj/gen/torque-generated/src/objects/js-temporal-objects-tq.inc'
tools/v8_gypfiles/run_torque.host.mk:13: warning: ignoring old commands for target `/Users/ziangwang/Sources/vibeos/target/node-runtime/source/node-v24.14.0/out/Release/obj/gen/torque-generated/src/objects/js-temporal-objects-tq.inc'
tools/v8_gypfiles/run_torque.target.mk:13: warning: overriding commands for target `/Users/ziangwang/Sources/vibeos/target/node-runtime/source/node-v24.14.0/out/Release/obj/gen/torque-generated/src/objects/js-weak-refs-tq.inc'
tools/v8_gypfiles/run_torque.host.mk:13: warning: ignoring old commands for target `/Users/ziangwang/Sources/vibeos/target/node-runtime/source/node-v24.14.0/out/Release/obj/gen/torque-generated/src/objects/js-weak-refs-tq.inc'
tools/v8_gypfiles/run_torque.target.mk:13: warning: overriding commands for target `/Users/ziangwang/Sources/vibeos/target/node-runtime/source/node-v24.14.0/out/Release/obj/gen/torque-generated/src/objects/literal-objects-tq.inc'
tools/v8_gypfiles/run_torque.host.mk:13: warning: ignoring old commands for target `/Users/ziangwang/Sources/vibeos/target/node-runtime/source/node-v24.14.0/out/Release/obj/gen/torque-generated/src/objects/literal-objects-tq.inc'
tools/v8_gypfiles/run_torque.target.mk:13: warning: overriding commands for target `/Users/ziangwang/Sources/vibeos/target/node-runtime/source/node-v24.14.0/out/Release/obj/gen/torque-generated/src/objects/map-tq.inc'
tools/v8_gypfiles/run_torque.host.mk:13: warning: ignoring old commands for target `/Users/ziangwang/Sources/vibeos/target/node-runtime/source/node-v24.14.0/out/Release/obj/gen/torque-generated/src/objects/map-tq.inc'
tools/v8_gypfiles/run_torque.target.mk:13: warning: overriding commands for target `/Users/ziangwang/Sources/vibeos/target/node-runtime/source/node-v24.14.0/out/Release/obj/gen/torque-generated/src/objects/megadom-handler-tq.inc'
tools/v8_gypfiles/run_torque.host.mk:13: warning: ignoring old commands for target `/Users/ziangwang/Sources/vibeos/target/node-runtime/source/node-v24.14.0/out/Release/obj/gen/torque-generated/src/objects/megadom-handler-tq.inc'
tools/v8_gypfiles/run_torque.target.mk:13: warning: overriding commands for target `/Users/ziangwang/Sources/vibeos/target/node-runtime/source/node-v24.14.0/out/Release/obj/gen/torque-generated/src/objects/microtask-tq.inc'
tools/v8_gypfiles/run_torque.host.mk:13: warning: ignoring old commands for target `/Users/ziangwang/Sources/vibeos/target/node-runtime/source/node-v24.14.0/out/Release/obj/gen/torque-generated/src/objects/microtask-tq.inc'
tools/v8_gypfiles/run_torque.target.mk:13: warning: overriding commands for target `/Users/ziangwang/Sources/vibeos/target/node-runtime/source/node-v24.14.0/out/Release/obj/gen/torque-generated/src/objects/module-tq.inc'
tools/v8_gypfiles/run_torque.host.mk:13: warning: ignoring old commands for target `/Users/ziangwang/Sources/vibeos/target/node-runtime/source/node-v24.14.0/out/Release/obj/gen/torque-generated/src/objects/module-tq.inc'
tools/v8_gypfiles/run_torque.target.mk:13: warning: overriding commands for target `/Users/ziangwang/Sources/vibeos/target/node-runtime/source/node-v24.14.0/out/Release/obj/gen/torque-generated/src/objects/name-tq.inc'
tools/v8_gypfiles/run_torque.host.mk:13: warning: ignoring old commands for target `/Users/ziangwang/Sources/vibeos/target/node-runtime/source/node-v24.14.0/out/Release/obj/gen/torque-generated/src/objects/name-tq.inc'
tools/v8_gypfiles/run_torque.target.mk:13: warning: overriding commands for target `/Users/ziangwang/Sources/vibeos/target/node-runtime/source/node-v24.14.0/out/Release/obj/gen/torque-generated/src/objects/oddball-tq.inc'
tools/v8_gypfiles/run_torque.host.mk:13: warning: ignoring old commands for target `/Users/ziangwang/Sources/vibeos/target/node-runtime/source/node-v24.14.0/out/Release/obj/gen/torque-generated/src/objects/oddball-tq.inc'
tools/v8_gypfiles/run_torque.target.mk:13: warning: overriding commands for target `/Users/ziangwang/Sources/vibeos/target/node-runtime/source/node-v24.14.0/out/Release/obj/gen/torque-generated/src/objects/hole-tq.inc'
tools/v8_gypfiles/run_torque.host.mk:13: warning: ignoring old commands for target `/Users/ziangwang/Sources/vibeos/target/node-runtime/source/node-v24.14.0/out/Release/obj/gen/torque-generated/src/objects/hole-tq.inc'
tools/v8_gypfiles/run_torque.target.mk:13: warning: overriding commands for target `/Users/ziangwang/Sources/vibeos/target/node-runtime/source/node-v24.14.0/out/Release/obj/gen/torque-generated/src/objects/trusted-object-tq.inc'
tools/v8_gypfiles/run_torque.host.mk:13: warning: ignoring old commands for target `/Users/ziangwang/Sources/vibeos/target/node-runtime/source/node-v24.14.0/out/Release/obj/gen/torque-generated/src/objects/trusted-object-tq.inc'
tools/v8_gypfiles/run_torque.target.mk:13: warning: overriding commands for target `/Users/ziangwang/Sources/vibeos/target/node-runtime/source/node-v24.14.0/out/Release/obj/gen/torque-generated/src/objects/ordered-hash-table-tq.inc'
tools/v8_gypfiles/run_torque.host.mk:13: warning: ignoring old commands for target `/Users/ziangwang/Sources/vibeos/target/node-runtime/source/node-v24.14.0/out/Release/obj/gen/torque-generated/src/objects/ordered-hash-table-tq.inc'
tools/v8_gypfiles/run_torque.target.mk:13: warning: overriding commands for target `/Users/ziangwang/Sources/vibeos/target/node-runtime/source/node-v24.14.0/out/Release/obj/gen/torque-generated/src/objects/primitive-heap-object-tq.inc'
tools/v8_gypfiles/run_torque.host.mk:13: warning: ignoring old commands for target `/Users/ziangwang/Sources/vibeos/target/node-runtime/source/node-v24.14.0/out/Release/obj/gen/torque-generated/src/objects/primitive-heap-object-tq.inc'
tools/v8_gypfiles/run_torque.target.mk:13: warning: overriding commands for target `/Users/ziangwang/Sources/vibeos/target/node-runtime/source/node-v24.14.0/out/Release/obj/gen/torque-generated/src/objects/promise-tq.inc'
tools/v8_gypfiles/run_torque.host.mk:13: warning: ignoring old commands for target `/Users/ziangwang/Sources/vibeos/target/node-runtime/source/node-v24.14.0/out/Release/obj/gen/torque-generated/src/objects/promise-tq.inc'
tools/v8_gypfiles/run_torque.target.mk:13: warning: overriding commands for target `/Users/ziangwang/Sources/vibeos/target/node-runtime/source/node-v24.14.0/out/Release/obj/gen/torque-generated/src/objects/property-array-tq.inc'
tools/v8_gypfiles/run_torque.host.mk:13: warning: ignoring old commands for target `/Users/ziangwang/Sources/vibeos/target/node-runtime/source/node-v24.14.0/out/Release/obj/gen/torque-generated/src/objects/property-array-tq.inc'
tools/v8_gypfiles/run_torque.target.mk:13: warning: overriding commands for target `/Users/ziangwang/Sources/vibeos/target/node-runtime/source/node-v24.14.0/out/Release/obj/gen/torque-generated/src/objects/property-cell-tq.inc'
tools/v8_gypfiles/run_torque.host.mk:13: warning: ignoring old commands for target `/Users/ziangwang/Sources/vibeos/target/node-runtime/source/node-v24.14.0/out/Release/obj/gen/torque-generated/src/objects/property-cell-tq.inc'
tools/v8_gypfiles/run_torque.target.mk:13: warning: overriding commands for target `/Users/ziangwang/Sources/vibeos/target/node-runtime/source/node-v24.14.0/out/Release/obj/gen/torque-generated/src/objects/property-descriptor-object-tq.inc'
tools/v8_gypfiles/run_torque.host.mk:13: warning: ignoring old commands for target `/Users/ziangwang/Sources/vibeos/target/node-runtime/source/node-v24.14.0/out/Release/obj/gen/torque-generated/src/objects/property-descriptor-object-tq.inc'
tools/v8_gypfiles/run_torque.target.mk:13: warning: overriding commands for target `/Users/ziangwang/Sources/vibeos/target/node-runtime/source/node-v24.14.0/out/Release/obj/gen/torque-generated/src/objects/prototype-info-tq.inc'
tools/v8_gypfiles/run_torque.host.mk:13: warning: ignoring old commands for target `/Users/ziangwang/Sources/vibeos/target/node-runtime/source/node-v24.14.0/out/Release/obj/gen/torque-generated/src/objects/prototype-info-tq.inc'
tools/v8_gypfiles/run_torque.target.mk:13: warning: overriding commands for target `/Users/ziangwang/Sources/vibeos/target/node-runtime/source/node-v24.14.0/out/Release/obj/gen/torque-generated/src/objects/regexp-match-info-tq.inc'
tools/v8_gypfiles/run_torque.host.mk:13: warning: ignoring old commands for target `/Users/ziangwang/Sources/vibeos/target/node-runtime/source/node-v24.14.0/out/Release/obj/gen/torque-generated/src/objects/regexp-match-info-tq.inc'
tools/v8_gypfiles/run_torque.target.mk:13: warning: overriding commands for target `/Users/ziangwang/Sources/vibeos/target/node-runtime/source/node-v24.14.0/out/Release/obj/gen/torque-generated/src/objects/scope-info-tq.inc'
tools/v8_gypfiles/run_torque.host.mk:13: warning: ignoring old commands for target `/Users/ziangwang/Sources/vibeos/target/node-runtime/source/node-v24.14.0/out/Release/obj/gen/torque-generated/src/objects/scope-info-tq.inc'
tools/v8_gypfiles/run_torque.target.mk:13: warning: overriding commands for target `/Users/ziangwang/Sources/vibeos/target/node-runtime/source/node-v24.14.0/out/Release/obj/gen/torque-generated/src/objects/script-tq.inc'
tools/v8_gypfiles/run_torque.host.mk:13: warning: ignoring old commands for target `/Users/ziangwang/Sources/vibeos/target/node-runtime/source/node-v24.14.0/out/Release/obj/gen/torque-generated/src/objects/script-tq.inc'
tools/v8_gypfiles/run_torque.target.mk:13: warning: overriding commands for target `/Users/ziangwang/Sources/vibeos/target/node-runtime/source/node-v24.14.0/out/Release/obj/gen/torque-generated/src/objects/shared-function-info-tq.inc'
tools/v8_gypfiles/run_torque.host.mk:13: warning: ignoring old commands for target `/Users/ziangwang/Sources/vibeos/target/node-runtime/source/node-v24.14.0/out/Release/obj/gen/torque-generated/src/objects/shared-function-info-tq.inc'
tools/v8_gypfiles/run_torque.target.mk:13: warning: overriding commands for target `/Users/ziangwang/Sources/vibeos/target/node-runtime/source/node-v24.14.0/out/Release/obj/gen/torque-generated/src/objects/source-text-module-tq.inc'
tools/v8_gypfiles/run_torque.host.mk:13: warning: ignoring old commands for target `/Users/ziangwang/Sources/vibeos/target/node-runtime/source/node-v24.14.0/out/Release/obj/gen/torque-generated/src/objects/source-text-module-tq.inc'
tools/v8_gypfiles/run_torque.target.mk:13: warning: overriding commands for target `/Users/ziangwang/Sources/vibeos/target/node-runtime/source/node-v24.14.0/out/Release/obj/gen/torque-generated/src/objects/string-tq.inc'
tools/v8_gypfiles/run_torque.host.mk:13: warning: ignoring old commands for target `/Users/ziangwang/Sources/vibeos/target/node-runtime/source/node-v24.14.0/out/Release/obj/gen/torque-generated/src/objects/string-tq.inc'
tools/v8_gypfiles/run_torque.target.mk:13: warning: overriding commands for target `/Users/ziangwang/Sources/vibeos/target/node-runtime/source/node-v24.14.0/out/Release/obj/gen/torque-generated/src/objects/struct-tq.inc'
tools/v8_gypfiles/run_torque.host.mk:13: warning: ignoring old commands for target `/Users/ziangwang/Sources/vibeos/target/node-runtime/source/node-v24.14.0/out/Release/obj/gen/torque-generated/src/objects/struct-tq.inc'
tools/v8_gypfiles/run_torque.target.mk:13: warning: overriding commands for target `/Users/ziangwang/Sources/vibeos/target/node-runtime/source/node-v24.14.0/out/Release/obj/gen/torque-generated/src/objects/swiss-hash-table-helpers-tq.inc'
tools/v8_gypfiles/run_torque.host.mk:13: warning: ignoring old commands for target `/Users/ziangwang/Sources/vibeos/target/node-runtime/source/node-v24.14.0/out/Release/obj/gen/torque-generated/src/objects/swiss-hash-table-helpers-tq.inc'
tools/v8_gypfiles/run_torque.target.mk:13: warning: overriding commands for target `/Users/ziangwang/Sources/vibeos/target/node-runtime/source/node-v24.14.0/out/Release/obj/gen/torque-generated/src/objects/swiss-name-dictionary-tq.inc'
tools/v8_gypfiles/run_torque.host.mk:13: warning: ignoring old commands for target `/Users/ziangwang/Sources/vibeos/target/node-runtime/source/node-v24.14.0/out/Release/obj/gen/torque-generated/src/objects/swiss-name-dictionary-tq.inc'
tools/v8_gypfiles/run_torque.target.mk:13: warning: overriding commands for target `/Users/ziangwang/Sources/vibeos/target/node-runtime/source/node-v24.14.0/out/Release/obj/gen/torque-generated/src/objects/synthetic-module-tq.inc'
tools/v8_gypfiles/run_torque.host.mk:13: warning: ignoring old commands for target `/Users/ziangwang/Sources/vibeos/target/node-runtime/source/node-v24.14.0/out/Release/obj/gen/torque-generated/src/objects/synthetic-module-tq.inc'
tools/v8_gypfiles/run_torque.target.mk:13: warning: overriding commands for target `/Users/ziangwang/Sources/vibeos/target/node-runtime/source/node-v24.14.0/out/Release/obj/gen/torque-generated/src/objects/template-objects-tq.inc'
tools/v8_gypfiles/run_torque.host.mk:13: warning: ignoring old commands for target `/Users/ziangwang/Sources/vibeos/target/node-runtime/source/node-v24.14.0/out/Release/obj/gen/torque-generated/src/objects/template-objects-tq.inc'
tools/v8_gypfiles/run_torque.target.mk:13: warning: overriding commands for target `/Users/ziangwang/Sources/vibeos/target/node-runtime/source/node-v24.14.0/out/Release/obj/gen/torque-generated/src/objects/templates-tq.inc'
tools/v8_gypfiles/run_torque.host.mk:13: warning: ignoring old commands for target `/Users/ziangwang/Sources/vibeos/target/node-runtime/source/node-v24.14.0/out/Release/obj/gen/torque-generated/src/objects/templates-tq.inc'
tools/v8_gypfiles/run_torque.target.mk:13: warning: overriding commands for target `/Users/ziangwang/Sources/vibeos/target/node-runtime/source/node-v24.14.0/out/Release/obj/gen/torque-generated/src/objects/torque-defined-classes-tq.inc'
tools/v8_gypfiles/run_torque.host.mk:13: warning: ignoring old commands for target `/Users/ziangwang/Sources/vibeos/target/node-runtime/source/node-v24.14.0/out/Release/obj/gen/torque-generated/src/objects/torque-defined-classes-tq.inc'
tools/v8_gypfiles/run_torque.target.mk:13: warning: overriding commands for target `/Users/ziangwang/Sources/vibeos/target/node-runtime/source/node-v24.14.0/out/Release/obj/gen/torque-generated/src/objects/turbofan-types-tq.inc'
tools/v8_gypfiles/run_torque.host.mk:13: warning: ignoring old commands for target `/Users/ziangwang/Sources/vibeos/target/node-runtime/source/node-v24.14.0/out/Release/obj/gen/torque-generated/src/objects/turbofan-types-tq.inc'
tools/v8_gypfiles/run_torque.target.mk:13: warning: overriding commands for target `/Users/ziangwang/Sources/vibeos/target/node-runtime/source/node-v24.14.0/out/Release/obj/gen/torque-generated/src/objects/turboshaft-types-tq.inc'
tools/v8_gypfiles/run_torque.host.mk:13: warning: ignoring old commands for target `/Users/ziangwang/Sources/vibeos/target/node-runtime/source/node-v24.14.0/out/Release/obj/gen/torque-generated/src/objects/turboshaft-types-tq.inc'
tools/v8_gypfiles/run_torque.target.mk:13: warning: overriding commands for target `/Users/ziangwang/Sources/vibeos/target/node-runtime/source/node-v24.14.0/out/Release/obj/gen/torque-generated/test/torque/test-torque-tq.inc'
tools/v8_gypfiles/run_torque.host.mk:13: warning: ignoring old commands for target `/Users/ziangwang/Sources/vibeos/target/node-runtime/source/node-v24.14.0/out/Release/obj/gen/torque-generated/test/torque/test-torque-tq.inc'
tools/v8_gypfiles/run_torque.target.mk:13: warning: overriding commands for target `/Users/ziangwang/Sources/vibeos/target/node-runtime/source/node-v24.14.0/out/Release/obj/gen/torque-generated/third_party/v8/builtins/array-sort-tq.inc'
tools/v8_gypfiles/run_torque.host.mk:13: warning: ignoring old commands for target `/Users/ziangwang/Sources/vibeos/target/node-runtime/source/node-v24.14.0/out/Release/obj/gen/torque-generated/third_party/v8/builtins/array-sort-tq.inc'
tools/v8_gypfiles/v8_inspector_headers.target.mk:13: warning: overriding commands for target `/Users/ziangwang/Sources/vibeos/target/node-runtime/source/node-v24.14.0/out/Release/obj/gen/inspector-generated-output-root/src/js_protocol.stamp'
tools/v8_gypfiles/v8_inspector_headers.host.mk:13: warning: ignoring old commands for target `/Users/ziangwang/Sources/vibeos/target/node-runtime/source/node-v24.14.0/out/Release/obj/gen/inspector-generated-output-root/src/js_protocol.stamp'
tools/v8_gypfiles/v8_inspector_headers.target.mk:26: warning: overriding commands for target `/Users/ziangwang/Sources/vibeos/target/node-runtime/source/node-v24.14.0/out/Release/obj/gen/inspector-generated-output-root/src/inspector/protocol/Forward.h'
tools/v8_gypfiles/v8_inspector_headers.host.mk:26: warning: ignoring old commands for target `/Users/ziangwang/Sources/vibeos/target/node-runtime/source/node-v24.14.0/out/Release/obj/gen/inspector-generated-output-root/src/inspector/protocol/Forward.h'
tools/v8_gypfiles/v8_inspector_headers.target.mk:26: warning: overriding commands for target `/Users/ziangwang/Sources/vibeos/target/node-runtime/source/node-v24.14.0/out/Release/obj/gen/inspector-generated-output-root/src/inspector/protocol/Protocol.cpp'
tools/v8_gypfiles/v8_inspector_headers.host.mk:26: warning: ignoring old commands for target `/Users/ziangwang/Sources/vibeos/target/node-runtime/source/node-v24.14.0/out/Release/obj/gen/inspector-generated-output-root/src/inspector/protocol/Protocol.cpp'
tools/v8_gypfiles/v8_inspector_headers.target.mk:26: warning: overriding commands for target `/Users/ziangwang/Sources/vibeos/target/node-runtime/source/node-v24.14.0/out/Release/obj/gen/inspector-generated-output-root/src/inspector/protocol/Protocol.h'
tools/v8_gypfiles/v8_inspector_headers.host.mk:26: warning: ignoring old commands for target `/Users/ziangwang/Sources/vibeos/target/node-runtime/source/node-v24.14.0/out/Release/obj/gen/inspector-generated-output-root/src/inspector/protocol/Protocol.h'
tools/v8_gypfiles/v8_inspector_headers.target.mk:26: warning: overriding commands for target `/Users/ziangwang/Sources/vibeos/target/node-runtime/source/node-v24.14.0/out/Release/obj/gen/inspector-generated-output-root/src/inspector/protocol/Console.cpp'
tools/v8_gypfiles/v8_inspector_headers.host.mk:26: warning: ignoring old commands for target `/Users/ziangwang/Sources/vibeos/target/node-runtime/source/node-v24.14.0/out/Release/obj/gen/inspector-generated-output-root/src/inspector/protocol/Console.cpp'
tools/v8_gypfiles/v8_inspector_headers.target.mk:26: warning: overriding commands for target `/Users/ziangwang/Sources/vibeos/target/node-runtime/source/node-v24.14.0/out/Release/obj/gen/inspector-generated-output-root/src/inspector/protocol/Console.h'
tools/v8_gypfiles/v8_inspector_headers.host.mk:26: warning: ignoring old commands for target `/Users/ziangwang/Sources/vibeos/target/node-runtime/source/node-v24.14.0/out/Release/obj/gen/inspector-generated-output-root/src/inspector/protocol/Console.h'
tools/v8_gypfiles/v8_inspector_headers.target.mk:26: warning: overriding commands for target `/Users/ziangwang/Sources/vibeos/target/node-runtime/source/node-v24.14.0/out/Release/obj/gen/inspector-generated-output-root/src/inspector/protocol/Debugger.cpp'
tools/v8_gypfiles/v8_inspector_headers.host.mk:26: warning: ignoring old commands for target `/Users/ziangwang/Sources/vibeos/target/node-runtime/source/node-v24.14.0/out/Release/obj/gen/inspector-generated-output-root/src/inspector/protocol/Debugger.cpp'
tools/v8_gypfiles/v8_inspector_headers.target.mk:26: warning: overriding commands for target `/Users/ziangwang/Sources/vibeos/target/node-runtime/source/node-v24.14.0/out/Release/obj/gen/inspector-generated-output-root/src/inspector/protocol/Debugger.h'
tools/v8_gypfiles/v8_inspector_headers.host.mk:26: warning: ignoring old commands for target `/Users/ziangwang/Sources/vibeos/target/node-runtime/source/node-v24.14.0/out/Release/obj/gen/inspector-generated-output-root/src/inspector/protocol/Debugger.h'
tools/v8_gypfiles/v8_inspector_headers.target.mk:26: warning: overriding commands for target `/Users/ziangwang/Sources/vibeos/target/node-runtime/source/node-v24.14.0/out/Release/obj/gen/inspector-generated-output-root/src/inspector/protocol/HeapProfiler.cpp'
tools/v8_gypfiles/v8_inspector_headers.host.mk:26: warning: ignoring old commands for target `/Users/ziangwang/Sources/vibeos/target/node-runtime/source/node-v24.14.0/out/Release/obj/gen/inspector-generated-output-root/src/inspector/protocol/HeapProfiler.cpp'
tools/v8_gypfiles/v8_inspector_headers.target.mk:26: warning: overriding commands for target `/Users/ziangwang/Sources/vibeos/target/node-runtime/source/node-v24.14.0/out/Release/obj/gen/inspector-generated-output-root/src/inspector/protocol/HeapProfiler.h'
tools/v8_gypfiles/v8_inspector_headers.host.mk:26: warning: ignoring old commands for target `/Users/ziangwang/Sources/vibeos/target/node-runtime/source/node-v24.14.0/out/Release/obj/gen/inspector-generated-output-root/src/inspector/protocol/HeapProfiler.h'
tools/v8_gypfiles/v8_inspector_headers.target.mk:26: warning: overriding commands for target `/Users/ziangwang/Sources/vibeos/target/node-runtime/source/node-v24.14.0/out/Release/obj/gen/inspector-generated-output-root/src/inspector/protocol/Profiler.cpp'
tools/v8_gypfiles/v8_inspector_headers.host.mk:26: warning: ignoring old commands for target `/Users/ziangwang/Sources/vibeos/target/node-runtime/source/node-v24.14.0/out/Release/obj/gen/inspector-generated-output-root/src/inspector/protocol/Profiler.cpp'
tools/v8_gypfiles/v8_inspector_headers.target.mk:26: warning: overriding commands for target `/Users/ziangwang/Sources/vibeos/target/node-runtime/source/node-v24.14.0/out/Release/obj/gen/inspector-generated-output-root/src/inspector/protocol/Profiler.h'
tools/v8_gypfiles/v8_inspector_headers.host.mk:26: warning: ignoring old commands for target `/Users/ziangwang/Sources/vibeos/target/node-runtime/source/node-v24.14.0/out/Release/obj/gen/inspector-generated-output-root/src/inspector/protocol/Profiler.h'
tools/v8_gypfiles/v8_inspector_headers.target.mk:26: warning: overriding commands for target `/Users/ziangwang/Sources/vibeos/target/node-runtime/source/node-v24.14.0/out/Release/obj/gen/inspector-generated-output-root/src/inspector/protocol/Runtime.cpp'
tools/v8_gypfiles/v8_inspector_headers.host.mk:26: warning: ignoring old commands for target `/Users/ziangwang/Sources/vibeos/target/node-runtime/source/node-v24.14.0/out/Release/obj/gen/inspector-generated-output-root/src/inspector/protocol/Runtime.cpp'
tools/v8_gypfiles/v8_inspector_headers.target.mk:26: warning: overriding commands for target `/Users/ziangwang/Sources/vibeos/target/node-runtime/source/node-v24.14.0/out/Release/obj/gen/inspector-generated-output-root/src/inspector/protocol/Runtime.h'
tools/v8_gypfiles/v8_inspector_headers.host.mk:26: warning: ignoring old commands for target `/Users/ziangwang/Sources/vibeos/target/node-runtime/source/node-v24.14.0/out/Release/obj/gen/inspector-generated-output-root/src/inspector/protocol/Runtime.h'
tools/v8_gypfiles/v8_inspector_headers.target.mk:26: warning: overriding commands for target `/Users/ziangwang/Sources/vibeos/target/node-runtime/source/node-v24.14.0/out/Release/obj/gen/inspector-generated-output-root/src/inspector/protocol/Schema.cpp'
tools/v8_gypfiles/v8_inspector_headers.host.mk:26: warning: ignoring old commands for target `/Users/ziangwang/Sources/vibeos/target/node-runtime/source/node-v24.14.0/out/Release/obj/gen/inspector-generated-output-root/src/inspector/protocol/Schema.cpp'
tools/v8_gypfiles/v8_inspector_headers.target.mk:26: warning: overriding commands for target `/Users/ziangwang/Sources/vibeos/target/node-runtime/source/node-v24.14.0/out/Release/obj/gen/inspector-generated-output-root/src/inspector/protocol/Schema.h'
tools/v8_gypfiles/v8_inspector_headers.host.mk:26: warning: ignoring old commands for target `/Users/ziangwang/Sources/vibeos/target/node-runtime/source/node-v24.14.0/out/Release/obj/gen/inspector-generated-output-root/src/inspector/protocol/Schema.h'
tools/v8_gypfiles/v8_inspector_headers.target.mk:26: warning: overriding commands for target `/Users/ziangwang/Sources/vibeos/target/node-runtime/source/node-v24.14.0/out/Release/obj/gen/inspector-generated-output-root/include/inspector/Debugger.h'
tools/v8_gypfiles/v8_inspector_headers.host.mk:26: warning: ignoring old commands for target `/Users/ziangwang/Sources/vibeos/target/node-runtime/source/node-v24.14.0/out/Release/obj/gen/inspector-generated-output-root/include/inspector/Debugger.h'
tools/v8_gypfiles/v8_inspector_headers.target.mk:26: warning: overriding commands for target `/Users/ziangwang/Sources/vibeos/target/node-runtime/source/node-v24.14.0/out/Release/obj/gen/inspector-generated-output-root/include/inspector/Runtime.h'
tools/v8_gypfiles/v8_inspector_headers.host.mk:26: warning: ignoring old commands for target `/Users/ziangwang/Sources/vibeos/target/node-runtime/source/node-v24.14.0/out/Release/obj/gen/inspector-generated-output-root/include/inspector/Runtime.h'
tools/v8_gypfiles/v8_inspector_headers.target.mk:26: warning: overriding commands for target `/Users/ziangwang/Sources/vibeos/target/node-runtime/source/node-v24.14.0/out/Release/obj/gen/inspector-generated-output-root/include/inspector/Schema.h'
tools/v8_gypfiles/v8_inspector_headers.host.mk:26: warning: ignoring old commands for target `/Users/ziangwang/Sources/vibeos/target/node-runtime/source/node-v24.14.0/out/Release/obj/gen/inspector-generated-output-root/include/inspector/Schema.h'
  TOUCH 14ea54a8e4588c4f2f3c68933e0e602864bcd661d5f619e09d0f32ef6fdc4abf.intermediate
  TOUCH 8a9b8676d1fa7c04ab11ddafef1d4e3eaba00563dffb22ecf11dab6c2c52f575.intermediate
  ACTION tools_v8_gypfiles_v8_gyp_run_torque_target_run_torque_action 14ea54a8e4588c4f2f3c68933e0e602864bcd661d5f619e09d0f32ef6fdc4abf.intermediate
  ACTION tools_v8_gypfiles_v8_gyp_run_torque_host_run_torque_action 8a9b8676d1fa7c04ab11ddafef1d4e3eaba00563dffb22ecf11dab6c2c52f575.intermediate
  TOUCH 8b873f8e0045dc2991ac1d973253e7cb39dcee117699b45f959f1f0dcab1e240.intermediate
  TOUCH 28641945347e46351a34c23e32b37882555d546709edd19b65ffd43ac7fa7bc4.intermediate
  ACTION Generating inspector protocol sources from protocol json 8b873f8e0045dc2991ac1d973253e7cb39dcee117699b45f959f1f0dcab1e240.intermediate
  ACTION Generating inspector protocol sources from protocol json 28641945347e46351a34c23e32b37882555d546709edd19b65ffd43ac7fa7bc4.intermediate
  CXX(target) /Users/ziangwang/Sources/vibeos/target/node-runtime/source/node-v24.14.0/out/Release/obj.target/v8_base_without_compiler/deps/v8/src/codegen/riscv/macro-assembler-riscv.o
rm 8a9b8676d1fa7c04ab11ddafef1d4e3eaba00563dffb22ecf11dab6c2c52f575.intermediate 8b873f8e0045dc2991ac1d973253e7cb39dcee117699b45f959f1f0dcab1e240.intermediate 14ea54a8e4588c4f2f3c68933e0e602864bcd661d5f619e09d0f32ef6fdc4abf.intermediate 28641945347e46351a34c23e32b37882555d546709edd19b65ffd43ac7fa7bc4.intermediate
